benchmark;train_limit;model;img_aupr_pvalue;img_aupr_galad_better;img_aupr_sig;img_auroc_pvalue;img_auroc_galad_better;img_auroc_sig;tpr_tnr95_pvalue;tpr_tnr95_galad_better;tpr_tnr95_sig;auspro_pvalue;auspro_galad_better;auspro_sig
MVTec AD;5;padim;1.6952284817582913e-14;True;***;3.713796874814341e-15;True;***;5.4723714788235456e-17;True;***;5.415188836894217e-19;True;***
MVTec AD;5;patchcore;0.027583275726084794;True;*;0.02943620798738561;True;*;0.02776902784096217;True;*;3.362929484897598e-08;True;***
MVTec AD;5;dinomaly;0.8796202815955123;True;;0.989768360711824;False;;0.2755758600368706;False;;0.008172486376031409;True;**
MVTec AD;5;reverse_distillation;0.02399665988429923;True;*;0.022683904880570625;True;*;0.04610231210811061;True;*;1.1456073237616474e-08;True;***
MVTec AD;10;padim;9.325996221909127e-16;True;***;5.931588109898195e-16;True;***;2.276532833388893e-16;True;***;2.4808896246072984e-17;True;***
MVTec AD;10;patchcore;0.014068563942929374;True;*;0.019507497445807022;True;*;0.038857482492161685;True;*;1.2891022680693664e-07;True;***
MVTec AD;10;dinomaly;0.11660229293453127;True;;0.12387049945545295;True;;0.6049588618475845;True;;9.425896386936788e-05;True;***
MVTec AD;10;reverse_distillation;0.01921195269280172;True;*;0.020708602252952426;True;*;0.05986288626257505;True;;5.851422895347965e-10;True;***
MVTec AD;20;padim;2.1965080482583076e-18;True;***;2.803353788094874e-18;True;***;8.109452787558473e-20;True;***;4.051225251769561e-18;True;***
MVTec AD;20;patchcore;0.007875737412281106;True;**;0.01138988893358376;True;*;0.03884015469174198;True;*;3.6656628156402954e-07;True;***
MVTec AD;20;dinomaly;0.042897381311545406;True;*;0.03639074234869171;True;*;0.32031914781378;True;;9.685647358547944e-05;True;***
MVTec AD;20;reverse_distillation;0.008352222203060403;True;**;0.008665310235383703;True;**;0.018515524943332782;True;*;1.134239017838648e-09;True;***
MVTec AD;2;patchcore;0.5794199614345774;True;;0.2954015612770633;True;;0.1567388599567483;True;;5.865049542009571e-07;True;***
MVTec AD;2;reverse_distillation;0.4332125878773462;True;;0.19789314854685938;True;;0.20836429963955197;True;;2.267931453682916e-05;True;***
MVTec LOCO;5;padim;1.9022518779939334e-07;True;***;9.413024142032596e-10;True;***;4.463130544141752e-07;True;***;5.775431405150225e-14;True;***
MVTec LOCO;5;patchcore;0.1112029581803498;True;;0.024502984676391313;True;*;0.006294870342503283;True;**;6.583570027351814e-05;True;***
MVTec LOCO;5;dinomaly;0.19594165850621403;True;;0.05360287973036047;True;;0.05342388262585861;True;;2.447798475614082e-10;True;***
MVTec LOCO;5;reverse_distillation;0.04342001629351599;True;*;0.0025418618364572046;True;**;0.00251188220743086;True;**;2.0940660746497826e-05;True;***
MVTec LOCO;10;padim;3.7572965222066473e-07;True;***;1.0277046191637791e-09;True;***;4.5896367023925626e-07;True;***;5.085411216159075e-14;True;***
MVTec LOCO;10;patchcore;0.08704281790226576;True;;0.006669669970665846;True;**;0.003883480591297228;True;**;1.5991527522758649e-06;True;***
MVTec LOCO;10;dinomaly;0.08956214004040089;True;;0.004451934921884148;True;**;0.0045476171322423415;True;**;8.244446813967419e-09;True;***
MVTec LOCO;10;reverse_distillation;0.07502114615283091;True;;0.0027972547526193222;True;**;0.0020508088512625868;True;**;3.94479456890121e-09;True;***
MVTec LOCO;20;padim;8.629491990844977e-08;True;***;1.2667264169488275e-10;True;***;2.8471436128201925e-07;True;***;6.655210219530041e-14;True;***
MVTec LOCO;20;patchcore;0.06373057842979059;True;;0.0015894092794390814;True;**;0.00373150071284922;True;**;2.8918168907657335e-07;True;***
MVTec LOCO;20;dinomaly;0.004982208424197475;True;**;6.145811377975213e-05;True;***;3.766794979110078e-05;True;***;1.5221200007029947e-10;True;***
MVTec LOCO;20;reverse_distillation;0.07096141773946639;True;;0.0009821589360886236;True;***;0.008492662769926574;True;**;8.25141736349675e-11;True;***
MVTec LOCO;2;patchcore;0.3622633918573609;True;;0.21030007410111284;True;;0.16475821113208783;True;;0.3927502146673092;True;
MVTec LOCO;2;reverse_distillation;0.026058880078162202;True;*;0.001554285537989602;True;**;0.003160909681288818;True;**;0.07249083271981027;False;
VisA;5;padim;2.803208172031193e-18;True;***;5.995438634517949e-20;True;***;2.2676441961847975e-21;True;***;1.1503729721386034e-18;True;***
VisA;5;patchcore;0.6637627522367021;True;;0.18323639987390417;True;;0.3810211360806174;True;;1.9704079013964204e-09;True;***
VisA;5;dinomaly;0.9115383232029701;True;;0.5330295013234568;True;;0.7352603041391951;True;;1.2258927731035177e-09;True;***
VisA;5;reverse_distillation;0.045248305891554604;True;*;0.0028058211843784253;True;**;0.006968874111708256;True;**;3.807209643668112e-11;True;***
VisA;10;padim;1.3797445123024447e-16;True;***;1.955392589166238e-18;True;***;2.6520163526617898e-19;True;***;3.704068903115821e-17;True;***
VisA;10;patchcore;0.8019247579004487;True;;0.1603626543173067;True;;0.6764102211980217;True;;3.033230466713297e-10;True;***
VisA;10;dinomaly;0.9669418419518784;False;;0.548891849301179;True;;0.9970348940884272;False;;1.4484747695303336e-05;True;***
VisA;10;reverse_distillation;0.6019647640917252;True;;0.13151306812949912;True;;0.2392523254721942;True;;4.2095331022989965e-09;True;***
VisA;20;padim;6.939835275225003e-17;True;***;1.2516430928025683e-18;True;***;1.576876624983175e-19;True;***;2.381461220318551e-16;True;***
VisA;20;patchcore;0.9087869935972526;True;;0.2050163566288198;True;;0.675362624786763;True;;4.3075422932809226e-11;True;***
VisA;20;dinomaly;0.19461696467448017;True;;0.03730087320437179;True;*;0.23201082470068654;True;;8.747664585289197e-05;True;***
VisA;20;reverse_distillation;0.7690000163153561;True;;0.20533374621361591;True;;0.5335636501337567;True;;1.2721420745397486e-08;True;***
VisA;2;patchcore;0.4481404305692347;False;;0.7568722069068634;False;;0.40073714071661015;False;;4.896212297769725e-09;True;***
VisA;2;reverse_distillation;0.0154770199453113;True;*;0.004953140124761949;True;**;0.004309343476597468;True;**;4.947681326677355e-12;True;***
AutoVI;5;padim;0.1613733772393803;True;;0.00025928307791546343;True;***;0.005660743113030435;True;**;0.06947385027294062;True;
AutoVI;5;patchcore;0.8044060494225854;True;;0.9617952196921624;True;;0.9062443561774796;False;;0.95522603353313;True;
AutoVI;5;dinomaly;0.6199110176698572;True;;0.11495853528911908;True;;0.9673129784589538;True;;0.07854092596320415;True;
AutoVI;5;reverse_distillation;0.9416092675828804;True;;0.9422561953900995;False;;0.7431377037733637;False;;0.7671389955453648;False;
AutoVI;10;padim;0.100246394800979;True;;0.00010336824308304838;True;***;0.0026067834397973744;True;**;0.018854106467439784;True;*
AutoVI;10;patchcore;0.6962161676847125;True;;0.9300496056195864;True;;0.7193552469765851;True;;0.8375692468869402;False;
AutoVI;10;dinomaly;0.4255372234734346;True;;0.029174151165568082;True;*;0.8602447277062175;True;;0.002114335041968616;True;**
AutoVI;10;reverse_distillation;0.7139224578794101;True;;0.6814311207218531;True;;0.9935142240810098;False;;0.880446780509102;False;
AutoVI;20;padim;0.1415145951435183;True;;0.00014432684670456859;True;***;0.014813223238919872;True;*;0.0018639516604222973;True;**
AutoVI;20;patchcore;0.9747257061032527;True;;0.695997632011689;False;;0.5927158411550533;False;;0.5965682432463013;False;
AutoVI;20;dinomaly;0.4706789620418529;True;;0.02423455231140006;True;*;0.8902506789435649;True;;0.0026187423283335906;True;**
AutoVI;20;reverse_distillation;0.8968485459667568;True;;0.7370987327382328;True;;0.7829805551771811;False;;0.9747407101296406;False;
AutoVI;2;patchcore;0.48526015400402656;False;;0.08727103653879545;False;;0.18901725025691282;False;;0.1579815259886412;False;
AutoVI;2;reverse_distillation;0.6148474873022058;False;;0.3489651154815502;False;;0.3309773333929973;False;;0.08810960849839135;False;
BTAD;10;padim;0.013623784398328063;True;*;0.0005737450476231349;True;***;0.0017912052650228493;True;**;0.0017125225400130711;True;**
BTAD;10;patchcore;0.018954261458261627;True;*;0.22334556841319742;True;;0.49139111639372557;True;;0.011702551475188078;True;*
BTAD;10;reverse_distillation;0.4091693534190133;True;;0.3516225984807423;True;;0.6153993268065303;True;;0.19431718990004446;True;
BTAD;10;dinomaly;0.22740163930768117;True;;0.1588158100636547;True;;0.32537551371840245;True;;0.03877731619220047;True;*
BTAD;5;padim;0.014043067569521783;True;*;0.000998525998612631;True;***;0.0013091131209850037;True;**;0.0011883815646396441;True;**
BTAD;5;patchcore;0.025064752064063837;True;*;0.17339949698453724;True;;0.09662062606393262;True;;0.003707499423842919;True;**
BTAD;5;reverse_distillation;0.23213735484310694;True;;0.1888544699817671;True;;0.16227039985162928;True;;0.12065421456642024;True;
BTAD;5;dinomaly;0.004787664455524489;True;**;0.2500014646844888;True;;0.410335161460576;True;;0.24583140263825676;True;
BTAD;20;padim;0.010307227005096876;True;*;4.9268234370503666e-05;True;***;0.00024523665815486277;True;***;0.0006793113036954047;True;***
BTAD;20;patchcore;0.020838107398472232;True;*;0.06530030481083021;True;;0.17067735340232287;True;;0.032188781876273116;True;*
BTAD;20;reverse_distillation;0.40148722115110214;True;;0.36511723130948026;True;;0.5541304002103427;True;;0.19277833057854676;True;
BTAD;20;dinomaly;0.0873555455921278;True;;0.2817471727590428;True;;0.6123861677677063;True;;0.20325477243259388;True;
BTAD;2;patchcore;0.05594157710467218;True;;0.5665502965750037;False;;0.8117626171559061;True;;0.04110607862327226;True;*
BTAD;2;reverse_distillation;0.49557768377620093;False;;0.5550800950326558;False;;0.8861536600372828;False;;0.6294942800668251;True;
GoodsAD;10;padim;4.2786594449617155e-05;True;***;8.989988417028809e-07;True;***;3.316873285840399e-05;True;***;2.293712134818759e-08;True;***
GoodsAD;10;patchcore;0.0018875356249339534;True;**;0.00018950283021873407;True;***;0.00015310086631014434;True;***;5.031005890774944e-06;True;***
GoodsAD;10;reverse_distillation;0.004766059467518287;True;**;0.0016788278165160828;True;**;0.0004910886948519604;True;***;0.01784981510371065;True;*
GoodsAD;10;dinomaly;0.0017026999283707833;True;**;0.00048488582795212456;True;***;0.00012239790177090686;True;***;0.04542002402979804;True;*
GoodsAD;5;padim;0.00010192575657702901;True;***;2.8893205928957403e-07;True;***;2.9539633908771665e-05;True;***;1.1290813342774697e-10;True;***
GoodsAD;5;patchcore;0.0027888671364474033;True;**;3.278914475499021e-05;True;***;0.0017556495165923418;True;**;2.2403517433645643e-08;True;***
GoodsAD;5;reverse_distillation;0.018475732801165063;True;*;0.0023528041884313495;True;**;0.0010343435321244613;True;**;0.0010198405531511672;True;**
GoodsAD;5;dinomaly;0.015848890013548497;True;*;0.008767924381061588;True;**;0.0001698883039058836;True;***;0.018881027823967084;True;*
GoodsAD;20;padim;7.169679771566997e-05;True;***;2.088904272372847e-06;True;***;1.4763593102914066e-05;True;***;3.7071195787842676e-07;True;***
GoodsAD;20;patchcore;0.002458686647542131;True;**;0.0005591924787373082;True;***;0.00010220908813928595;True;***;0.00023347523793402214;True;***
GoodsAD;20;reverse_distillation;0.010799523285486355;True;*;0.005366979781455604;True;**;0.0003515365997751599;True;***;0.022681298300087728;True;*
GoodsAD;20;dinomaly;0.03958492621236917;True;*;0.13914273343131836;True;;9.905181851908725e-05;True;***;0.21317825305102314;False;
GoodsAD;2;patchcore;0.03632936402127104;True;*;0.0002883604792594799;True;***;0.027819770060616054;True;*;6.885178502262974e-05;True;***
GoodsAD;2;reverse_distillation;0.13850368403019112;True;;0.011417618896506688;True;*;0.15385746382392818;True;;0.08201910792750375;True;
