model;metric;N=2;N=5;N=10;N=20
galad;img_aupr;0.754 ± 0.058;0.794 ± 0.041;0.804 ± 0.032;0.811 ± 0.023
galad;img_auroc;0.730 ± 0.074;0.787 ± 0.040;0.801 ± 0.036;0.812 ± 0.017
galad;tpr_tnr95;0.395 ± 0.104;0.472 ± 0.076;0.498 ± 0.071;0.517 ± 0.045
patchcore;img_aupr;0.744 ± 0.028;0.754 ± 0.029;0.763 ± 0.016;0.773 ± 0.024
patchcore;img_auroc;0.728 ± 0.030;0.744 ± 0.026;0.756 ± 0.020;0.767 ± 0.020
patchcore;tpr_tnr95;0.391 ± 0.075;0.408 ± 0.065;0.429 ± 0.049;0.454 ± 0.072
reverse_distillation;img_aupr;0.735 ± 0.027;0.758 ± 0.051;0.773 ± 0.023;0.785 ± 0.036
reverse_distillation;img_auroc;0.705 ± 0.042;0.733 ± 0.084;0.753 ± 0.027;0.763 ± 0.021
reverse_distillation;tpr_tnr95;0.357 ± 0.048;0.394 ± 0.123;0.433 ± 0.066;0.458 ± 0.065
dinomaly;img_aupr;;0.768 ± 0.034;0.760 ± 0.075;0.767 ± 0.052
dinomaly;img_auroc;;0.747 ± 0.042;0.738 ± 0.078;0.743 ± 0.068
dinomaly;tpr_tnr95;;0.445 ± 0.074;0.443 ± 0.116;0.439 ± 0.097
padim;img_aupr;;0.629 ± 0.044;0.635 ± 0.045;0.639 ± 0.051
padim;img_auroc;;0.580 ± 0.061;0.586 ± 0.063;0.582 ± 0.069
padim;tpr_tnr95;;0.194 ± 0.055;0.206 ± 0.066;0.205 ± 0.076
