timestamp,dataset,n_train,seed,masking,img_ap,img_auroc,aupro_std,pix_auroc,pix_ap
2026-10-04 21:16:05,VisA/candle,2,0,1,0.9417,0.9315,0.9678,0.9910,0.3064
2026-10-04 21:16:15,mvtec_AD/screw,2,0,1,0.9655,0.9051,0.8956,0.9804,0.3778
2026-10-04 21:16:50,mvtec_AD/bottle,1,0,0,0.9992,0.9976,0.9618,0.9895,0.8315
2026-10-04 21:16:50,mvtec_AD/bottle,1,1,0,1.0000,1.0000,0.9671,0.9887,0.8325
2026-10-04 21:16:51,mvtec_AD/bottle,1,2,0,0.9972,0.9913,0.9650,0.9889,0.8262
2026-10-04 21:16:52,mvtec_AD/bottle,1,3,0,1.0000,1.0000,0.9686,0.9905,0.8383
2026-10-04 21:16:52,mvtec_AD/bottle,1,4,0,1.0000,1.0000,0.9686,0.9905,0.8383
2026-10-04 21:16:53,mvtec_AD/bottle,2,0,0,1.0000,1.0000,0.9628,0.9901,0.8357
2026-10-04 21:16:54,mvtec_AD/bottle,2,1,0,1.0000,1.0000,0.9666,0.9895,0.8356
2026-10-04 21:16:55,mvtec_AD/bottle,2,2,0,0.9998,0.9992,0.9657,0.9908,0.8430
2026-10-04 21:16:56,mvtec_AD/bottle,2,3,0,1.0000,1.0000,0.9667,0.9902,0.8305
2026-10-04 21:16:57,mvtec_AD/bottle,2,4,0,1.0000,1.0000,0.9656,0.9907,0.8390
2026-10-04 21:16:59,mvtec_AD/bottle,4,0,0,1.0000,1.0000,0.9584,0.9908,0.8375
2026-10-04 21:17:01,mvtec_AD/bottle,4,1,0,1.0000,1.0000,0.9677,0.9898,0.8337
2026-10-04 21:17:02,mvtec_AD/bottle,4,2,0,1.0000,1.0000,0.9671,0.9911,0.8416
2026-10-04 21:17:04,mvtec_AD/bottle,4,3,0,1.0000,1.0000,0.9664,0.9905,0.8323
2026-10-04 21:17:05,mvtec_AD/bottle,4,4,0,1.0000,1.0000,0.9658,0.9907,0.8397
2026-10-04 21:17:07,mvtec_AD/bottle,5,0,0,1.0000,1.0000,0.9596,0.9911,0.8388
2026-10-04 21:17:09,mvtec_AD/bottle,5,1,0,1.0000,1.0000,0.9683,0.9901,0.8350
2026-10-04 21:17:11,mvtec_AD/bottle,5,2,0,1.0000,1.0000,0.9676,0.9912,0.8399
2026-10-04 21:17:13,mvtec_AD/bottle,5,3,0,0.9998,0.9992,0.9667,0.9907,0.8347
2026-10-04 21:17:14,mvtec_AD/bottle,5,4,0,1.0000,1.0000,0.9661,0.9908,0.8401
2026-10-04 21:17:26,mvtec_AD/cable,1,0,0,0.9713,0.9442,0.8939,0.9408,0.6333
2026-10-04 21:17:28,mvtec_AD/cable,1,1,0,0.9524,0.9055,0.8593,0.9129,0.6133
2026-10-04 21:17:29,mvtec_AD/cable,1,2,0,0.9566,0.9172,0.8877,0.9361,0.6361
2026-10-04 21:17:30,mvtec_AD/cable,1,3,0,0.9513,0.9033,0.8859,0.9359,0.6296
2026-10-04 21:17:31,mvtec_AD/cable,1,4,0,0.9513,0.9033,0.8859,0.9359,0.6296
2026-10-04 21:17:33,mvtec_AD/cable,2,0,0,0.9670,0.9323,0.8982,0.9471,0.6173
2026-10-04 21:17:34,mvtec_AD/cable,2,1,0,0.9575,0.9179,0.8799,0.9334,0.6174
2026-10-04 21:17:36,mvtec_AD/cable,2,2,0,0.9635,0.9228,0.8935,0.9404,0.6397
2026-10-04 21:17:37,mvtec_AD/cable,2,3,0,0.9485,0.8997,0.8880,0.9434,0.6182
2026-10-04 21:17:39,mvtec_AD/cable,2,4,0,0.9500,0.9076,0.8916,0.9369,0.6165
2026-10-04 21:17:41,mvtec_AD/cable,4,0,0,0.9732,0.9455,0.9028,0.9488,0.6298
2026-10-04 21:17:43,mvtec_AD/cable,4,1,0,0.9710,0.9398,0.8942,0.9439,0.6350
2026-10-04 21:17:45,mvtec_AD/cable,4,2,0,0.9716,0.9395,0.9006,0.9438,0.6388
2026-10-04 21:17:47,mvtec_AD/cable,4,3,0,0.9699,0.9370,0.8988,0.9459,0.6311
2026-10-04 21:17:49,mvtec_AD/cable,4,4,0,0.9698,0.9412,0.8978,0.9393,0.6238
2026-10-04 21:17:52,mvtec_AD/cable,5,0,0,0.9749,0.9485,0.9033,0.9501,0.6263
2026-10-04 21:17:54,mvtec_AD/cable,5,1,0,0.9744,0.9492,0.8990,0.9470,0.6348
2026-10-04 21:17:57,mvtec_AD/cable,5,2,0,0.9695,0.9348,0.9040,0.9456,0.6422
2026-10-04 21:17:59,mvtec_AD/cable,5,3,0,0.9676,0.9344,0.8940,0.9429,0.6260
2026-10-04 21:18:02,mvtec_AD/cable,5,4,0,0.9694,0.9398,0.9009,0.9440,0.6146
2026-10-04 21:18:14,mvtec_AD/capsule,1,0,1,0.9694,0.8807,0.9559,0.9870,0.5029
2026-10-04 21:18:15,mvtec_AD/capsule,1,1,1,0.9558,0.8209,0.9481,0.9824,0.4078
2026-10-04 21:18:16,mvtec_AD/capsule,1,2,1,0.9581,0.8369,0.9523,0.9851,0.4859
2026-10-04 21:18:17,mvtec_AD/capsule,1,3,1,0.9843,0.9330,0.9547,0.9853,0.5118
2026-10-04 21:18:18,mvtec_AD/capsule,1,4,1,0.9843,0.9330,0.9547,0.9853,0.5118
2026-10-04 21:18:20,mvtec_AD/capsule,2,0,1,0.9743,0.9031,0.9597,0.9870,0.5030
2026-10-04 21:18:21,mvtec_AD/capsule,2,1,1,0.9559,0.8181,0.9510,0.9829,0.4063
2026-10-04 21:18:23,mvtec_AD/capsule,2,2,1,0.9869,0.9438,0.9624,0.9883,0.5270
2026-10-04 21:18:24,mvtec_AD/capsule,2,3,1,0.9792,0.9138,0.9592,0.9864,0.5092
2026-10-04 21:18:26,mvtec_AD/capsule,2,4,1,0.9869,0.9446,0.9607,0.9870,0.5286
2026-10-04 21:18:28,mvtec_AD/capsule,4,0,1,0.9791,0.9194,0.9639,0.9887,0.5233
2026-10-04 21:18:30,mvtec_AD/capsule,4,1,1,0.9867,0.9430,0.9656,0.9886,0.5205
2026-10-04 21:18:32,mvtec_AD/capsule,4,2,1,0.9876,0.9485,0.9651,0.9887,0.5344
2026-10-04 21:18:34,mvtec_AD/capsule,4,3,1,0.9857,0.9410,0.9627,0.9880,0.5245
2026-10-04 21:18:36,mvtec_AD/capsule,4,4,1,0.9887,0.9549,0.9654,0.9893,0.5395
2026-10-04 21:18:39,mvtec_AD/capsule,5,0,1,0.9813,0.9282,0.9642,0.9893,0.5278
2026-10-04 21:18:41,mvtec_AD/capsule,5,1,1,0.9869,0.9434,0.9658,0.9887,0.5221
2026-10-04 21:18:44,mvtec_AD/capsule,5,2,1,0.9861,0.9430,0.9658,0.9890,0.5346
2026-10-04 21:18:46,mvtec_AD/capsule,5,3,1,0.9898,0.9573,0.9633,0.9882,0.5260
2026-10-04 21:18:49,mvtec_AD/capsule,5,4,1,0.9890,0.9541,0.9659,0.9894,0.5420
2026-10-04 21:18:59,mvtec_AD/carpet,1,0,0,1.0000,1.0000,0.9802,0.9920,0.5825
2026-10-04 21:19:00,mvtec_AD/carpet,1,1,0,1.0000,1.0000,0.9813,0.9922,0.5982
2026-10-04 21:19:01,mvtec_AD/carpet,1,2,0,1.0000,1.0000,0.9816,0.9925,0.6092
2026-10-04 21:19:02,mvtec_AD/carpet,1,3,0,1.0000,1.0000,0.9772,0.9918,0.5780
2026-10-04 21:19:03,mvtec_AD/carpet,1,4,0,0.9991,0.9968,0.9690,0.9906,0.5273
2026-10-04 21:19:04,mvtec_AD/carpet,2,0,0,1.0000,1.0000,0.9798,0.9920,0.5827
2026-10-04 21:19:05,mvtec_AD/carpet,2,1,0,1.0000,1.0000,0.9813,0.9923,0.5995
2026-10-04 21:19:07,mvtec_AD/carpet,2,2,0,1.0000,1.0000,0.9799,0.9924,0.5992
2026-10-04 21:19:08,mvtec_AD/carpet,2,3,0,1.0000,1.0000,0.9774,0.9919,0.5796
2026-10-04 21:19:10,mvtec_AD/carpet,2,4,0,0.9993,0.9976,0.9695,0.9907,0.5305
2026-10-04 21:19:12,mvtec_AD/carpet,4,0,0,1.0000,1.0000,0.9796,0.9922,0.5866
2026-10-04 21:19:14,mvtec_AD/carpet,4,1,0,1.0000,1.0000,0.9812,0.9924,0.6009
2026-10-04 21:19:16,mvtec_AD/carpet,4,2,0,1.0000,1.0000,0.9796,0.9924,0.5992
2026-10-04 21:19:18,mvtec_AD/carpet,4,3,0,1.0000,1.0000,0.9769,0.9912,0.5617
2026-10-04 21:19:20,mvtec_AD/carpet,4,4,0,0.9993,0.9976,0.9708,0.9912,0.5453
2026-10-04 21:19:23,mvtec_AD/carpet,5,0,0,1.0000,1.0000,0.9795,0.9922,0.5860
2026-10-04 21:19:25,mvtec_AD/carpet,5,1,0,1.0000,1.0000,0.9811,0.9924,0.5998
2026-10-04 21:19:28,mvtec_AD/carpet,5,2,0,1.0000,1.0000,0.9792,0.9923,0.5936
2026-10-04 21:19:30,mvtec_AD/carpet,5,3,0,1.0000,1.0000,0.9770,0.9912,0.5610
2026-10-04 21:19:32,mvtec_AD/carpet,5,4,0,0.9994,0.9980,0.9711,0.9913,0.5464
2026-10-04 21:19:37,mvtec_AD/grid,1,0,0,0.9640,0.9114,0.9366,0.9879,0.3628
2026-10-04 21:19:38,mvtec_AD/grid,1,1,0,0.9951,0.9850,0.9574,0.9913,0.4010
2026-10-04 21:19:39,mvtec_AD/grid,1,2,0,0.9991,0.9975,0.9536,0.9911,0.4119
2026-10-04 21:19:39,mvtec_AD/grid,1,3,0,0.9898,0.9683,0.9551,0.9907,0.4201
2026-10-04 21:19:40,mvtec_AD/grid,1,4,0,0.9981,0.9942,0.9598,0.9918,0.4152
2026-10-04 21:19:41,mvtec_AD/grid,2,0,0,0.9950,0.9841,0.9513,0.9905,0.3855
2026-10-04 21:19:42,mvtec_AD/grid,2,1,0,0.9994,0.9983,0.9625,0.9924,0.4190
2026-10-04 21:19:43,mvtec_AD/grid,2,2,0,1.0000,1.0000,0.9444,0.9891,0.3734
2026-10-04 21:19:44,mvtec_AD/grid,2,3,0,0.9969,0.9900,0.9567,0.9914,0.4238
2026-10-04 21:19:45,mvtec_AD/grid,2,4,0,0.9991,0.9975,0.9617,0.9921,0.4178
2026-10-04 21:19:47,mvtec_AD/grid,4,0,0,0.9953,0.9850,0.9524,0.9906,0.3850
2026-10-04 21:19:49,mvtec_AD/grid,4,1,0,1.0000,1.0000,0.9592,0.9917,0.4105
2026-10-04 21:19:50,mvtec_AD/grid,4,2,0,1.0000,1.0000,0.9538,0.9905,0.3781
2026-10-04 21:19:52,mvtec_AD/grid,4,3,0,0.9988,0.9967,0.9553,0.9912,0.4048
2026-10-04 21:19:54,mvtec_AD/grid,4,4,0,0.9997,0.9992,0.9612,0.9922,0.4180
2026-10-04 21:19:56,mvtec_AD/grid,5,0,0,0.9978,0.9933,0.9525,0.9907,0.3867
2026-10-04 21:19:58,mvtec_AD/grid,5,1,0,1.0000,1.0000,0.9584,0.9916,0.4109
2026-10-04 21:20:00,mvtec_AD/grid,5,2,0,1.0000,1.0000,0.9542,0.9905,0.3764
2026-10-04 21:20:02,mvtec_AD/grid,5,3,0,0.9994,0.9983,0.9537,0.9903,0.3825
2026-10-04 21:20:04,mvtec_AD/grid,5,4,0,1.0000,1.0000,0.9610,0.9921,0.4168
2026-10-04 21:20:14,mvtec_AD/hazelnut,1,0,1,0.9996,0.9993,0.9672,0.9952,0.8078
2026-10-04 21:20:15,mvtec_AD/hazelnut,1,1,1,0.9990,0.9982,0.9747,0.9958,0.8356
2026-10-04 21:20:16,mvtec_AD/hazelnut,1,2,1,0.9375,0.8971,0.9385,0.9927,0.7905
2026-10-04 21:20:17,mvtec_AD/hazelnut,1,3,1,0.9994,0.9989,0.9697,0.9950,0.8002
2026-10-04 21:20:18,mvtec_AD/hazelnut,1,4,1,1.0000,1.0000,0.9737,0.9958,0.8247
2026-10-04 21:20:20,mvtec_AD/hazelnut,2,0,1,0.9977,0.9954,0.9720,0.9959,0.8307
2026-10-04 21:20:21,mvtec_AD/hazelnut,2,1,1,0.9996,0.9993,0.9773,0.9962,0.8494
2026-10-04 21:20:22,mvtec_AD/hazelnut,2,2,1,0.9934,0.9882,0.9633,0.9951,0.8191
2026-10-04 21:20:24,mvtec_AD/hazelnut,2,3,1,1.0000,1.0000,0.9765,0.9957,0.8219
2026-10-04 21:20:25,mvtec_AD/hazelnut,2,4,1,0.9972,0.9946,0.9702,0.9957,0.8250
2026-10-04 21:20:27,mvtec_AD/hazelnut,4,0,1,0.9987,0.9979,0.9694,0.9956,0.8189
2026-10-04 21:20:29,mvtec_AD/hazelnut,4,1,1,0.9998,0.9996,0.9771,0.9963,0.8469
2026-10-04 21:20:31,mvtec_AD/hazelnut,4,2,1,0.9994,0.9989,0.9702,0.9956,0.8283
2026-10-04 21:20:34,mvtec_AD/hazelnut,4,3,1,0.9994,0.9989,0.9759,0.9958,0.8365
2026-10-04 21:20:36,mvtec_AD/hazelnut,4,4,1,1.0000,1.0000,0.9728,0.9958,0.8233
2026-10-04 21:20:38,mvtec_AD/hazelnut,5,0,1,0.9990,0.9982,0.9700,0.9957,0.8236
2026-10-04 21:20:41,mvtec_AD/hazelnut,5,1,1,0.9998,0.9996,0.9744,0.9962,0.8422
2026-10-04 21:20:43,mvtec_AD/hazelnut,5,2,1,0.9994,0.9989,0.9710,0.9957,0.8295
2026-10-04 21:20:46,mvtec_AD/hazelnut,5,3,1,0.9996,0.9993,0.9764,0.9958,0.8356
2026-10-04 21:20:48,mvtec_AD/hazelnut,5,4,1,1.0000,1.0000,0.9735,0.9959,0.8242
2026-10-04 21:20:59,mvtec_AD/leather,1,0,0,1.0000,1.0000,0.9759,0.9899,0.3141
2026-10-04 21:21:00,mvtec_AD/leather,1,1,0,1.0000,1.0000,0.9749,0.9889,0.2953
2026-10-04 21:21:02,mvtec_AD/leather,1,2,0,1.0000,1.0000,0.9777,0.9897,0.3257
2026-10-04 21:21:03,mvtec_AD/leather,1,3,0,1.0000,1.0000,0.9717,0.9894,0.3183
2026-10-04 21:21:04,mvtec_AD/leather,1,4,0,1.0000,1.0000,0.9717,0.9894,0.3183
2026-10-04 21:21:05,mvtec_AD/leather,2,0,0,1.0000,1.0000,0.9724,0.9902,0.3379
2026-10-04 21:21:07,mvtec_AD/leather,2,1,0,1.0000,1.0000,0.9755,0.9892,0.3034
2026-10-04 21:21:08,mvtec_AD/leather,2,2,0,1.0000,1.0000,0.9763,0.9887,0.3148
2026-10-04 21:21:09,mvtec_AD/leather,2,3,0,1.0000,1.0000,0.9715,0.9889,0.3070
2026-10-04 21:21:11,mvtec_AD/leather,2,4,0,1.0000,1.0000,0.9716,0.9892,0.3124
2026-10-04 21:21:13,mvtec_AD/leather,4,0,0,1.0000,1.0000,0.9723,0.9894,0.3269
2026-10-04 21:21:15,mvtec_AD/leather,4,1,0,1.0000,1.0000,0.9747,0.9891,0.3016
2026-10-04 21:21:17,mvtec_AD/leather,4,2,0,1.0000,1.0000,0.9725,0.9882,0.3010
2026-10-04 21:21:20,mvtec_AD/leather,4,3,0,1.0000,1.0000,0.9737,0.9897,0.3231
2026-10-04 21:21:22,mvtec_AD/leather,4,4,0,1.0000,1.0000,0.9690,0.9887,0.2865
2026-10-04 21:21:25,mvtec_AD/leather,5,0,0,1.0000,1.0000,0.9717,0.9891,0.3196
2026-10-04 21:21:28,mvtec_AD/leather,5,1,0,1.0000,1.0000,0.9736,0.9883,0.2923
2026-10-04 21:21:30,mvtec_AD/leather,5,2,0,1.0000,1.0000,0.9727,0.9881,0.2986
2026-10-04 21:21:34,mvtec_AD/leather,5,3,0,1.0000,1.0000,0.9727,0.9894,0.3183
2026-10-04 21:21:37,mvtec_AD/leather,5,4,0,1.0000,1.0000,0.9694,0.9885,0.2857
2026-10-04 21:21:44,mvtec_AD/metal_nut,1,0,0,0.9997,0.9985,0.9361,0.9610,0.6987
2026-10-04 21:21:45,mvtec_AD/metal_nut,1,1,0,0.9998,0.9990,0.9477,0.9694,0.7469
2026-10-04 21:21:47,mvtec_AD/metal_nut,1,2,0,0.9983,0.9927,0.9309,0.9578,0.6845
2026-10-04 21:21:48,mvtec_AD/metal_nut,1,3,0,1.0000,1.0000,0.9424,0.9658,0.7294
2026-10-04 21:21:49,mvtec_AD/metal_nut,1,4,0,1.0000,1.0000,0.9424,0.9658,0.7294
2026-10-04 21:21:51,mvtec_AD/metal_nut,2,0,0,0.9999,0.9995,0.9488,0.9720,0.7445
2026-10-04 21:21:52,mvtec_AD/metal_nut,2,1,0,0.9998,0.9990,0.9480,0.9682,0.7270
2026-10-04 21:21:54,mvtec_AD/metal_nut,2,2,0,0.9998,0.9990,0.9388,0.9597,0.6931
2026-10-04 21:21:55,mvtec_AD/metal_nut,2,3,0,1.0000,1.0000,0.9462,0.9673,0.7395
2026-10-04 21:21:56,mvtec_AD/metal_nut,2,4,0,1.0000,1.0000,0.9530,0.9745,0.7665
2026-10-04 21:21:58,mvtec_AD/metal_nut,4,0,0,1.0000,1.0000,0.9539,0.9762,0.7689
2026-10-04 21:22:00,mvtec_AD/metal_nut,4,1,0,1.0000,1.0000,0.9527,0.9738,0.7533
2026-10-04 21:22:02,mvtec_AD/metal_nut,4,2,0,0.9999,0.9995,0.9483,0.9684,0.7350
2026-10-04 21:22:04,mvtec_AD/metal_nut,4,3,0,0.9999,0.9995,0.9531,0.9737,0.7655
2026-10-04 21:22:06,mvtec_AD/metal_nut,4,4,0,1.0000,1.0000,0.9536,0.9738,0.7613
2026-10-04 21:22:08,mvtec_AD/metal_nut,5,0,0,0.9999,0.9995,0.9536,0.9754,0.7636
2026-10-04 21:22:10,mvtec_AD/metal_nut,5,1,0,1.0000,1.0000,0.9530,0.9744,0.7562
2026-10-04 21:22:12,mvtec_AD/metal_nut,5,2,0,0.9999,0.9995,0.9480,0.9670,0.7256
2026-10-04 21:22:15,mvtec_AD/metal_nut,5,3,0,1.0000,1.0000,0.9544,0.9750,0.7733
2026-10-04 21:22:17,mvtec_AD/metal_nut,5,4,0,1.0000,1.0000,0.9541,0.9746,0.7645
2026-10-04 21:22:30,mvtec_AD/pill,1,0,1,0.9866,0.9315,0.9693,0.9734,0.6686
2026-10-04 21:22:31,mvtec_AD/pill,1,1,1,0.9859,0.9326,0.9723,0.9746,0.6854
2026-10-04 21:22:33,mvtec_AD/pill,1,2,1,0.9873,0.9364,0.9686,0.9740,0.6829
2026-10-04 21:22:34,mvtec_AD/pill,1,3,1,0.9759,0.8863,0.9621,0.9706,0.6543
2026-10-04 21:22:36,mvtec_AD/pill,1,4,1,0.9880,0.9389,0.9703,0.9753,0.6907
2026-10-04 21:22:38,mvtec_AD/pill,2,0,1,0.9901,0.9493,0.9706,0.9748,0.6854
2026-10-04 21:22:39,mvtec_AD/pill,2,1,1,0.9903,0.9495,0.9716,0.9756,0.6843
2026-10-04 21:22:41,mvtec_AD/pill,2,2,1,0.9884,0.9424,0.9714,0.9754,0.6997
2026-10-04 21:22:43,mvtec_AD/pill,2,3,1,0.9844,0.9223,0.9687,0.9743,0.6923
2026-10-04 21:22:45,mvtec_AD/pill,2,4,1,0.9940,0.9681,0.9739,0.9784,0.7193
2026-10-04 21:22:47,mvtec_AD/pill,4,0,1,0.9918,0.9583,0.9730,0.9784,0.7097
2026-10-04 21:22:49,mvtec_AD/pill,4,1,1,0.9907,0.9509,0.9721,0.9756,0.6853
2026-10-04 21:22:51,mvtec_AD/pill,4,2,1,0.9905,0.9534,0.9746,0.9771,0.7085
2026-10-04 21:22:54,mvtec_AD/pill,4,3,1,0.9927,0.9604,0.9732,0.9777,0.7138
2026-10-04 21:22:56,mvtec_AD/pill,4,4,1,0.9938,0.9686,0.9723,0.9773,0.7154
2026-10-04 21:22:59,mvtec_AD/pill,5,0,1,0.9913,0.9555,0.9727,0.9789,0.7100
2026-10-04 21:23:02,mvtec_AD/pill,5,1,1,0.9932,0.9632,0.9735,0.9768,0.6893
2026-10-04 21:23:04,mvtec_AD/pill,5,2,1,0.9909,0.9561,0.9758,0.9788,0.7144
2026-10-04 21:23:07,mvtec_AD/pill,5,3,1,0.9932,0.9632,0.9738,0.9778,0.7115
2026-10-04 21:23:10,mvtec_AD/pill,5,4,1,0.9937,0.9681,0.9731,0.9770,0.7051
2026-10-04 21:23:21,mvtec_AD/screw,1,0,1,0.9592,0.9020,0.8687,0.9741,0.3018
2026-10-04 21:23:22,mvtec_AD/screw,1,1,1,0.9307,0.8127,0.8873,0.9778,0.4056
2026-10-04 21:23:24,mvtec_AD/screw,1,2,1,0.9467,0.8619,0.8664,0.9758,0.3559
2026-10-04 21:23:25,mvtec_AD/screw,1,3,1,0.9467,0.8606,0.8701,0.9752,0.3267
2026-10-04 21:23:26,mvtec_AD/screw,1,4,1,0.9584,0.8860,0.8772,0.9779,0.4163
2026-10-04 21:23:28,mvtec_AD/screw,2,1,1,0.9680,0.9049,0.8979,0.9833,0.4299
2026-10-04 21:23:30,mvtec_AD/screw,2,2,1,0.9629,0.9059,0.8797,0.9789,0.3598
2026-10-04 21:23:31,mvtec_AD/screw,2,3,1,0.9676,0.9227,0.8903,0.9801,0.3306
2026-10-04 21:23:33,mvtec_AD/screw,2,4,1,0.9661,0.9113,0.8920,0.9816,0.4009
2026-10-04 21:23:35,mvtec_AD/screw,4,0,1,0.9628,0.9045,0.9089,0.9853,0.3811
2026-10-04 21:23:38,mvtec_AD/screw,4,1,1,0.9624,0.8955,0.9063,0.9862,0.4221
2026-10-04 21:23:40,mvtec_AD/screw,4,2,1,0.9576,0.8947,0.8923,0.9834,0.3685
2026-10-04 21:23:42,mvtec_AD/screw,4,3,1,0.9655,0.9195,0.9009,0.9840,0.3735
2026-10-04 21:23:45,mvtec_AD/screw,4,4,1,0.9634,0.9024,0.8976,0.9831,0.4029
2026-10-04 21:23:47,mvtec_AD/screw,5,0,1,0.9731,0.9209,0.9105,0.9860,0.4179
2026-10-04 21:23:50,mvtec_AD/screw,5,1,1,0.9627,0.8983,0.9124,0.9873,0.4311
2026-10-04 21:23:53,mvtec_AD/screw,5,2,1,0.9594,0.8973,0.8971,0.9845,0.3797
2026-10-04 21:23:55,mvtec_AD/screw,5,3,1,0.9675,0.9229,0.9088,0.9857,0.3794
2026-10-04 21:23:58,mvtec_AD/screw,5,4,1,0.9633,0.9043,0.8942,0.9835,0.3957
2026-10-04 21:24:06,mvtec_AD/tile,1,0,0,1.0000,1.0000,0.8857,0.9593,0.6350
2026-10-04 21:24:08,mvtec_AD/tile,1,1,0,1.0000,1.0000,0.8662,0.9506,0.5797
2026-10-04 21:24:09,mvtec_AD/tile,1,2,0,0.9997,0.9993,0.8735,0.9534,0.6257
2026-10-04 21:24:10,mvtec_AD/tile,1,3,0,1.0000,1.0000,0.8766,0.9543,0.6093
2026-10-04 21:24:11,mvtec_AD/tile,1,4,0,1.0000,1.0000,0.8766,0.9543,0.6093
2026-10-04 21:24:12,mvtec_AD/tile,2,0,0,1.0000,1.0000,0.8794,0.9557,0.6003
2026-10-04 21:24:13,mvtec_AD/tile,2,1,0,1.0000,1.0000,0.8678,0.9515,0.5772
2026-10-04 21:24:15,mvtec_AD/tile,2,2,0,1.0000,1.0000,0.8741,0.9548,0.6255
2026-10-04 21:24:16,mvtec_AD/tile,2,3,0,1.0000,1.0000,0.8769,0.9549,0.6035
2026-10-04 21:24:18,mvtec_AD/tile,2,4,0,1.0000,1.0000,0.8727,0.9528,0.6121
2026-10-04 21:24:19,mvtec_AD/tile,4,0,0,1.0000,1.0000,0.8726,0.9552,0.5995
2026-10-04 21:24:21,mvtec_AD/tile,4,1,0,1.0000,1.0000,0.8697,0.9529,0.5924
2026-10-04 21:24:23,mvtec_AD/tile,4,2,0,1.0000,1.0000,0.8772,0.9555,0.6184
2026-10-04 21:24:25,mvtec_AD/tile,4,3,0,1.0000,1.0000,0.8784,0.9559,0.6060
2026-10-04 21:24:27,mvtec_AD/tile,4,4,0,1.0000,1.0000,0.8778,0.9555,0.6199
2026-10-04 21:24:29,mvtec_AD/tile,5,0,0,1.0000,1.0000,0.8703,0.9549,0.6215
2026-10-04 21:24:32,mvtec_AD/tile,5,1,0,1.0000,1.0000,0.8684,0.9527,0.5940
2026-10-04 21:24:34,mvtec_AD/tile,5,2,0,1.0000,1.0000,0.8784,0.9555,0.6142
2026-10-04 21:24:36,mvtec_AD/tile,5,3,0,1.0000,1.0000,0.8777,0.9561,0.6192
2026-10-04 21:24:38,mvtec_AD/tile,5,4,0,1.0000,1.0000,0.8750,0.9541,0.6169
2026-10-04 21:24:42,mvtec_AD/toothbrush,1,0,1,1.0000,1.0000,0.9587,0.9932,0.6368
2026-10-04 21:24:43,mvtec_AD/toothbrush,1,1,1,1.0000,1.0000,0.9499,0.9919,0.5900
2026-10-04 21:24:44,mvtec_AD/toothbrush,1,2,1,1.0000,1.0000,0.9458,0.9928,0.6262
2026-10-04 21:24:44,mvtec_AD/toothbrush,1,3,1,1.0000,1.0000,0.9505,0.9918,0.5652
2026-10-04 21:24:45,mvtec_AD/toothbrush,1,4,1,1.0000,1.0000,0.9505,0.9918,0.5652
2026-10-04 21:24:46,mvtec_AD/toothbrush,2,0,1,0.9961,0.9889,0.9573,0.9921,0.6097
2026-10-04 21:24:47,mvtec_AD/toothbrush,2,1,1,1.0000,1.0000,0.9619,0.9924,0.5792
2026-10-04 21:24:48,mvtec_AD/toothbrush,2,2,1,0.9989,0.9972,0.9516,0.9933,0.6448
2026-10-04 21:24:48,mvtec_AD/toothbrush,2,3,1,1.0000,1.0000,0.9551,0.9926,0.5787
2026-10-04 21:24:49,mvtec_AD/toothbrush,2,4,1,0.9970,0.9917,0.9454,0.9928,0.6244
2026-10-04 21:24:51,mvtec_AD/toothbrush,4,0,1,0.9959,0.9889,0.9559,0.9931,0.6496
2026-10-04 21:24:52,mvtec_AD/toothbrush,4,1,1,1.0000,1.0000,0.9665,0.9936,0.6274
2026-10-04 21:24:54,mvtec_AD/toothbrush,4,2,1,1.0000,1.0000,0.9608,0.9936,0.6330
2026-10-04 21:24:55,mvtec_AD/toothbrush,4,3,1,1.0000,1.0000,0.9601,0.9925,0.5878
2026-10-04 21:24:57,mvtec_AD/toothbrush,4,4,1,1.0000,1.0000,0.9575,0.9936,0.6310
2026-10-04 21:24:59,mvtec_AD/toothbrush,5,0,1,0.9979,0.9944,0.9548,0.9933,0.6535
2026-10-04 21:25:01,mvtec_AD/toothbrush,5,1,1,1.0000,1.0000,0.9670,0.9936,0.6287
2026-10-04 21:25:02,mvtec_AD/toothbrush,5,2,1,1.0000,1.0000,0.9603,0.9938,0.6406
2026-10-04 21:25:04,mvtec_AD/toothbrush,5,3,1,1.0000,1.0000,0.9578,0.9927,0.6001
2026-10-04 21:25:06,mvtec_AD/toothbrush,5,4,1,1.0000,1.0000,0.9590,0.9944,0.6795
2026-10-04 21:25:15,mvtec_AD/transistor,1,0,0,0.7650,0.7996,0.6026,0.7516,0.2615
2026-10-04 21:25:16,mvtec_AD/transistor,1,1,0,0.9002,0.9379,0.7027,0.8803,0.4313
2026-10-04 21:25:17,mvtec_AD/transistor,1,2,0,0.7061,0.7879,0.6386,0.8374,0.3007
2026-10-04 21:25:18,mvtec_AD/transistor,1,3,0,0.8740,0.9108,0.7006,0.8891,0.4298
2026-10-04 21:25:18,mvtec_AD/transistor,1,4,0,0.8740,0.9108,0.7006,0.8891,0.4298
2026-10-04 21:25:20,mvtec_AD/transistor,2,0,0,0.7722,0.8254,0.6389,0.7909,0.3018
2026-10-04 21:25:21,mvtec_AD/transistor,2,1,0,0.8778,0.9175,0.6862,0.8585,0.3608
2026-10-04 21:25:22,mvtec_AD/transistor,2,2,0,0.8846,0.9204,0.6988,0.8829,0.3975
2026-10-04 21:25:24,mvtec_AD/transistor,2,3,0,0.8742,0.9187,0.7106,0.8979,0.4320
2026-10-04 21:25:25,mvtec_AD/transistor,2,4,0,0.9140,0.9371,0.7082,0.8924,0.4356
2026-10-04 21:25:27,mvtec_AD/transistor,4,0,0,0.8469,0.8979,0.6555,0.8154,0.3234
2026-10-04 21:25:29,mvtec_AD/transistor,4,1,0,0.8257,0.8667,0.7049,0.8869,0.4072
2026-10-04 21:25:31,mvtec_AD/transistor,4,2,0,0.8958,0.9333,0.7205,0.9100,0.4427
2026-10-04 21:25:33,mvtec_AD/transistor,4,3,0,0.8756,0.9296,0.7324,0.9154,0.4585
2026-10-04 21:25:35,mvtec_AD/transistor,4,4,0,0.9112,0.9413,0.7235,0.9089,0.4542
2026-10-04 21:25:37,mvtec_AD/transistor,5,0,0,0.8697,0.9171,0.6752,0.8395,0.3493
2026-10-04 21:25:39,mvtec_AD/transistor,5,1,0,0.8852,0.9133,0.7142,0.8956,0.4228
2026-10-04 21:25:42,mvtec_AD/transistor,5,2,0,0.8892,0.9292,0.7239,0.9116,0.4366
2026-10-04 21:25:44,mvtec_AD/transistor,5,3,0,0.8737,0.9300,0.7398,0.9202,0.4721
2026-10-04 21:25:48,mvtec_AD/transistor,5,4,0,0.9132,0.9429,0.7287,0.9131,0.4610
2026-10-04 21:26:00,mvtec_AD/wood,1,0,0,0.9862,0.9561,0.9251,0.9465,0.6534
2026-10-04 21:26:01,mvtec_AD/wood,1,1,0,0.9883,0.9623,0.9099,0.9245,0.5804
2026-10-04 21:26:02,mvtec_AD/wood,1,2,0,0.9956,0.9851,0.9303,0.9461,0.6428
2026-10-04 21:26:03,mvtec_AD/wood,1,3,0,0.9985,0.9947,0.9314,0.9303,0.6004
2026-10-04 21:26:04,mvtec_AD/wood,1,4,0,0.9985,0.9947,0.9314,0.9303,0.6004
2026-10-04 21:26:06,mvtec_AD/wood,2,0,0,0.9908,0.9693,0.9352,0.9538,0.6362
2026-10-04 21:26:08,mvtec_AD/wood,2,1,0,0.9940,0.9807,0.9223,0.9387,0.5966
2026-10-04 21:26:11,mvtec_AD/wood,2,2,0,0.9904,0.9684,0.9262,0.9298,0.6236
2026-10-04 21:26:13,mvtec_AD/wood,2,3,0,0.9970,0.9904,0.9362,0.9542,0.6343
2026-10-04 21:26:15,mvtec_AD/wood,2,4,0,0.9960,0.9860,0.9379,0.9461,0.6366
2026-10-04 21:26:17,mvtec_AD/wood,4,0,0,0.9964,0.9877,0.9329,0.9396,0.6253
2026-10-04 21:26:20,mvtec_AD/wood,4,1,0,0.9936,0.9798,0.9284,0.9438,0.6130
2026-10-04 21:26:22,mvtec_AD/wood,4,2,0,0.9907,0.9702,0.9291,0.9419,0.6304
2026-10-04 21:26:24,mvtec_AD/wood,4,3,0,0.9959,0.9868,0.9338,0.9510,0.6250
2026-10-04 21:26:26,mvtec_AD/wood,4,4,0,0.9965,0.9877,0.9337,0.9471,0.6332
2026-10-04 21:26:29,mvtec_AD/wood,5,0,0,0.9978,0.9921,0.9334,0.9406,0.6258
2026-10-04 21:26:31,mvtec_AD/wood,5,1,0,0.9937,0.9807,0.9298,0.9469,0.6163
2026-10-04 21:26:34,mvtec_AD/wood,5,2,0,0.9921,0.9746,0.9324,0.9469,0.6331
2026-10-04 21:26:37,mvtec_AD/wood,5,3,0,0.9962,0.9877,0.9338,0.9514,0.6242
2026-10-04 21:26:39,mvtec_AD/wood,5,4,0,0.9957,0.9851,0.9332,0.9477,0.6287
2026-10-04 21:26:50,mvtec_AD/zipper,1,0,0,0.9966,0.9874,0.8423,0.9293,0.4196
2026-10-04 21:26:52,mvtec_AD/zipper,1,1,0,0.9970,0.9884,0.8335,0.9272,0.4158
2026-10-04 21:26:54,mvtec_AD/zipper,1,2,0,0.9967,0.9877,0.8011,0.9045,0.3934
2026-10-04 21:26:55,mvtec_AD/zipper,1,3,0,0.9982,0.9932,0.8213,0.9169,0.4027
2026-10-04 21:26:57,mvtec_AD/zipper,1,4,0,0.9982,0.9932,0.8213,0.9169,0.4027
2026-10-04 21:26:59,mvtec_AD/zipper,2,0,0,0.9969,0.9882,0.8669,0.9426,0.4485
2026-10-04 21:27:01,mvtec_AD/zipper,2,1,0,0.9973,0.9898,0.8443,0.9327,0.4273
2026-10-04 21:27:03,mvtec_AD/zipper,2,2,0,0.9964,0.9866,0.8257,0.9188,0.4132
2026-10-04 21:27:04,mvtec_AD/zipper,2,3,0,0.9982,0.9932,0.8398,0.9284,0.4188
2026-10-04 21:27:07,mvtec_AD/zipper,2,4,0,0.9968,0.9884,0.8487,0.9346,0.4305
2026-10-04 21:27:09,mvtec_AD/zipper,4,0,0,0.9971,0.9887,0.8642,0.9423,0.4410
2026-10-04 21:27:12,mvtec_AD/zipper,4,1,0,0.9964,0.9866,0.8508,0.9352,0.4344
2026-10-04 21:27:14,mvtec_AD/zipper,4,2,0,0.9973,0.9900,0.8363,0.9266,0.4117
2026-10-04 21:27:17,mvtec_AD/zipper,4,3,0,0.9993,0.9974,0.8613,0.9417,0.4406
2026-10-04 21:27:20,mvtec_AD/zipper,4,4,0,0.9980,0.9926,0.8650,0.9446,0.4397
2026-10-04 21:27:24,mvtec_AD/zipper,5,0,0,0.9981,0.9921,0.8697,0.9449,0.4472
2026-10-04 21:27:28,mvtec_AD/zipper,5,1,0,0.9969,0.9882,0.8492,0.9347,0.4296
2026-10-04 21:27:31,mvtec_AD/zipper,5,2,0,0.9976,0.9908,0.8395,0.9287,0.4145
2026-10-04 21:27:34,mvtec_AD/zipper,5,3,0,0.9992,0.9966,0.8665,0.9444,0.4470
2026-10-04 21:27:36,mvtec_AD/zipper,5,4,0,0.9980,0.9926,0.8682,0.9463,0.4421
2026-10-04 21:27:52,VisA/candle,1,0,1,0.9410,0.9293,0.9643,0.9900,0.3233
2026-10-04 21:27:55,VisA/candle,1,1,1,0.9315,0.9213,0.9712,0.9893,0.3173
2026-10-04 21:27:57,VisA/candle,1,2,1,0.9389,0.9326,0.9633,0.9892,0.3203
2026-10-04 21:28:00,VisA/candle,1,3,1,0.9422,0.9321,0.9695,0.9895,0.3285
2026-10-04 21:28:01,VisA/candle,1,4,1,0.9079,0.9008,0.9591,0.9890,0.2887
2026-10-04 21:28:04,VisA/candle,2,1,1,0.9438,0.9381,0.9704,0.9902,0.3158
2026-10-04 21:28:07,VisA/candle,2,2,1,0.9342,0.9271,0.9637,0.9904,0.3240
2026-10-04 21:28:10,VisA/candle,2,3,1,0.9421,0.9336,0.9726,0.9910,0.3312
2026-10-04 21:28:12,VisA/candle,2,4,1,0.9280,0.9231,0.9669,0.9909,0.2958
2026-10-04 21:28:15,VisA/candle,4,0,1,0.9519,0.9423,0.9712,0.9919,0.3184
2026-10-04 21:28:18,VisA/candle,4,1,1,0.9391,0.9339,0.9721,0.9915,0.3108
2026-10-04 21:28:22,VisA/candle,4,2,1,0.9499,0.9440,0.9693,0.9915,0.3376
2026-10-04 21:28:27,VisA/candle,4,3,1,0.9493,0.9410,0.9744,0.9915,0.3307
2026-10-04 21:28:31,VisA/candle,4,4,1,0.9331,0.9297,0.9710,0.9915,0.2987
2026-10-04 21:28:35,VisA/candle,5,0,1,0.9535,0.9457,0.9715,0.9918,0.3261
2026-10-04 21:28:39,VisA/candle,5,1,1,0.9440,0.9364,0.9720,0.9919,0.3141
2026-10-04 21:28:43,VisA/candle,5,2,1,0.9517,0.9438,0.9698,0.9918,0.3416
2026-10-04 21:28:46,VisA/candle,5,3,1,0.9441,0.9391,0.9721,0.9922,0.3341
2026-10-04 21:28:50,VisA/candle,5,4,1,0.9503,0.9449,0.9731,0.9921,0.3128
2026-10-04 21:29:07,VisA/capsules,1,0,1,0.9715,0.9572,0.9439,0.9618,0.2987
2026-10-04 21:29:08,VisA/capsules,1,1,1,0.9814,0.9717,0.9529,0.9648,0.3372
2026-10-04 21:29:10,VisA/capsules,1,2,1,0.9743,0.9612,0.9454,0.9567,0.2838
2026-10-04 21:29:12,VisA/capsules,1,3,1,0.9626,0.9325,0.9446,0.9635,0.3966
2026-10-04 21:29:15,VisA/capsules,1,4,1,0.9775,0.9668,0.9524,0.9640,0.3291
2026-10-04 21:29:18,VisA/capsules,2,0,1,0.9813,0.9713,0.9451,0.9692,0.3597
2026-10-04 21:29:20,VisA/capsules,2,1,1,0.9858,0.9770,0.9580,0.9668,0.3517
2026-10-04 21:29:23,VisA/capsules,2,2,1,0.9781,0.9655,0.9544,0.9620,0.3108
2026-10-04 21:29:25,VisA/capsules,2,3,1,0.9739,0.9552,0.9500,0.9679,0.4002
2026-10-04 21:29:28,VisA/capsules,2,4,1,0.9824,0.9737,0.9632,0.9682,0.3803
2026-10-04 21:29:32,VisA/capsules,4,0,1,0.9864,0.9777,0.9597,0.9725,0.3986
2026-10-04 21:29:35,VisA/capsules,4,1,1,0.9909,0.9852,0.9536,0.9677,0.3661
2026-10-04 21:29:40,VisA/capsules,4,2,1,0.9817,0.9723,0.9622,0.9687,0.3593
2026-10-04 21:29:44,VisA/capsules,4,3,1,0.9819,0.9722,0.9631,0.9726,0.4105
2026-10-04 21:29:49,VisA/capsules,4,4,1,0.9813,0.9717,0.9682,0.9726,0.3870
2026-10-04 21:29:54,VisA/capsules,5,0,1,0.9890,0.9817,0.9608,0.9724,0.3958
2026-10-04 21:29:58,VisA/capsules,5,1,1,0.9920,0.9868,0.9587,0.9695,0.3659
2026-10-04 21:30:02,VisA/capsules,5,2,1,0.9833,0.9748,0.9646,0.9700,0.3602
2026-10-04 21:30:07,VisA/capsules,5,3,1,0.9838,0.9752,0.9659,0.9725,0.4132
2026-10-04 21:30:11,VisA/capsules,5,4,1,0.9830,0.9747,0.9692,0.9721,0.4063
2026-10-04 21:30:24,VisA/cashew,1,0,1,0.9478,0.8886,0.9594,0.9894,0.5328
2026-10-04 21:30:26,VisA/cashew,1,1,1,0.9661,0.9302,0.9679,0.9893,0.4815
2026-10-04 21:30:28,VisA/cashew,1,2,1,0.9567,0.9100,0.9556,0.9883,0.4743
2026-10-04 21:30:29,VisA/cashew,1,3,1,0.9466,0.8890,0.9472,0.9918,0.5727
2026-10-04 21:30:31,VisA/cashew,1,4,1,0.9532,0.9004,0.9454,0.9870,0.4863
2026-10-04 21:30:33,VisA/cashew,2,0,1,0.9575,0.9082,0.9542,0.9910,0.5549
2026-10-04 21:30:36,VisA/cashew,2,1,1,0.9687,0.9358,0.9710,0.9915,0.5342
2026-10-04 21:30:38,VisA/cashew,2,2,1,0.9657,0.9308,0.9568,0.9904,0.5212
2026-10-04 21:30:40,VisA/cashew,2,3,1,0.9652,0.9262,0.9613,0.9937,0.5974
2026-10-04 21:30:43,VisA/cashew,2,4,1,0.9589,0.9116,0.9562,0.9909,0.5393
2026-10-04 21:30:47,VisA/cashew,4,0,1,0.9646,0.9280,0.9604,0.9931,0.5902
2026-10-04 21:30:50,VisA/cashew,4,1,1,0.9627,0.9196,0.9598,0.9930,0.5731
2026-10-04 21:30:53,VisA/cashew,4,2,1,0.9728,0.9402,0.9571,0.9930,0.5815
2026-10-04 21:30:57,VisA/cashew,4,3,1,0.9715,0.9390,0.9630,0.9947,0.6239
2026-10-04 21:31:00,VisA/cashew,4,4,1,0.9691,0.9358,0.9643,0.9923,0.5587
2026-10-04 21:31:03,VisA/cashew,5,0,1,0.9717,0.9378,0.9599,0.9931,0.5865
2026-10-04 21:31:06,VisA/cashew,5,1,1,0.9706,0.9354,0.9620,0.9934,0.5863
2026-10-04 21:31:10,VisA/cashew,5,2,1,0.9719,0.9378,0.9586,0.9931,0.5851
2026-10-04 21:31:13,VisA/cashew,5,3,1,0.9723,0.9414,0.9631,0.9944,0.6109
2026-10-04 21:31:17,VisA/cashew,5,4,1,0.9716,0.9434,0.9655,0.9930,0.5809
2026-10-04 21:31:30,VisA/chewinggum,1,0,1,0.9895,0.9768,0.9486,0.9953,0.6880
2026-10-04 21:31:32,VisA/chewinggum,1,1,1,0.9916,0.9804,0.9589,0.9961,0.7089
2026-10-04 21:31:34,VisA/chewinggum,1,2,1,0.9912,0.9822,0.9529,0.9952,0.6426
2026-10-04 21:31:36,VisA/chewinggum,1,3,1,0.9901,0.9756,0.9563,0.9955,0.6867
2026-10-04 21:31:38,VisA/chewinggum,1,4,1,0.9931,0.9846,0.9580,0.9959,0.7053
2026-10-04 21:31:40,VisA/chewinggum,2,0,1,0.9930,0.9838,0.9534,0.9959,0.7068
2026-10-04 21:31:43,VisA/chewinggum,2,1,1,0.9921,0.9822,0.9617,0.9961,0.7154
2026-10-04 21:31:46,VisA/chewinggum,2,2,1,0.9934,0.9844,0.9534,0.9954,0.6580
2026-10-04 21:31:48,VisA/chewinggum,2,3,1,0.9932,0.9838,0.9575,0.9959,0.6939
2026-10-04 21:31:51,VisA/chewinggum,2,4,1,0.9942,0.9874,0.9612,0.9962,0.6974
2026-10-04 21:31:55,VisA/chewinggum,4,0,1,0.9951,0.9890,0.9548,0.9959,0.7050
2026-10-04 21:31:57,VisA/chewinggum,4,1,1,0.9932,0.9846,0.9618,0.9959,0.6980
2026-10-04 21:32:00,VisA/chewinggum,4,2,1,0.9939,0.9842,0.9539,0.9958,0.6928
2026-10-04 21:32:03,VisA/chewinggum,4,3,1,0.9934,0.9840,0.9588,0.9959,0.6993
2026-10-04 21:32:06,VisA/chewinggum,4,4,1,0.9928,0.9828,0.9619,0.9961,0.7014
2026-10-04 21:32:11,VisA/chewinggum,5,0,1,0.9952,0.9892,0.9560,0.9960,0.7053
2026-10-04 21:32:15,VisA/chewinggum,5,1,1,0.9945,0.9874,0.9621,0.9959,0.7015
2026-10-04 21:32:19,VisA/chewinggum,5,2,1,0.9935,0.9836,0.9544,0.9957,0.6924
2026-10-04 21:32:22,VisA/chewinggum,5,3,1,0.9939,0.9858,0.9591,0.9958,0.6960
2026-10-04 21:32:26,VisA/chewinggum,5,4,1,0.9932,0.9840,0.9619,0.9960,0.7014
2026-10-04 21:32:40,VisA/fryum,1,0,1,0.9747,0.9438,0.9190,0.9533,0.3294
2026-10-04 21:32:42,VisA/fryum,1,1,1,0.9880,0.9736,0.9244,0.9679,0.4016
2026-10-04 21:32:44,VisA/fryum,1,2,1,0.9820,0.9590,0.9246,0.9641,0.3843
2026-10-04 21:32:46,VisA/fryum,1,3,1,0.9852,0.9644,0.9101,0.9633,0.3790
2026-10-04 21:32:48,VisA/fryum,1,4,1,0.9917,0.9824,0.9377,0.9734,0.4194
2026-10-04 21:32:51,VisA/fryum,2,0,1,0.9821,0.9564,0.9242,0.9610,0.3813
2026-10-04 21:32:54,VisA/fryum,2,1,1,0.9895,0.9766,0.9285,0.9706,0.4205
2026-10-04 21:32:56,VisA/fryum,2,2,1,0.9859,0.9674,0.9276,0.9688,0.4094
2026-10-04 21:32:59,VisA/fryum,2,3,1,0.9855,0.9648,0.9108,0.9662,0.3960
2026-10-04 21:33:02,VisA/fryum,2,4,1,0.9937,0.9852,0.9347,0.9740,0.4321
2026-10-04 21:33:06,VisA/fryum,4,0,1,0.9869,0.9682,0.9294,0.9682,0.4188
2026-10-04 21:33:09,VisA/fryum,4,1,1,0.9911,0.9806,0.9308,0.9726,0.4297
2026-10-04 21:33:13,VisA/fryum,4,2,1,0.9891,0.9750,0.9310,0.9712,0.4221
2026-10-04 21:33:17,VisA/fryum,4,3,1,0.9903,0.9778,0.9177,0.9685,0.4131
2026-10-04 21:33:21,VisA/fryum,4,4,1,0.9913,0.9802,0.9335,0.9731,0.4284
2026-10-04 21:33:26,VisA/fryum,5,0,1,0.9890,0.9724,0.9309,0.9699,0.4287
2026-10-04 21:33:30,VisA/fryum,5,1,1,0.9916,0.9818,0.9318,0.9730,0.4317
2026-10-04 21:33:34,VisA/fryum,5,2,1,0.9899,0.9768,0.9330,0.9722,0.4301
2026-10-04 21:33:39,VisA/fryum,5,3,1,0.9919,0.9822,0.9212,0.9694,0.4199
2026-10-04 21:33:43,VisA/fryum,5,4,1,0.9932,0.9846,0.9361,0.9739,0.4319
2026-10-04 21:34:03,VisA/macaroni1,1,0,1,0.7868,0.7917,0.9154,0.9880,0.1846
2026-10-04 21:34:06,VisA/macaroni1,1,1,1,0.8017,0.7919,0.9194,0.9790,0.2114
2026-10-04 21:34:09,VisA/macaroni1,1,2,1,0.8504,0.8400,0.9377,0.9911,0.2465
2026-10-04 21:34:11,VisA/macaroni1,1,3,1,0.8088,0.8137,0.9102,0.9824,0.1361
2026-10-04 21:34:14,VisA/macaroni1,1,4,1,0.7611,0.8103,0.9214,0.9889,0.1698
2026-10-04 21:34:16,VisA/macaroni1,2,0,1,0.7876,0.8040,0.9228,0.9879,0.1882
2026-10-04 21:34:19,VisA/macaroni1,2,1,1,0.8148,0.8116,0.9331,0.9855,0.2027
2026-10-04 21:34:21,VisA/macaroni1,2,2,1,0.8411,0.8272,0.9398,0.9908,0.2247
2026-10-04 21:34:24,VisA/macaroni1,2,3,1,0.8247,0.8215,0.9285,0.9895,0.2110
2026-10-04 21:34:27,VisA/macaroni1,2,4,1,0.8232,0.8525,0.9363,0.9908,0.1827
2026-10-04 21:34:31,VisA/macaroni1,4,0,1,0.8356,0.8397,0.9355,0.9910,0.1824
2026-10-04 21:34:34,VisA/macaroni1,4,1,1,0.8655,0.8673,0.9438,0.9926,0.2041
2026-10-04 21:34:38,VisA/macaroni1,4,2,1,0.8399,0.8434,0.9418,0.9923,0.2040
2026-10-04 21:34:42,VisA/macaroni1,4,3,1,0.8119,0.8269,0.9323,0.9904,0.2070
2026-10-04 21:34:46,VisA/macaroni1,4,4,1,0.8447,0.8623,0.9395,0.9924,0.2241
2026-10-04 21:34:51,VisA/macaroni1,5,0,1,0.8420,0.8528,0.9439,0.9921,0.1954
2026-10-04 21:34:56,VisA/macaroni1,5,1,1,0.8776,0.8697,0.9471,0.9927,0.2020
2026-10-04 21:35:00,VisA/macaroni1,5,2,1,0.8412,0.8499,0.9472,0.9932,0.2092
2026-10-04 21:35:05,VisA/macaroni1,5,3,1,0.8213,0.8338,0.9328,0.9903,0.2034
2026-10-04 21:35:10,VisA/macaroni1,5,4,1,0.8499,0.8662,0.9447,0.9931,0.2229
2026-10-04 21:35:27,VisA/macaroni2,1,0,1,0.5349,0.5815,0.8225,0.9697,0.0206
2026-10-04 21:35:30,VisA/macaroni2,1,1,1,0.7710,0.7694,0.9015,0.9850,0.1305
2026-10-04 21:35:32,VisA/macaroni2,1,2,1,0.5883,0.6402,0.8461,0.9669,0.0659
2026-10-04 21:35:34,VisA/macaroni2,1,3,1,0.5227,0.5775,0.8972,0.9768,0.0246
2026-10-04 21:35:36,VisA/macaroni2,1,4,1,0.5855,0.6387,0.8699,0.9821,0.0382
2026-10-04 21:35:39,VisA/macaroni2,2,0,1,0.6737,0.6940,0.8832,0.9779,0.0689
2026-10-04 21:35:41,VisA/macaroni2,2,1,1,0.7186,0.7211,0.8957,0.9847,0.1022
2026-10-04 21:35:44,VisA/macaroni2,2,2,1,0.6083,0.6678,0.8755,0.9777,0.0672
2026-10-04 21:35:47,VisA/macaroni2,2,3,1,0.6116,0.6886,0.8841,0.9818,0.0625
2026-10-04 21:35:49,VisA/macaroni2,2,4,1,0.6717,0.7236,0.9199,0.9860,0.0851
2026-10-04 21:35:53,VisA/macaroni2,4,0,1,0.6857,0.7155,0.9029,0.9830,0.0740
2026-10-04 21:35:57,VisA/macaroni2,4,1,1,0.7685,0.7772,0.9090,0.9878,0.1068
2026-10-04 21:36:01,VisA/macaroni2,4,2,1,0.6733,0.7456,0.9101,0.9856,0.0985
2026-10-04 21:36:05,VisA/macaroni2,4,3,1,0.6590,0.7257,0.9079,0.9865,0.0858
2026-10-04 21:36:09,VisA/macaroni2,4,4,1,0.6971,0.7590,0.9296,0.9889,0.0967
2026-10-04 21:36:14,VisA/macaroni2,5,0,1,0.7361,0.7658,0.9182,0.9871,0.1005
2026-10-04 21:36:18,VisA/macaroni2,5,1,1,0.7446,0.7637,0.9118,0.9862,0.0914
2026-10-04 21:36:23,VisA/macaroni2,5,2,1,0.6651,0.7341,0.9105,0.9847,0.1010
2026-10-04 21:36:28,VisA/macaroni2,5,3,1,0.6730,0.7440,0.9134,0.9882,0.0912
2026-10-04 21:36:33,VisA/macaroni2,5,4,1,0.6935,0.7597,0.9329,0.9889,0.0992
2026-10-04 21:36:51,VisA/pcb1,1,0,1,0.8430,0.8415,0.9317,0.9931,0.7974
2026-10-04 21:36:53,VisA/pcb1,1,1,1,0.7815,0.7773,0.9105,0.9925,0.7871
2026-10-04 21:36:56,VisA/pcb1,1,2,1,0.9008,0.8939,0.9342,0.9926,0.8082
2026-10-04 21:36:58,VisA/pcb1,1,3,1,0.7673,0.7734,0.9256,0.9927,0.7791
2026-10-04 21:37:00,VisA/pcb1,1,4,1,0.8239,0.8264,0.9331,0.9927,0.8022
2026-10-04 21:37:03,VisA/pcb1,2,0,1,0.8953,0.8874,0.9287,0.9935,0.8295
2026-10-04 21:37:06,VisA/pcb1,2,1,1,0.8155,0.8256,0.9394,0.9938,0.8022
2026-10-04 21:37:09,VisA/pcb1,2,2,1,0.8900,0.8911,0.9354,0.9934,0.8296
2026-10-04 21:37:12,VisA/pcb1,2,3,1,0.8494,0.8605,0.9394,0.9938,0.7939
2026-10-04 21:37:15,VisA/pcb1,2,4,1,0.8370,0.8534,0.9343,0.9932,0.7843
2026-10-04 21:37:19,VisA/pcb1,4,0,1,0.8994,0.8935,0.9334,0.9941,0.8459
2026-10-04 21:37:23,VisA/pcb1,4,1,1,0.8506,0.8586,0.9463,0.9943,0.8149
2026-10-04 21:37:26,VisA/pcb1,4,2,1,0.9274,0.9296,0.9455,0.9938,0.8462
2026-10-04 21:37:31,VisA/pcb1,4,3,1,0.8558,0.8725,0.9504,0.9942,0.7980
2026-10-04 21:37:36,VisA/pcb1,4,4,1,0.8810,0.8829,0.9486,0.9943,0.8318
2026-10-04 21:37:41,VisA/pcb1,5,0,1,0.9012,0.8983,0.9373,0.9941,0.8462
2026-10-04 21:37:46,VisA/pcb1,5,1,1,0.8592,0.8691,0.9492,0.9942,0.8138
2026-10-04 21:37:51,VisA/pcb1,5,2,1,0.9319,0.9374,0.9487,0.9940,0.8478
2026-10-04 21:37:55,VisA/pcb1,5,3,1,0.9060,0.9079,0.9538,0.9944,0.8312
2026-10-04 21:38:01,VisA/pcb1,5,4,1,0.8854,0.8915,0.9505,0.9944,0.8330
2026-10-04 21:38:19,VisA/pcb2,1,0,1,0.7332,0.7156,0.8693,0.9567,0.1480
2026-10-04 21:38:22,VisA/pcb2,1,1,1,0.7879,0.7649,0.8725,0.9629,0.2166
2026-10-04 21:38:24,VisA/pcb2,1,2,1,0.8569,0.8397,0.8732,0.9609,0.2327
2026-10-04 21:38:26,VisA/pcb2,1,3,1,0.8636,0.8497,0.8894,0.9679,0.2620
2026-10-04 21:38:29,VisA/pcb2,1,4,1,0.7068,0.7121,0.8845,0.9647,0.1561
2026-10-04 21:38:32,VisA/pcb2,2,0,1,0.8654,0.8445,0.8989,0.9672,0.2562
2026-10-04 21:38:34,VisA/pcb2,2,1,1,0.8641,0.8486,0.8959,0.9677,0.2614
2026-10-04 21:38:37,VisA/pcb2,2,2,1,0.8666,0.8366,0.8864,0.9649,0.2566
2026-10-04 21:38:40,VisA/pcb2,2,3,1,0.8499,0.8423,0.8964,0.9688,0.2539
2026-10-04 21:38:42,VisA/pcb2,2,4,1,0.7595,0.7626,0.8879,0.9664,0.2092
2026-10-04 21:38:46,VisA/pcb2,4,0,1,0.8850,0.8684,0.9102,0.9701,0.2666
2026-10-04 21:38:50,VisA/pcb2,4,1,1,0.8861,0.8692,0.9045,0.9693,0.2776
2026-10-04 21:38:53,VisA/pcb2,4,2,1,0.8950,0.8801,0.9017,0.9691,0.2863
2026-10-04 21:38:57,VisA/pcb2,4,3,1,0.8906,0.8670,0.9040,0.9702,0.2942
2026-10-04 21:39:01,VisA/pcb2,4,4,1,0.8613,0.8330,0.9007,0.9696,0.2767
2026-10-04 21:39:05,VisA/pcb2,5,0,1,0.8945,0.8766,0.9128,0.9708,0.2874
2026-10-04 21:39:09,VisA/pcb2,5,1,1,0.8823,0.8607,0.9027,0.9691,0.2778
2026-10-04 21:39:14,VisA/pcb2,5,2,1,0.8909,0.8735,0.9029,0.9698,0.2894
2026-10-04 21:39:18,VisA/pcb2,5,3,1,0.9051,0.8859,0.9066,0.9712,0.2988
2026-10-04 21:39:22,VisA/pcb2,5,4,1,0.8938,0.8703,0.9070,0.9708,0.2990
2026-10-04 21:39:41,VisA/pcb3,1,0,1,0.8896,0.8834,0.8585,0.9732,0.4041
2026-10-04 21:39:43,VisA/pcb3,1,1,1,0.8756,0.8596,0.8585,0.9728,0.3071
2026-10-04 21:39:45,VisA/pcb3,1,2,1,0.8140,0.7899,0.8516,0.9693,0.3102
2026-10-04 21:39:47,VisA/pcb3,1,3,1,0.8447,0.8395,0.8687,0.9723,0.3739
2026-10-04 21:39:50,VisA/pcb3,1,4,1,0.8544,0.8515,0.8672,0.9719,0.3724
2026-10-04 21:39:53,VisA/pcb3,2,0,1,0.9104,0.9066,0.8770,0.9754,0.4139
2026-10-04 21:39:55,VisA/pcb3,2,1,1,0.9092,0.9021,0.8768,0.9776,0.3514
2026-10-04 21:39:58,VisA/pcb3,2,2,1,0.8332,0.8132,0.8785,0.9758,0.3480
2026-10-04 21:40:01,VisA/pcb3,2,3,1,0.9063,0.8916,0.8996,0.9781,0.3652
2026-10-04 21:40:04,VisA/pcb3,2,4,1,0.8782,0.8784,0.8866,0.9767,0.4060
2026-10-04 21:40:08,VisA/pcb3,4,0,1,0.9226,0.9192,0.8975,0.9790,0.4032
2026-10-04 21:40:12,VisA/pcb3,4,1,1,0.9147,0.9066,0.8806,0.9808,0.3904
2026-10-04 21:40:17,VisA/pcb3,4,2,1,0.8863,0.8847,0.8805,0.9787,0.4096
2026-10-04 21:40:21,VisA/pcb3,4,3,1,0.9143,0.9080,0.9019,0.9802,0.3898
2026-10-04 21:40:25,VisA/pcb3,4,4,1,0.8919,0.8967,0.8952,0.9792,0.4227
2026-10-04 21:40:30,VisA/pcb3,5,0,1,0.9205,0.9175,0.9013,0.9797,0.4095
2026-10-04 21:40:35,VisA/pcb3,5,1,1,0.9262,0.9171,0.8868,0.9812,0.3995
2026-10-04 21:40:40,VisA/pcb3,5,2,1,0.8964,0.8931,0.8889,0.9795,0.4193
2026-10-04 21:40:45,VisA/pcb3,5,3,1,0.9224,0.9133,0.9028,0.9808,0.3985
2026-10-04 21:40:50,VisA/pcb3,5,4,1,0.8939,0.9008,0.9018,0.9804,0.4258
2026-10-04 21:41:07,VisA/pcb4,1,0,1,0.6590,0.7344,0.8336,0.9526,0.2168
2026-10-04 21:41:09,VisA/pcb4,1,1,1,0.9358,0.9589,0.8429,0.9568,0.1509
2026-10-04 21:41:11,VisA/pcb4,1,2,1,0.8664,0.8495,0.8173,0.9571,0.2358
2026-10-04 21:41:13,VisA/pcb4,1,3,1,0.9578,0.9665,0.8733,0.9650,0.2273
2026-10-04 21:41:15,VisA/pcb4,1,4,1,0.7899,0.8545,0.8659,0.9631,0.1870
2026-10-04 21:41:17,VisA/pcb4,2,0,1,0.9831,0.9802,0.8873,0.9692,0.3052
2026-10-04 21:41:20,VisA/pcb4,2,1,1,0.9520,0.9665,0.8649,0.9646,0.1734
2026-10-04 21:41:23,VisA/pcb4,2,2,1,0.8866,0.8533,0.8383,0.9635,0.2820
2026-10-04 21:41:27,VisA/pcb4,2,3,1,0.9583,0.9709,0.8974,0.9718,0.2277
2026-10-04 21:41:30,VisA/pcb4,2,4,1,0.9564,0.9704,0.8811,0.9706,0.2356
2026-10-04 21:41:35,VisA/pcb4,4,0,1,0.9897,0.9902,0.9086,0.9770,0.3216
2026-10-04 21:41:39,VisA/pcb4,4,1,1,0.9459,0.9604,0.8778,0.9665,0.1821
2026-10-04 21:41:43,VisA/pcb4,4,2,1,0.9835,0.9816,0.8861,0.9739,0.3261
2026-10-04 21:41:47,VisA/pcb4,4,3,1,0.9802,0.9845,0.9072,0.9759,0.2732
2026-10-04 21:41:51,VisA/pcb4,4,4,1,0.9417,0.9633,0.9052,0.9761,0.2290
2026-10-04 21:41:56,VisA/pcb4,5,0,1,0.9914,0.9918,0.9145,0.9780,0.3278
2026-10-04 21:42:00,VisA/pcb4,5,1,1,0.9817,0.9803,0.8880,0.9701,0.2364
2026-10-04 21:42:04,VisA/pcb4,5,2,1,0.9842,0.9825,0.8959,0.9762,0.3341
2026-10-04 21:42:09,VisA/pcb4,5,3,1,0.9810,0.9844,0.9054,0.9764,0.2739
2026-10-04 21:42:13,VisA/pcb4,5,4,1,0.9844,0.9906,0.9099,0.9773,0.2896
2026-10-04 21:42:27,VisA/pipe_fryum,1,0,1,0.9808,0.9606,0.9706,0.9904,0.4309
2026-10-04 21:42:28,VisA/pipe_fryum,1,1,1,0.9714,0.9436,0.9773,0.9894,0.4070
2026-10-04 21:42:30,VisA/pipe_fryum,1,2,1,0.9804,0.9576,0.9724,0.9875,0.4070
2026-10-04 21:42:32,VisA/pipe_fryum,1,3,1,0.9781,0.9576,0.9804,0.9883,0.3857
2026-10-04 21:42:33,VisA/pipe_fryum,1,4,1,0.9522,0.9142,0.9755,0.9892,0.3988
2026-10-04 21:42:35,VisA/pipe_fryum,2,0,1,0.9805,0.9586,0.9710,0.9901,0.4251
2026-10-04 21:42:38,VisA/pipe_fryum,2,1,1,0.9780,0.9560,0.9752,0.9905,0.4322
2026-10-04 21:42:40,VisA/pipe_fryum,2,2,1,0.9803,0.9586,0.9719,0.9902,0.4225
2026-10-04 21:42:42,VisA/pipe_fryum,2,3,1,0.9920,0.9836,0.9791,0.9914,0.4455
2026-10-04 21:42:44,VisA/pipe_fryum,2,4,1,0.9886,0.9762,0.9683,0.9909,0.4553
2026-10-04 21:42:47,VisA/pipe_fryum,4,0,1,0.9820,0.9644,0.9671,0.9924,0.4879
2026-10-04 21:42:50,VisA/pipe_fryum,4,1,1,0.9481,0.9012,0.9666,0.9905,0.4526
2026-10-04 21:42:53,VisA/pipe_fryum,4,2,1,0.9898,0.9790,0.9766,0.9919,0.4607
2026-10-04 21:42:56,VisA/pipe_fryum,4,3,1,0.9937,0.9874,0.9763,0.9921,0.4620
2026-10-04 21:42:58,VisA/pipe_fryum,4,4,1,0.9817,0.9640,0.9727,0.9924,0.4893
2026-10-04 21:43:01,VisA/pipe_fryum,5,0,1,0.9812,0.9632,0.9646,0.9926,0.4918
2026-10-04 21:43:05,VisA/pipe_fryum,5,1,1,0.9399,0.8846,0.9685,0.9896,0.4351
2026-10-04 21:43:09,VisA/pipe_fryum,5,2,1,0.9891,0.9774,0.9755,0.9922,0.4684
2026-10-04 21:43:13,VisA/pipe_fryum,5,3,1,0.9932,0.9866,0.9737,0.9922,0.4714
2026-10-04 21:43:17,VisA/pipe_fryum,5,4,1,0.9844,0.9696,0.9735,0.9924,0.4879
2026-10-06 01:52:11,AutoVI/engine_wiring,1,0,0,0.5277,0.4935,0.3381,0.9066,0.6025
2026-10-06 01:52:16,AutoVI/engine_wiring,1,1,0,0.5672,0.5159,0.3172,0.9066,0.5922
2026-10-06 01:52:20,AutoVI/engine_wiring,1,2,0,0.5527,0.5172,0.3224,0.9021,0.5979
2026-10-06 01:52:24,AutoVI/engine_wiring,1,3,0,0.5595,0.5394,0.2821,0.8954,0.5761
2026-10-06 01:52:28,AutoVI/engine_wiring,1,4,0,0.6271,0.6154,0.3402,0.9145,0.5898
2026-10-06 01:52:33,AutoVI/engine_wiring,2,0,0,0.6232,0.6336,0.3905,0.9196,0.6134
2026-10-06 01:52:37,AutoVI/engine_wiring,2,1,0,0.5439,0.5000,0.3270,0.9083,0.5978
2026-10-06 01:52:42,AutoVI/engine_wiring,2,2,0,0.5463,0.5015,0.3993,0.9186,0.6084
2026-10-06 01:52:47,AutoVI/engine_wiring,2,3,0,0.5724,0.5638,0.3823,0.9177,0.6012
2026-10-06 01:52:51,AutoVI/engine_wiring,2,4,0,0.6368,0.6406,0.4304,0.9248,0.6122
2026-10-06 01:52:56,AutoVI/engine_wiring,4,0,0,0.6192,0.6315,0.4527,0.9245,0.6206
2026-10-06 01:53:02,AutoVI/engine_wiring,4,1,0,0.5667,0.5623,0.4028,0.9210,0.6162
2026-10-06 01:53:07,AutoVI/engine_wiring,4,2,0,0.5635,0.5361,0.4386,0.9234,0.6148
2026-10-06 01:53:12,AutoVI/engine_wiring,4,3,0,0.6348,0.6561,0.4555,0.9277,0.6233
2026-10-06 01:53:18,AutoVI/engine_wiring,4,4,0,0.6188,0.6154,0.4342,0.9208,0.6102
2026-10-06 01:53:23,AutoVI/engine_wiring,5,0,0,0.6329,0.6439,0.4635,0.9268,0.6228
2026-10-06 01:53:29,AutoVI/engine_wiring,5,1,0,0.5948,0.5981,0.4364,0.9263,0.6240
2026-10-06 01:53:35,AutoVI/engine_wiring,5,2,0,0.5774,0.5622,0.4514,0.9229,0.6185
2026-10-06 01:53:41,AutoVI/engine_wiring,5,3,0,0.6486,0.6721,0.4689,0.9292,0.6260
2026-10-06 01:53:47,AutoVI/engine_wiring,5,4,0,0.6262,0.6325,0.4413,0.9235,0.6113
2026-10-06 01:54:25,mvtec_loco_AD/breakfast_box,1,0,0,0.8640,0.7612,0.7357,0.8674,0.3813
2026-10-06 01:54:27,mvtec_loco_AD/breakfast_box,1,1,0,0.8694,0.7588,0.7384,0.8702,0.3845
2026-10-06 01:54:30,mvtec_loco_AD/breakfast_box,1,2,0,0.8811,0.7802,0.7290,0.8640,0.3716
2026-10-06 01:54:32,mvtec_loco_AD/breakfast_box,1,3,0,0.8664,0.7560,0.7288,0.8737,0.4022
2026-10-06 01:54:34,mvtec_loco_AD/breakfast_box,1,4,0,0.8557,0.7368,0.7372,0.8674,0.4026
2026-10-06 01:54:37,mvtec_loco_AD/breakfast_box,2,0,0,0.8987,0.8153,0.7605,0.8797,0.4298
2026-10-06 01:54:40,mvtec_loco_AD/breakfast_box,2,1,0,0.8750,0.7688,0.7572,0.8776,0.4367
2026-10-06 01:54:43,mvtec_loco_AD/breakfast_box,2,2,0,0.8900,0.7927,0.7422,0.8746,0.3945
2026-10-06 01:54:46,mvtec_loco_AD/breakfast_box,2,3,0,0.8638,0.7557,0.7554,0.8827,0.4098
2026-10-06 01:54:49,mvtec_loco_AD/breakfast_box,2,4,0,0.8779,0.7819,0.7464,0.8723,0.4272
2026-10-06 01:54:53,mvtec_loco_AD/breakfast_box,4,0,0,0.8996,0.8150,0.7644,0.8826,0.4467
2026-10-06 01:54:57,mvtec_loco_AD/breakfast_box,4,1,0,0.9021,0.8222,0.7646,0.8811,0.4440
2026-10-06 01:55:01,mvtec_loco_AD/breakfast_box,4,2,0,0.9004,0.8126,0.7604,0.8844,0.4433
2026-10-06 01:55:05,mvtec_loco_AD/breakfast_box,4,3,0,0.8885,0.7919,0.7696,0.8868,0.4418
2026-10-06 01:55:09,mvtec_loco_AD/breakfast_box,4,4,0,0.8950,0.8198,0.7658,0.8812,0.4439
2026-10-06 01:55:14,mvtec_loco_AD/breakfast_box,5,0,0,0.9015,0.8156,0.7709,0.8846,0.4585
2026-10-06 01:55:19,mvtec_loco_AD/breakfast_box,5,1,0,0.9103,0.8417,0.7691,0.8833,0.4544
2026-10-06 01:55:24,mvtec_loco_AD/breakfast_box,5,2,0,0.9013,0.8164,0.7642,0.8861,0.4493
2026-10-06 01:55:29,mvtec_loco_AD/breakfast_box,5,3,0,0.9026,0.8168,0.7773,0.8894,0.4678
2026-10-06 01:55:34,mvtec_loco_AD/breakfast_box,5,4,0,0.9062,0.8347,0.7734,0.8850,0.4582
2026-10-06 01:55:41,btad/01,1,0,0,0.9744,0.9291,0.6168,0.9450,0.4163
2026-10-06 01:55:42,btad/01,1,1,0,0.9615,0.8912,0.5872,0.9425,0.4225
2026-10-06 01:55:43,btad/01,1,2,0,0.9645,0.9009,0.5649,0.9380,0.4135
2026-10-06 01:55:44,btad/01,1,3,0,0.9507,0.8591,0.5851,0.9410,0.4075
2026-10-06 01:55:45,btad/01,1,4,0,0.9694,0.9203,0.5873,0.9374,0.4023
2026-10-06 01:55:46,btad/01,2,0,0,0.9760,0.9329,0.6204,0.9465,0.4193
2026-10-06 01:55:47,btad/01,2,1,0,0.9679,0.9096,0.5986,0.9441,0.4197
2026-10-06 01:55:49,btad/01,2,2,0,0.9662,0.9038,0.5893,0.9388,0.4088
2026-10-06 01:55:50,btad/01,2,3,0,0.9612,0.8882,0.5911,0.9435,0.4171
2026-10-06 01:55:51,btad/01,2,4,0,0.9741,0.9359,0.6283,0.9438,0.4325
2026-10-06 01:55:53,btad/01,4,0,0,0.9766,0.9349,0.6383,0.9538,0.4507
2026-10-06 01:55:55,btad/01,4,1,0,0.9651,0.9048,0.5845,0.9433,0.4181
2026-10-06 01:55:58,btad/01,4,2,0,0.9676,0.9077,0.5917,0.9396,0.4106
2026-10-06 01:56:00,btad/01,4,3,0,0.9729,0.9232,0.6059,0.9494,0.4427
2026-10-06 01:56:02,btad/01,4,4,0,0.9733,0.9291,0.6284,0.9497,0.4441
2026-10-06 01:56:05,btad/01,5,0,0,0.9739,0.9252,0.6331,0.9535,0.4521
2026-10-06 01:56:07,btad/01,5,1,0,0.9632,0.8980,0.5867,0.9439,0.4202
2026-10-06 01:56:10,btad/01,5,2,0,0.9706,0.9174,0.6137,0.9450,0.4222
2026-10-06 01:56:12,btad/01,5,3,0,0.9740,0.9291,0.6038,0.9483,0.4351
2026-10-06 01:56:15,btad/01,5,4,0,0.9768,0.9397,0.6311,0.9503,0.4453
2026-10-06 01:57:38,GoodsAD/cigarette_box,1,0,0,0.5793,0.5262,0.6956,0.9159,0.1917
2026-10-06 01:57:42,GoodsAD/cigarette_box,1,1,0,0.6181,0.5917,0.6681,0.9112,0.2183
2026-10-06 01:57:46,GoodsAD/cigarette_box,1,2,0,0.5757,0.5179,0.5962,0.8780,0.1493
2026-10-06 01:57:50,GoodsAD/cigarette_box,1,3,0,0.6125,0.5839,0.7333,0.9268,0.2300
2026-10-06 01:57:54,GoodsAD/cigarette_box,1,4,0,0.6125,0.5839,0.7333,0.9268,0.2300
2026-10-06 01:57:59,GoodsAD/cigarette_box,2,0,0,0.5887,0.5350,0.7263,0.9268,0.2229
2026-10-06 01:58:04,GoodsAD/cigarette_box,2,1,0,0.6209,0.5936,0.7281,0.9256,0.2288
2026-10-06 01:58:09,GoodsAD/cigarette_box,2,2,0,0.5648,0.5026,0.6843,0.9086,0.1811
2026-10-06 01:58:14,GoodsAD/cigarette_box,2,3,0,0.6500,0.6509,0.7838,0.9413,0.2906
2026-10-06 01:58:19,GoodsAD/cigarette_box,2,4,0,0.6299,0.6183,0.7470,0.9318,0.2573
2026-10-06 01:58:25,GoodsAD/cigarette_box,4,0,0,0.5914,0.5814,0.7854,0.9435,0.2819
2026-10-06 01:58:32,GoodsAD/cigarette_box,4,1,0,0.6298,0.6119,0.7663,0.9362,0.2521
2026-10-06 01:58:39,GoodsAD/cigarette_box,4,2,0,0.5773,0.5335,0.7547,0.9303,0.2258
2026-10-06 01:58:46,GoodsAD/cigarette_box,4,3,0,0.6514,0.6512,0.8034,0.9462,0.3006
2026-10-06 01:58:53,GoodsAD/cigarette_box,4,4,0,0.6317,0.6235,0.7740,0.9391,0.2785
2026-10-06 01:59:00,GoodsAD/cigarette_box,5,0,0,0.6119,0.6156,0.7905,0.9436,0.2829
2026-10-06 01:59:08,GoodsAD/cigarette_box,5,1,0,0.6272,0.6347,0.7889,0.9430,0.2865
2026-10-06 01:59:16,GoodsAD/cigarette_box,5,2,0,0.5838,0.5512,0.7709,0.9355,0.2434
2026-10-06 01:59:23,GoodsAD/cigarette_box,5,3,0,0.6514,0.6618,0.8201,0.9510,0.3232
2026-10-06 01:59:31,GoodsAD/cigarette_box,5,4,0,0.6570,0.6660,0.7976,0.9458,0.3108
2026-10-06 01:59:44,AutoVI/pipe_clip,1,0,0,0.4543,0.5237,0.1939,0.6625,0.0105
2026-10-06 01:59:46,AutoVI/pipe_clip,1,1,0,0.4656,0.5368,0.1794,0.6688,0.0106
2026-10-06 01:59:49,AutoVI/pipe_clip,1,2,0,0.4402,0.5287,0.1333,0.5763,0.0080
2026-10-06 01:59:52,AutoVI/pipe_clip,1,3,0,0.4656,0.5416,0.1524,0.6334,0.0097
2026-10-06 01:59:54,AutoVI/pipe_clip,1,4,0,0.4656,0.5416,0.1524,0.6334,0.0097
2026-10-06 01:59:57,AutoVI/pipe_clip,2,0,0,0.4509,0.5235,0.2227,0.6941,0.0118
2026-10-06 02:00:00,AutoVI/pipe_clip,2,1,0,0.4577,0.5278,0.1953,0.6849,0.0112
2026-10-06 02:00:03,AutoVI/pipe_clip,2,2,0,0.4772,0.5219,0.2321,0.6670,0.0119
2026-10-06 02:00:06,AutoVI/pipe_clip,2,3,0,0.4706,0.5303,0.1950,0.6695,0.0110
2026-10-06 02:00:09,AutoVI/pipe_clip,2,4,0,0.4690,0.5146,0.2047,0.6854,0.0115
2026-10-06 02:00:12,AutoVI/pipe_clip,4,0,0,0.4555,0.5235,0.2157,0.6939,0.0119
2026-10-06 02:00:16,AutoVI/pipe_clip,4,1,0,0.4627,0.5311,0.2469,0.7187,0.0126
2026-10-06 02:00:19,AutoVI/pipe_clip,4,2,0,0.4363,0.4921,0.3046,0.7221,0.0196
2026-10-06 02:00:23,AutoVI/pipe_clip,4,3,0,0.4707,0.5379,0.2182,0.6836,0.0116
2026-10-06 02:00:26,AutoVI/pipe_clip,4,4,0,0.4683,0.5361,0.2554,0.7107,0.0131
2026-10-06 02:00:30,AutoVI/pipe_clip,5,0,0,0.4517,0.5157,0.2303,0.7058,0.0127
2026-10-06 02:00:34,AutoVI/pipe_clip,5,1,0,0.4803,0.5342,0.2797,0.7333,0.0184
2026-10-06 02:00:38,AutoVI/pipe_clip,5,2,0,0.4423,0.4943,0.3147,0.7243,0.0199
2026-10-06 02:00:41,AutoVI/pipe_clip,5,3,0,0.4638,0.5375,0.2299,0.6960,0.0121
2026-10-06 02:00:45,AutoVI/pipe_clip,5,4,0,0.4779,0.5536,0.2738,0.7246,0.0137
2026-10-06 02:01:18,mvtec_loco_AD/juice_bottle,1,0,0,0.7990,0.5998,0.7185,0.8522,0.3154
2026-10-06 02:01:22,mvtec_loco_AD/juice_bottle,1,1,0,0.8077,0.6065,0.7502,0.8592,0.3309
2026-10-06 02:01:25,mvtec_loco_AD/juice_bottle,1,2,0,0.8565,0.6722,0.7229,0.8391,0.3046
2026-10-06 02:01:29,mvtec_loco_AD/juice_bottle,1,3,0,0.8065,0.6136,0.7491,0.8591,0.3301
2026-10-06 02:01:32,mvtec_loco_AD/juice_bottle,1,4,0,0.7916,0.5920,0.7170,0.8586,0.3132
2026-10-06 02:01:36,mvtec_loco_AD/juice_bottle,2,0,0,0.8158,0.6561,0.7623,0.8695,0.3855
2026-10-06 02:01:40,mvtec_loco_AD/juice_bottle,2,1,0,0.8122,0.6437,0.7599,0.8648,0.3731
2026-10-06 02:01:44,mvtec_loco_AD/juice_bottle,2,2,0,0.8793,0.7447,0.7562,0.8571,0.3626
2026-10-06 02:01:49,mvtec_loco_AD/juice_bottle,2,3,0,0.8101,0.6705,0.7564,0.8674,0.3806
2026-10-06 02:01:53,mvtec_loco_AD/juice_bottle,2,4,0,0.7852,0.5821,0.7364,0.8674,0.3268
2026-10-06 02:02:00,mvtec_loco_AD/juice_bottle,4,0,0,0.8130,0.6522,0.7801,0.8742,0.4014
2026-10-06 02:02:07,mvtec_loco_AD/juice_bottle,4,1,0,0.9078,0.7932,0.7781,0.8730,0.4482
2026-10-06 02:02:13,mvtec_loco_AD/juice_bottle,4,2,0,0.9224,0.8202,0.7913,0.8776,0.4655
2026-10-06 02:02:20,mvtec_loco_AD/juice_bottle,4,3,0,0.9355,0.8490,0.7715,0.8710,0.4623
2026-10-06 02:02:27,mvtec_loco_AD/juice_bottle,4,4,0,0.9287,0.8322,0.7920,0.8758,0.4620
2026-10-06 02:02:36,mvtec_loco_AD/juice_bottle,5,0,0,0.9217,0.8136,0.7816,0.8750,0.4701
2026-10-06 02:02:44,mvtec_loco_AD/juice_bottle,5,1,0,0.9084,0.7980,0.7821,0.8734,0.4481
2026-10-06 02:02:52,mvtec_loco_AD/juice_bottle,5,2,0,0.9292,0.8322,0.7894,0.8797,0.4747
2026-10-06 02:03:00,mvtec_loco_AD/juice_bottle,5,3,0,0.9385,0.8542,0.7712,0.8720,0.4696
2026-10-06 02:03:08,mvtec_loco_AD/juice_bottle,5,4,0,0.9297,0.8348,0.8004,0.8761,0.4688
2026-10-06 02:03:20,btad/02,1,0,0,0.9839,0.9060,0.5387,0.9595,0.6108
2026-10-06 02:03:22,btad/02,1,1,0,0.9929,0.9526,0.5928,0.9611,0.6115
2026-10-06 02:03:24,btad/02,1,2,0,0.9935,0.9566,0.5891,0.9618,0.6332
2026-10-06 02:03:26,btad/02,1,3,0,0.9923,0.9508,0.5999,0.9608,0.6073
2026-10-06 02:03:28,btad/02,1,4,0,0.9891,0.9291,0.5814,0.9616,0.6223
2026-10-06 02:03:31,btad/02,2,0,0,0.9865,0.9196,0.5383,0.9604,0.6140
2026-10-06 02:03:33,btad/02,2,1,0,0.9938,0.9593,0.6027,0.9629,0.6305
2026-10-06 02:03:36,btad/02,2,2,0,0.9954,0.9690,0.5839,0.9623,0.6337
2026-10-06 02:03:38,btad/02,2,3,0,0.9908,0.9410,0.5807,0.9607,0.6074
2026-10-06 02:03:40,btad/02,2,4,0,0.9848,0.9054,0.5369,0.9611,0.6281
2026-10-06 02:03:43,btad/02,4,0,0,0.9847,0.9067,0.5199,0.9595,0.6131
2026-10-06 02:03:46,btad/02,4,1,0,0.9936,0.9580,0.5977,0.9630,0.6299
2026-10-06 02:03:49,btad/02,4,2,0,0.9952,0.9678,0.5833,0.9624,0.6342
2026-10-06 02:03:52,btad/02,4,3,0,0.9927,0.9531,0.5739,0.9611,0.6104
2026-10-06 02:03:55,btad/02,4,4,0,0.9867,0.9183,0.5470,0.9605,0.6099
2026-10-06 02:03:58,btad/02,5,0,0,0.9852,0.9106,0.5223,0.9596,0.6103
2026-10-06 02:04:01,btad/02,5,1,0,0.9933,0.9566,0.5862,0.9629,0.6304
2026-10-06 02:04:05,btad/02,5,2,0,0.9948,0.9663,0.5970,0.9636,0.6425
2026-10-06 02:04:08,btad/02,5,3,0,0.9925,0.9514,0.5736,0.9611,0.6106
2026-10-06 02:04:11,btad/02,5,4,0,0.9868,0.9186,0.5464,0.9605,0.6098
2026-10-06 02:06:29,GoodsAD/drink_bottle,1,0,0,0.5729,0.5511,0.6467,0.9227,0.0831
2026-10-06 02:06:35,GoodsAD/drink_bottle,1,1,0,0.5777,0.5549,0.6376,0.9123,0.0841
2026-10-06 02:06:42,GoodsAD/drink_bottle,1,2,0,0.5728,0.5567,0.6566,0.9291,0.0891
2026-10-06 02:06:48,GoodsAD/drink_bottle,1,3,0,0.5806,0.5552,0.6775,0.9298,0.0993
2026-10-06 02:06:55,GoodsAD/drink_bottle,1,4,0,0.5698,0.5571,0.6833,0.9090,0.0533
2026-10-06 02:07:02,GoodsAD/drink_bottle,2,0,0,0.5748,0.5602,0.6785,0.9279,0.0835
2026-10-06 02:07:10,GoodsAD/drink_bottle,2,1,0,0.5832,0.5607,0.6689,0.9306,0.1131
2026-10-06 02:07:17,GoodsAD/drink_bottle,2,2,0,0.5749,0.5641,0.6814,0.9269,0.0817
2026-10-06 02:07:25,GoodsAD/drink_bottle,2,3,0,0.5905,0.5766,0.6907,0.9349,0.1000
2026-10-06 02:07:32,GoodsAD/drink_bottle,2,4,0,0.5702,0.5551,0.6947,0.9124,0.0571
2026-10-06 02:07:41,GoodsAD/drink_bottle,4,0,0,0.5830,0.5680,0.6670,0.9238,0.0848
2026-10-06 02:07:51,GoodsAD/drink_bottle,4,1,0,0.5924,0.5792,0.6780,0.9213,0.0903
2026-10-06 02:08:00,GoodsAD/drink_bottle,4,2,0,0.5790,0.5668,0.6929,0.9376,0.1037
2026-10-06 02:08:10,GoodsAD/drink_bottle,4,3,0,0.5979,0.5863,0.6949,0.9401,0.1331
2026-10-06 02:08:19,GoodsAD/drink_bottle,4,4,0,0.5775,0.5630,0.7115,0.9286,0.0819
2026-10-06 02:08:29,GoodsAD/drink_bottle,5,0,0,0.5920,0.5803,0.6873,0.9315,0.0921
2026-10-06 02:08:40,GoodsAD/drink_bottle,5,1,0,0.5905,0.5794,0.6855,0.9231,0.0877
2026-10-06 02:08:50,GoodsAD/drink_bottle,5,2,0,0.5864,0.5707,0.6965,0.9389,0.1075
2026-10-06 02:09:00,GoodsAD/drink_bottle,5,3,0,0.5958,0.5857,0.6974,0.9417,0.1369
2026-10-06 02:09:11,GoodsAD/drink_bottle,5,4,0,0.5785,0.5685,0.7241,0.9365,0.0920
2026-10-06 02:09:34,AutoVI/tank_screw,1,0,0,0.2131,0.4412,0.3400,0.7511,0.0024
2026-10-06 02:09:37,AutoVI/tank_screw,1,1,0,0.2271,0.4870,0.4270,0.8219,0.0027
2026-10-06 02:09:40,AutoVI/tank_screw,1,2,0,0.2315,0.4772,0.3494,0.7738,0.0027
2026-10-06 02:09:43,AutoVI/tank_screw,1,3,0,0.2138,0.4496,0.5405,0.8123,0.0037
2026-10-06 02:09:47,AutoVI/tank_screw,1,4,0,0.2048,0.4058,0.3765,0.7749,0.0031
2026-10-06 02:09:51,AutoVI/tank_screw,2,0,0,0.2103,0.4423,0.4381,0.8090,0.0032
2026-10-06 02:09:54,AutoVI/tank_screw,2,1,0,0.2295,0.4976,0.4880,0.8428,0.0038
2026-10-06 02:09:58,AutoVI/tank_screw,2,2,0,0.2276,0.4426,0.5045,0.8286,0.0048
2026-10-06 02:10:02,AutoVI/tank_screw,2,3,0,0.2000,0.4109,0.5470,0.8353,0.0028
2026-10-06 02:10:06,AutoVI/tank_screw,2,4,0,0.1997,0.4027,0.3099,0.7511,0.0018
2026-10-06 02:10:11,AutoVI/tank_screw,4,0,0,0.1925,0.4163,0.4274,0.8097,0.0032
2026-10-06 02:10:16,AutoVI/tank_screw,4,1,0,0.2215,0.4685,0.4666,0.8531,0.0032
2026-10-06 02:10:20,AutoVI/tank_screw,4,2,0,0.1902,0.4124,0.4815,0.8439,0.0032
2026-10-06 02:10:25,AutoVI/tank_screw,4,3,0,0.2010,0.4045,0.4670,0.8188,0.0029
2026-10-06 02:10:30,AutoVI/tank_screw,4,4,0,0.1967,0.4089,0.3430,0.7808,0.0022
2026-10-06 02:10:36,AutoVI/tank_screw,5,0,0,0.2009,0.4459,0.4480,0.8198,0.0036
2026-10-06 02:10:41,AutoVI/tank_screw,5,1,0,0.2213,0.4640,0.4842,0.8615,0.0035
2026-10-06 02:10:47,AutoVI/tank_screw,5,2,0,0.1876,0.4011,0.4797,0.8314,0.0030
2026-10-06 02:10:53,AutoVI/tank_screw,5,3,0,0.2131,0.4346,0.4242,0.8245,0.0029
2026-10-06 02:10:58,AutoVI/tank_screw,5,4,0,0.1962,0.4062,0.3300,0.7747,0.0023
2026-10-06 02:11:39,mvtec_loco_AD/pushpins,1,0,0,0.6256,0.5615,0.4243,0.7597,0.3962
2026-10-06 02:11:42,mvtec_loco_AD/pushpins,1,1,0,0.6154,0.5343,0.3655,0.7532,0.3276
2026-10-06 02:11:45,mvtec_loco_AD/pushpins,1,2,0,0.5762,0.5198,0.3790,0.7573,0.3169
2026-10-06 02:11:47,mvtec_loco_AD/pushpins,1,3,0,0.6446,0.5567,0.4014,0.7582,0.3248
2026-10-06 02:11:50,mvtec_loco_AD/pushpins,1,4,0,0.5787,0.5035,0.4007,0.7594,0.3150
2026-10-06 02:11:54,mvtec_loco_AD/pushpins,2,0,0,0.6235,0.5586,0.4373,0.7650,0.4065
2026-10-06 02:11:58,mvtec_loco_AD/pushpins,2,1,0,0.5870,0.4962,0.4281,0.7588,0.3791
2026-10-06 02:12:01,mvtec_loco_AD/pushpins,2,2,0,0.6208,0.5462,0.4029,0.7603,0.3787
2026-10-06 02:12:05,mvtec_loco_AD/pushpins,2,3,0,0.6064,0.5058,0.3917,0.7583,0.3430
2026-10-06 02:12:08,mvtec_loco_AD/pushpins,2,4,0,0.6289,0.5391,0.4204,0.7623,0.3767
2026-10-06 02:12:14,mvtec_loco_AD/pushpins,4,0,0,0.6106,0.5451,0.4742,0.7697,0.4217
2026-10-06 02:12:20,mvtec_loco_AD/pushpins,4,1,0,0.5886,0.5198,0.4455,0.7609,0.3828
2026-10-06 02:12:25,mvtec_loco_AD/pushpins,4,2,0,0.6201,0.5414,0.4314,0.7644,0.4004
2026-10-06 02:12:30,mvtec_loco_AD/pushpins,4,3,0,0.6002,0.5141,0.4269,0.7647,0.3805
2026-10-06 02:12:36,mvtec_loco_AD/pushpins,4,4,0,0.6129,0.5410,0.4429,0.7648,0.3926
2026-10-06 02:12:42,mvtec_loco_AD/pushpins,5,0,0,0.6082,0.5419,0.4774,0.7696,0.4212
2026-10-06 02:12:49,mvtec_loco_AD/pushpins,5,1,0,0.6323,0.5706,0.4585,0.7650,0.4029
2026-10-06 02:12:55,mvtec_loco_AD/pushpins,5,2,0,0.6399,0.5728,0.4513,0.7657,0.4194
2026-10-06 02:13:02,mvtec_loco_AD/pushpins,5,3,0,0.5794,0.5025,0.4514,0.7672,0.4068
2026-10-06 02:13:08,mvtec_loco_AD/pushpins,5,4,0,0.6224,0.5580,0.4477,0.7660,0.3947
2026-10-06 02:13:31,btad/03,1,0,0,0.9159,0.9931,0.9796,0.9959,0.6964
2026-10-06 02:13:35,btad/03,1,1,0,0.9655,0.9982,0.9831,0.9969,0.7248
2026-10-06 02:13:38,btad/03,1,2,0,0.9118,0.9935,0.9768,0.9946,0.6746
2026-10-06 02:13:42,btad/03,1,3,0,0.9665,0.9983,0.9787,0.9951,0.7122
2026-10-06 02:13:45,btad/03,1,4,0,0.9322,0.9952,0.9866,0.9973,0.7169
2026-10-06 02:13:49,btad/03,2,0,0,0.9480,0.9965,0.9861,0.9972,0.7243
2026-10-06 02:13:54,btad/03,2,1,0,0.9655,0.9982,0.9856,0.9973,0.7346
2026-10-06 02:13:57,btad/03,2,2,0,0.9152,0.9943,0.9817,0.9961,0.7029
2026-10-06 02:14:02,btad/03,2,3,0,0.9665,0.9983,0.9865,0.9970,0.7150
2026-10-06 02:14:06,btad/03,2,4,0,0.9237,0.9939,0.9834,0.9970,0.7211
2026-10-06 02:14:11,btad/03,4,0,0,0.9628,0.9980,0.9870,0.9975,0.7276
2026-10-06 02:14:16,btad/03,4,1,0,0.9546,0.9977,0.9877,0.9977,0.7376
2026-10-06 02:14:21,btad/03,4,2,0,0.9421,0.9964,0.9868,0.9972,0.7162
2026-10-06 02:14:26,btad/03,4,3,0,0.9665,0.9983,0.9865,0.9973,0.7210
2026-10-06 02:14:32,btad/03,4,4,0,0.9515,0.9967,0.9870,0.9975,0.7337
2026-10-06 02:14:38,btad/03,5,0,0,0.9556,0.9975,0.9869,0.9975,0.7239
2026-10-06 02:14:43,btad/03,5,1,0,0.9637,0.9981,0.9885,0.9978,0.7362
2026-10-06 02:14:49,btad/03,5,2,0,0.9394,0.9957,0.9870,0.9972,0.7137
2026-10-06 02:14:55,btad/03,5,3,0,0.9665,0.9983,0.9870,0.9974,0.7236
2026-10-06 02:15:01,btad/03,5,4,0,0.9484,0.9966,0.9870,0.9976,0.7310
2026-10-06 02:15:56,GoodsAD/drink_can,1,0,0,0.4951,0.4983,0.5515,0.7806,0.0423
2026-10-06 02:15:59,GoodsAD/drink_can,1,1,0,0.5288,0.5273,0.5469,0.8977,0.0998
2026-10-06 02:16:02,GoodsAD/drink_can,1,2,0,0.5130,0.5086,0.5329,0.7689,0.0446
2026-10-06 02:16:05,GoodsAD/drink_can,1,3,0,0.5345,0.5475,0.4937,0.9194,0.1233
2026-10-06 02:16:08,GoodsAD/drink_can,1,4,0,0.5345,0.5475,0.4937,0.9194,0.1233
2026-10-06 02:16:12,GoodsAD/drink_can,2,0,0,0.5479,0.5627,0.6714,0.8999,0.0991
2026-10-06 02:16:16,GoodsAD/drink_can,2,1,0,0.5356,0.5451,0.5467,0.9047,0.1063
2026-10-06 02:16:20,GoodsAD/drink_can,2,2,0,0.5211,0.5116,0.5725,0.7687,0.0427
2026-10-06 02:16:25,GoodsAD/drink_can,2,3,0,0.5424,0.5596,0.5117,0.9067,0.1128
2026-10-06 02:16:29,GoodsAD/drink_can,2,4,0,0.5346,0.5463,0.5277,0.9078,0.1046
2026-10-06 02:16:35,GoodsAD/drink_can,4,0,0,0.5729,0.5751,0.7156,0.8795,0.0888
2026-10-06 02:16:41,GoodsAD/drink_can,4,1,0,0.5484,0.5683,0.7403,0.9041,0.1037
2026-10-06 02:16:46,GoodsAD/drink_can,4,2,0,0.5518,0.5741,0.7331,0.8940,0.0999
2026-10-06 02:16:52,GoodsAD/drink_can,4,3,0,0.5458,0.5654,0.5309,0.9064,0.1125
2026-10-06 02:16:58,GoodsAD/drink_can,4,4,0,0.5671,0.5924,0.7239,0.9154,0.1212
2026-10-06 02:17:05,GoodsAD/drink_can,5,0,0,0.5717,0.5787,0.7414,0.8938,0.0988
2026-10-06 02:17:12,GoodsAD/drink_can,5,1,0,0.5657,0.5804,0.7683,0.8994,0.1049
2026-10-06 02:17:19,GoodsAD/drink_can,5,2,0,0.5522,0.5780,0.7380,0.8978,0.1039
2026-10-06 02:17:26,GoodsAD/drink_can,5,3,0,0.5515,0.5691,0.5332,0.9073,0.1135
2026-10-06 02:17:32,GoodsAD/drink_can,5,4,0,0.5662,0.5891,0.6928,0.9171,0.1224
2026-10-06 02:17:53,AutoVI/underbody_pipes,1,0,0,0.9427,0.9679,0.9730,0.9930,0.5223
2026-10-06 02:17:56,AutoVI/underbody_pipes,1,1,0,0.8909,0.9163,0.8318,0.9665,0.3571
2026-10-06 02:17:59,AutoVI/underbody_pipes,1,2,0,0.9483,0.9689,0.8996,0.9809,0.4724
2026-10-06 02:18:02,AutoVI/underbody_pipes,1,3,0,0.9117,0.9494,0.9612,0.9915,0.4681
2026-10-06 02:18:05,AutoVI/underbody_pipes,1,4,0,0.9117,0.9494,0.9612,0.9915,0.4681
2026-10-06 02:18:08,AutoVI/underbody_pipes,2,0,0,0.9349,0.9640,0.9711,0.9929,0.5032
2026-10-06 02:18:11,AutoVI/underbody_pipes,2,1,0,0.9100,0.9459,0.9206,0.9861,0.4578
2026-10-06 02:18:14,AutoVI/underbody_pipes,2,2,0,0.9247,0.9572,0.8871,0.9785,0.4286
2026-10-06 02:18:17,AutoVI/underbody_pipes,2,3,0,0.9195,0.9575,0.9670,0.9928,0.5018
2026-10-06 02:18:20,AutoVI/underbody_pipes,2,4,0,0.9238,0.9586,0.9667,0.9926,0.4862
2026-10-06 02:18:25,AutoVI/underbody_pipes,4,0,0,0.9157,0.9543,0.9630,0.9921,0.4870
2026-10-06 02:18:29,AutoVI/underbody_pipes,4,1,0,0.9258,0.9568,0.9405,0.9894,0.4737
2026-10-06 02:18:34,AutoVI/underbody_pipes,4,2,0,0.9897,0.9910,0.9547,0.9912,0.5215
2026-10-06 02:18:38,AutoVI/underbody_pipes,4,3,0,0.9292,0.9621,0.9646,0.9928,0.5042
2026-10-06 02:18:42,AutoVI/underbody_pipes,4,4,0,0.9218,0.9567,0.9722,0.9934,0.4952
2026-10-06 02:18:47,AutoVI/underbody_pipes,5,0,0,0.9151,0.9546,0.9654,0.9925,0.4913
2026-10-06 02:18:52,AutoVI/underbody_pipes,5,1,0,0.9250,0.9567,0.9423,0.9897,0.4750
2026-10-06 02:18:57,AutoVI/underbody_pipes,5,2,0,0.9889,0.9906,0.9614,0.9924,0.5327
2026-10-06 02:19:02,AutoVI/underbody_pipes,5,3,0,0.9314,0.9641,0.9658,0.9929,0.5066
2026-10-06 02:19:07,AutoVI/underbody_pipes,5,4,0,0.9228,0.9577,0.9730,0.9936,0.5007
2026-10-06 02:19:48,mvtec_loco_AD/screw_bag,1,0,0,0.6926,0.5065,0.4833,0.7165,0.1406
2026-10-06 02:19:51,mvtec_loco_AD/screw_bag,1,1,0,0.7275,0.5348,0.4795,0.7161,0.1379
2026-10-06 02:19:54,mvtec_loco_AD/screw_bag,1,2,0,0.7330,0.5545,0.4602,0.7275,0.1493
2026-10-06 02:19:57,mvtec_loco_AD/screw_bag,1,3,0,0.6997,0.5123,0.5276,0.7241,0.1406
2026-10-06 02:20:00,mvtec_loco_AD/screw_bag,1,4,0,0.7678,0.6115,0.5247,0.7150,0.1420
2026-10-06 02:20:03,mvtec_loco_AD/screw_bag,2,0,0,0.7287,0.5594,0.4666,0.7265,0.1475
2026-10-06 02:20:07,mvtec_loco_AD/screw_bag,2,1,0,0.7432,0.5835,0.4665,0.7292,0.1455
2026-10-06 02:20:10,mvtec_loco_AD/screw_bag,2,2,0,0.7442,0.5823,0.4640,0.7306,0.1513
2026-10-06 02:20:14,mvtec_loco_AD/screw_bag,2,3,0,0.7336,0.5692,0.4964,0.7304,0.1479
2026-10-06 02:20:18,mvtec_loco_AD/screw_bag,2,4,0,0.7728,0.6264,0.5389,0.7236,0.1451
2026-10-06 02:20:23,mvtec_loco_AD/screw_bag,4,0,0,0.7441,0.5857,0.4848,0.7331,0.1492
2026-10-06 02:20:28,mvtec_loco_AD/screw_bag,4,1,0,0.7608,0.6024,0.4868,0.7275,0.1435
2026-10-06 02:20:32,mvtec_loco_AD/screw_bag,4,2,0,0.7602,0.6099,0.4714,0.7328,0.1510
2026-10-06 02:20:37,mvtec_loco_AD/screw_bag,4,3,0,0.7329,0.5561,0.4998,0.7326,0.1504
2026-10-06 02:20:43,mvtec_loco_AD/screw_bag,4,4,0,0.7667,0.6182,0.5064,0.7316,0.1471
2026-10-06 02:20:49,mvtec_loco_AD/screw_bag,5,0,0,0.7485,0.5883,0.4908,0.7347,0.1496
2026-10-06 02:20:54,mvtec_loco_AD/screw_bag,5,1,0,0.7643,0.6180,0.4922,0.7281,0.1444
2026-10-06 02:21:00,mvtec_loco_AD/screw_bag,5,2,0,0.7498,0.5859,0.4758,0.7346,0.1518
2026-10-06 02:21:06,mvtec_loco_AD/screw_bag,5,3,0,0.7327,0.5539,0.5005,0.7368,0.1517
2026-10-06 02:21:12,mvtec_loco_AD/screw_bag,5,4,0,0.7680,0.6176,0.5012,0.7315,0.1468
2026-10-06 02:23:09,GoodsAD/food_bottle,1,0,0,0.6240,0.5305,0.6139,0.8558,0.0464
2026-10-06 02:23:15,GoodsAD/food_bottle,1,1,0,0.6530,0.5818,0.6660,0.9336,0.1272
2026-10-06 02:23:22,GoodsAD/food_bottle,1,2,0,0.6517,0.5987,0.7045,0.9373,0.1273
2026-10-06 02:23:27,GoodsAD/food_bottle,1,3,0,0.6350,0.5464,0.6532,0.9261,0.1098
2026-10-06 02:23:33,GoodsAD/food_bottle,1,4,0,0.6368,0.5536,0.6524,0.9279,0.1192
2026-10-06 02:23:39,GoodsAD/food_bottle,2,0,0,0.6291,0.5503,0.7206,0.9068,0.0854
2026-10-06 02:23:46,GoodsAD/food_bottle,2,1,0,0.6512,0.5725,0.6680,0.8985,0.0675
2026-10-06 02:23:52,GoodsAD/food_bottle,2,2,0,0.6387,0.5816,0.6718,0.9075,0.0741
2026-10-06 02:23:59,GoodsAD/food_bottle,2,3,0,0.6467,0.5722,0.7053,0.9223,0.0975
2026-10-06 02:24:05,GoodsAD/food_bottle,2,4,0,0.6374,0.5555,0.6751,0.9331,0.1364
2026-10-06 02:24:14,GoodsAD/food_bottle,4,0,0,0.6297,0.5432,0.7202,0.9041,0.0821
2026-10-06 02:24:22,GoodsAD/food_bottle,4,1,0,0.6361,0.5668,0.7009,0.9063,0.0754
2026-10-06 02:24:31,GoodsAD/food_bottle,4,2,0,0.6338,0.5706,0.6947,0.9138,0.0838
2026-10-06 02:24:40,GoodsAD/food_bottle,4,3,0,0.6595,0.5936,0.7382,0.9272,0.1050
2026-10-06 02:24:48,GoodsAD/food_bottle,4,4,0,0.6296,0.5470,0.6925,0.9214,0.0959
2026-10-06 02:24:58,GoodsAD/food_bottle,5,0,0,0.6559,0.5900,0.7488,0.9116,0.0906
2026-10-06 02:25:08,GoodsAD/food_bottle,5,1,0,0.6381,0.5681,0.7061,0.9073,0.0769
2026-10-06 02:25:17,GoodsAD/food_bottle,5,2,0,0.6619,0.6012,0.7052,0.9258,0.1049
2026-10-06 02:25:27,GoodsAD/food_bottle,5,3,0,0.6593,0.5956,0.7398,0.9246,0.0996
2026-10-06 02:25:37,GoodsAD/food_bottle,5,4,0,0.6388,0.5602,0.7150,0.9237,0.0962
2026-10-06 02:26:00,AutoVI/underbody_screw,1,0,0,0.0411,0.4274,0.4131,0.7776,0.0004
2026-10-06 02:26:03,AutoVI/underbody_screw,1,1,0,0.0668,0.6410,0.5462,0.8629,0.0006
2026-10-06 02:26:06,AutoVI/underbody_screw,1,2,0,0.0452,0.4794,0.5178,0.8549,0.0006
2026-10-06 02:26:09,AutoVI/underbody_screw,1,3,0,0.0511,0.5560,0.5811,0.8739,0.0007
2026-10-06 02:26:13,AutoVI/underbody_screw,1,4,0,0.0483,0.5074,0.4784,0.8365,0.0006
2026-10-06 02:26:17,AutoVI/underbody_screw,2,0,0,0.0437,0.4679,0.6849,0.8956,0.0009
2026-10-06 02:26:21,AutoVI/underbody_screw,2,1,0,0.0563,0.5973,0.5606,0.8680,0.0007
2026-10-06 02:26:25,AutoVI/underbody_screw,2,2,0,0.0459,0.4774,0.7732,0.9301,0.0013
2026-10-06 02:26:28,AutoVI/underbody_screw,2,3,0,0.0552,0.5982,0.5154,0.8537,0.0006
2026-10-06 02:26:32,AutoVI/underbody_screw,2,4,0,0.0456,0.4884,0.4844,0.8417,0.0006
2026-10-06 02:26:37,AutoVI/underbody_screw,4,0,0,0.0482,0.5206,0.7368,0.9203,0.0011
2026-10-06 02:26:42,AutoVI/underbody_screw,4,1,0,0.1453,0.6656,0.9285,0.9785,0.0076
2026-10-06 02:26:47,AutoVI/underbody_screw,4,2,0,0.0450,0.4825,0.7452,0.9230,0.0012
2026-10-06 02:26:52,AutoVI/underbody_screw,4,3,0,0.0715,0.6512,0.7959,0.9387,0.0015
2026-10-06 02:26:57,AutoVI/underbody_screw,4,4,0,0.0604,0.6107,0.6494,0.8944,0.0008
2026-10-06 02:27:02,AutoVI/underbody_screw,5,0,0,0.0478,0.5177,0.7257,0.9171,0.0010
2026-10-06 02:27:08,AutoVI/underbody_screw,5,1,0,0.1459,0.6699,0.9300,0.9790,0.0077
2026-10-06 02:27:13,AutoVI/underbody_screw,5,2,0,0.0497,0.5287,0.7878,0.9363,0.0014
2026-10-06 02:27:19,AutoVI/underbody_screw,5,3,0,0.0703,0.6425,0.8041,0.9412,0.0016
2026-10-06 02:27:25,AutoVI/underbody_screw,5,4,0,0.0605,0.6133,0.6529,0.8955,0.0008
2026-10-06 02:28:04,mvtec_loco_AD/splicing_connectors,1,0,0,0.7116,0.6331,0.3887,0.7473,0.2502
2026-10-06 02:28:07,mvtec_loco_AD/splicing_connectors,1,1,0,0.7176,0.6385,0.4170,0.7385,0.2205
2026-10-06 02:28:10,mvtec_loco_AD/splicing_connectors,1,2,0,0.7225,0.6436,0.4162,0.7470,0.2475
2026-10-06 02:28:13,mvtec_loco_AD/splicing_connectors,1,3,0,0.8156,0.7116,0.4450,0.7472,0.2378
2026-10-06 02:28:16,mvtec_loco_AD/splicing_connectors,1,4,0,0.7262,0.6470,0.4233,0.7568,0.2671
2026-10-06 02:28:21,mvtec_loco_AD/splicing_connectors,2,0,0,0.7356,0.6676,0.4271,0.7638,0.2663
2026-10-06 02:28:25,mvtec_loco_AD/splicing_connectors,2,1,0,0.8926,0.8195,0.4439,0.7693,0.2921
2026-10-06 02:28:29,mvtec_loco_AD/splicing_connectors,2,2,0,0.7231,0.6528,0.4194,0.7413,0.2424
2026-10-06 02:28:34,mvtec_loco_AD/splicing_connectors,2,3,0,0.9058,0.8372,0.4213,0.7778,0.3202
2026-10-06 02:28:38,mvtec_loco_AD/splicing_connectors,2,4,0,0.7202,0.6459,0.4420,0.7646,0.2756
2026-10-06 02:28:44,mvtec_loco_AD/splicing_connectors,4,0,0,0.7405,0.6723,0.4561,0.7771,0.2911
2026-10-06 02:28:51,mvtec_loco_AD/splicing_connectors,4,1,0,0.8945,0.8206,0.4440,0.7705,0.3042
2026-10-06 02:28:58,mvtec_loco_AD/splicing_connectors,4,2,0,0.8645,0.7779,0.4468,0.7582,0.2725
2026-10-06 02:29:05,mvtec_loco_AD/splicing_connectors,4,3,0,0.8972,0.8170,0.4362,0.7792,0.3244
2026-10-06 02:29:12,mvtec_loco_AD/splicing_connectors,4,4,0,0.8811,0.8019,0.4449,0.7865,0.3292
2026-10-06 02:29:20,mvtec_loco_AD/splicing_connectors,5,0,0,0.7370,0.6699,0.4301,0.7756,0.2957
2026-10-06 02:29:28,mvtec_loco_AD/splicing_connectors,5,1,0,0.8929,0.8187,0.4445,0.7591,0.2901
2026-10-06 02:29:36,mvtec_loco_AD/splicing_connectors,5,2,0,0.8719,0.7937,0.4669,0.7778,0.3158
2026-10-06 02:29:44,mvtec_loco_AD/splicing_connectors,5,3,0,0.8929,0.8084,0.4435,0.7753,0.3203
2026-10-06 02:29:52,mvtec_loco_AD/splicing_connectors,5,4,0,0.8797,0.8021,0.4543,0.7867,0.3337
2026-10-06 02:31:14,GoodsAD/food_box,1,0,0,0.6578,0.5394,0.5692,0.8554,0.0351
2026-10-06 02:31:18,GoodsAD/food_box,1,1,0,0.6841,0.5499,0.6040,0.8740,0.0396
2026-10-06 02:31:23,GoodsAD/food_box,1,2,0,0.6983,0.5821,0.5865,0.8543,0.0351
2026-10-06 02:31:27,GoodsAD/food_box,1,3,0,0.6581,0.5342,0.5960,0.8606,0.0356
2026-10-06 02:31:31,GoodsAD/food_box,1,4,0,0.6826,0.5643,0.5514,0.8374,0.0303
2026-10-06 02:31:36,GoodsAD/food_box,2,0,0,0.6632,0.5372,0.5950,0.8704,0.0392
2026-10-06 02:31:41,GoodsAD/food_box,2,1,0,0.6778,0.5652,0.6084,0.8806,0.0416
2026-10-06 02:31:47,GoodsAD/food_box,2,2,0,0.6664,0.5421,0.6053,0.8592,0.0361
2026-10-06 02:31:52,GoodsAD/food_box,2,3,0,0.6532,0.5294,0.6040,0.8725,0.0386
2026-10-06 02:31:56,GoodsAD/food_box,2,4,0,0.6863,0.5771,0.6122,0.8653,0.0381
2026-10-06 02:32:03,GoodsAD/food_box,4,0,0,0.6711,0.5446,0.6641,0.8923,0.0480
2026-10-06 02:32:11,GoodsAD/food_box,4,1,0,0.6719,0.5474,0.6191,0.8892,0.0454
2026-10-06 02:32:18,GoodsAD/food_box,4,2,0,0.6655,0.5641,0.6242,0.8724,0.0398
2026-10-06 02:32:25,GoodsAD/food_box,4,3,0,0.6623,0.5477,0.6256,0.8739,0.0398
2026-10-06 02:32:32,GoodsAD/food_box,4,4,0,0.6717,0.5574,0.6458,0.8863,0.0443
2026-10-06 02:32:41,GoodsAD/food_box,5,0,0,0.6525,0.5416,0.6771,0.8964,0.0498
2026-10-06 02:32:49,GoodsAD/food_box,5,1,0,0.6596,0.5518,0.6266,0.8900,0.0457
2026-10-06 02:32:57,GoodsAD/food_box,5,2,0,0.6526,0.5451,0.6279,0.8816,0.0430
2026-10-06 02:33:05,GoodsAD/food_box,5,3,0,0.6552,0.5399,0.6448,0.8796,0.0418
2026-10-06 02:33:13,GoodsAD/food_box,5,4,0,0.6709,0.5666,0.6559,0.8905,0.0464
2026-10-06 02:34:36,GoodsAD/food_package,1,0,0,0.5064,0.5112,0.4521,0.8351,0.0177
2026-10-06 02:34:41,GoodsAD/food_package,1,1,0,0.5028,0.5109,0.5099,0.8581,0.0207
2026-10-06 02:34:46,GoodsAD/food_package,1,2,0,0.4895,0.4959,0.5546,0.8934,0.0242
2026-10-06 02:34:50,GoodsAD/food_package,1,3,0,0.4818,0.4886,0.5869,0.8965,0.0273
2026-10-06 02:34:54,GoodsAD/food_package,1,4,0,0.4880,0.5041,0.5601,0.8686,0.0236
2026-10-06 02:35:01,GoodsAD/food_package,2,0,0,0.5014,0.5084,0.5400,0.8726,0.0229
2026-10-06 02:35:06,GoodsAD/food_package,2,1,0,0.5011,0.5112,0.5662,0.8794,0.0232
2026-10-06 02:35:12,GoodsAD/food_package,2,2,0,0.4988,0.5135,0.5696,0.8993,0.0269
2026-10-06 02:35:17,GoodsAD/food_package,2,3,0,0.4906,0.5051,0.5605,0.8892,0.0260
2026-10-06 02:35:23,GoodsAD/food_package,2,4,0,0.4955,0.5143,0.6050,0.8912,0.0287
2026-10-06 02:35:31,GoodsAD/food_package,4,0,0,0.5153,0.5169,0.5874,0.8916,0.0276
2026-10-06 02:35:38,GoodsAD/food_package,4,1,0,0.5061,0.5179,0.6001,0.8948,0.0280
2026-10-06 02:35:46,GoodsAD/food_package,4,2,0,0.5003,0.5104,0.6060,0.9032,0.0301
2026-10-06 02:35:53,GoodsAD/food_package,4,3,0,0.4903,0.5083,0.5892,0.8993,0.0289
2026-10-06 02:36:01,GoodsAD/food_package,4,4,0,0.4981,0.5142,0.6092,0.8953,0.0284
2026-10-06 02:36:10,GoodsAD/food_package,5,0,0,0.5179,0.5188,0.5918,0.8944,0.0285
2026-10-06 02:36:18,GoodsAD/food_package,5,1,0,0.5079,0.5192,0.6063,0.8993,0.0290
2026-10-06 02:36:27,GoodsAD/food_package,5,2,0,0.5032,0.5119,0.6208,0.9084,0.0316
2026-10-06 02:36:36,GoodsAD/food_package,5,3,0,0.4961,0.5108,0.5923,0.9010,0.0301
2026-10-06 02:36:44,GoodsAD/food_package,5,4,0,0.4942,0.5091,0.6110,0.8950,0.0278
2026-10-06 12:05:00,AutoVI/pipe_staple,1,0,0,0.3877,0.5252,0.1847,0.6086,0.0170
2026-10-06 12:05:02,AutoVI/pipe_staple,1,1,0,0.3941,0.5170,0.2312,0.6199,0.0189
2026-10-06 12:05:04,AutoVI/pipe_staple,1,2,0,0.3452,0.3976,0.1350,0.5912,0.0159
2026-10-06 12:05:06,AutoVI/pipe_staple,1,3,0,0.3948,0.5075,0.2422,0.6463,0.0201
2026-10-06 12:05:09,AutoVI/pipe_staple,1,4,0,0.3948,0.5075,0.2422,0.6463,0.0201
2026-10-06 12:05:11,AutoVI/pipe_staple,2,0,0,0.4115,0.5187,0.2445,0.6306,0.0193
2026-10-06 12:05:13,AutoVI/pipe_staple,2,1,0,0.3957,0.5149,0.2377,0.6382,0.0194
2026-10-06 12:05:16,AutoVI/pipe_staple,2,2,0,0.3606,0.4413,0.2711,0.6863,0.0222
2026-10-06 12:05:18,AutoVI/pipe_staple,2,3,0,0.3805,0.4912,0.2460,0.6642,0.0208
2026-10-06 12:05:20,AutoVI/pipe_staple,2,4,0,0.4002,0.4962,0.2258,0.6524,0.0196
2026-10-06 12:05:23,AutoVI/pipe_staple,4,0,0,0.4117,0.5382,0.3032,0.6664,0.0228
2026-10-06 12:05:26,AutoVI/pipe_staple,4,1,0,0.3942,0.5208,0.2968,0.6817,0.0230
2026-10-06 12:05:29,AutoVI/pipe_staple,4,2,0,0.3578,0.4686,0.2994,0.6723,0.0233
2026-10-06 12:05:32,AutoVI/pipe_staple,4,3,0,0.3895,0.5064,0.3079,0.6878,0.0237
2026-10-06 12:05:35,AutoVI/pipe_staple,4,4,0,0.3628,0.4621,0.3264,0.6988,0.0257
2026-10-06 12:05:38,AutoVI/pipe_staple,5,0,0,0.4241,0.5459,0.3128,0.6718,0.0236
2026-10-06 12:05:42,AutoVI/pipe_staple,5,1,0,0.3913,0.5110,0.3059,0.6861,0.0235
2026-10-06 12:05:45,AutoVI/pipe_staple,5,2,0,0.3688,0.4968,0.3203,0.6767,0.0247
2026-10-06 12:05:48,AutoVI/pipe_staple,5,3,0,0.3805,0.4821,0.2973,0.6874,0.0230
2026-10-06 12:05:51,AutoVI/pipe_staple,5,4,0,0.3647,0.4582,0.3283,0.6964,0.0259
