dataset,n_train,seed,method,post,img_ap,img_auroc,auspro_custom,aupro_std,pix_auroc,pix_ap
mvtec_AD/bottle,2,0,knn_galad,own,0.998,0.9937,0.9941,0.9645,0.9898,0.8637
VisA/candle,2,0,knn_galad,own,0.8698,0.8385,0.9628,0.9513,0.9933,0.4678
mvtec_AD/bottle,2,1,knn_galad,own,0.999,0.9968,0.9719,0.96,0.9868,0.8508
mvtec_AD/bottle,2,2,knn_galad,own,0.9975,0.9921,0.9862,0.9605,0.9894,0.8602
mvtec_AD/bottle,2,3,knn_galad,own,0.9988,0.996,0.9248,0.9658,0.9888,0.8651
mvtec_AD/bottle,2,4,knn_galad,own,0.9976,0.9921,0.9459,0.9675,0.9898,0.8685
mvtec_AD/bottle,5,0,knn_galad,own,0.9964,0.9881,0.9209,0.9656,0.9906,0.8655
mvtec_AD/cable,2,0,knn_galad,own,0.9592,0.916,0.9012,0.9249,0.9644,0.7117
mvtec_AD/bottle,5,1,knn_galad,own,0.9993,0.9976,0.9666,0.9633,0.9886,0.8549
mvtec_AD/cable,2,1,knn_galad,own,0.9505,0.9016,0.8775,0.903,0.9549,0.6964
mvtec_AD/bottle,5,2,knn_galad,own,0.9985,0.9952,0.957,0.9619,0.9902,0.8611
mvtec_AD/cable,2,2,knn_galad,own,0.965,0.934,0.922,0.9259,0.9657,0.7144
mvtec_AD/bottle,5,3,knn_galad,own,0.9991,0.9968,0.9161,0.9654,0.99,0.8688
mvtec_AD/cable,2,3,knn_galad,own,0.9628,0.9286,0.9305,0.9212,0.9643,0.7031
mvtec_AD/bottle,5,4,knn_galad,own,0.9982,0.9944,0.915,0.9689,0.9906,0.87
mvtec_AD/cable,2,4,knn_galad,own,0.9585,0.9132,0.9376,0.9208,0.9595,0.6978
mvtec_AD/capsule,2,0,knn_galad,own,0.9697,0.8668,0.951,0.9381,0.9889,0.5381
mvtec_AD/cable,5,0,knn_galad,own,0.9816,0.9668,0.923,0.9307,0.969,0.7162
mvtec_AD/capsule,2,1,knn_galad,own,0.9397,0.775,0.9084,0.9209,0.9834,0.406
mvtec_AD/capsule,2,2,knn_galad,own,0.9643,0.8432,0.9708,0.9474,0.9902,0.5529
mvtec_AD/cable,5,1,knn_galad,own,0.9742,0.9503,0.9081,0.9206,0.9643,0.7096
mvtec_AD/capsule,2,3,knn_galad,own,0.9522,0.8137,0.9466,0.9362,0.9884,0.5259
mvtec_AD/cable,5,2,knn_galad,own,0.9724,0.9487,0.9588,0.9301,0.9677,0.7141
mvtec_AD/capsule,2,4,knn_galad,own,0.9625,0.8468,0.9159,0.935,0.9879,0.5223
mvtec_AD/capsule,5,0,knn_galad,own,0.9665,0.8576,0.9367,0.9482,0.9902,0.5452
mvtec_AD/cable,5,3,knn_galad,own,0.9583,0.9129,0.9138,0.9172,0.9604,0.7028
mvtec_AD/capsule,5,1,knn_galad,own,0.972,0.8835,0.9711,0.9501,0.9906,0.5579
mvtec_AD/cable,5,4,knn_galad,own,0.9665,0.9337,0.9218,0.9281,0.9654,0.6979
mvtec_AD/capsule,5,2,knn_galad,own,0.9672,0.858,0.9534,0.9488,0.9909,0.5626
mvtec_AD/carpet,2,0,knn_galad,own,0.9923,0.9783,0.8935,0.9826,0.997,0.8601
mvtec_AD/carpet,2,1,knn_galad,own,0.9916,0.9767,0.9069,0.9822,0.997,0.8632
mvtec_AD/capsule,5,3,knn_galad,own,0.9631,0.8476,0.9383,0.9468,0.9899,0.5451
mvtec_AD/carpet,2,2,knn_galad,own,0.9901,0.9727,0.8858,0.9801,0.9969,0.8593
mvtec_AD/carpet,2,3,knn_galad,own,0.9914,0.9751,0.8199,0.9815,0.9971,0.8658
mvtec_AD/capsule,5,4,knn_galad,own,0.9761,0.8991,0.9746,0.9494,0.9907,0.5499
mvtec_AD/carpet,2,4,knn_galad,own,0.9896,0.9715,0.8324,0.9775,0.9968,0.8565
mvtec_AD/grid,2,0,knn_galad,own,0.9628,0.8822,0.9499,0.9644,0.992,0.4017
mvtec_AD/grid,2,1,knn_galad,own,0.975,0.9307,0.9379,0.966,0.992,0.4003
mvtec_AD/carpet,5,0,knn_galad,own,0.9935,0.9819,0.8218,0.9821,0.9971,0.8623
mvtec_AD/grid,2,2,knn_galad,own,0.9707,0.9089,0.9427,0.9671,0.9922,0.3972
mvtec_AD/carpet,5,1,knn_galad,own,0.9915,0.9763,0.9485,0.982,0.9971,0.8649
mvtec_AD/grid,2,3,knn_galad,own,0.9449,0.853,0.946,0.9627,0.9916,0.3946
mvtec_AD/carpet,5,2,knn_galad,own,0.9914,0.9755,0.8832,0.9797,0.9969,0.8592
mvtec_AD/grid,2,4,knn_galad,own,0.9644,0.8981,0.9728,0.9639,0.9915,0.3912
mvtec_AD/grid,5,0,knn_galad,own,0.9734,0.9215,0.94,0.965,0.992,0.4031
mvtec_AD/carpet,5,3,knn_galad,own,0.9912,0.9743,0.8169,0.9814,0.997,0.8639
mvtec_AD/carpet,5,4,knn_galad,own,0.9896,0.9703,0.8767,0.9765,0.9968,0.8577
mvtec_AD/grid,5,1,knn_galad,own,0.9825,0.9566,0.9595,0.9656,0.992,0.3992
mvtec_AD/hazelnut,2,0,knn_galad,own,0.8744,0.7961,0.9092,0.9253,0.9944,0.8379
mvtec_AD/grid,5,2,knn_galad,own,0.984,0.9541,0.9783,0.9679,0.9926,0.4091
mvtec_AD/hazelnut,2,1,knn_galad,own,0.9385,0.8879,0.9547,0.9545,0.9953,0.8415
mvtec_AD/hazelnut,2,2,knn_galad,own,0.9492,0.9039,0.9499,0.9427,0.9948,0.843
mvtec_AD/grid,5,3,knn_galad,own,0.9844,0.9557,0.931,0.9668,0.9922,0.4061
mvtec_AD/hazelnut,2,3,knn_galad,own,0.9388,0.8936,0.9439,0.9518,0.9951,0.8382
mvtec_AD/hazelnut,2,4,knn_galad,own,0.9251,0.8718,0.9589,0.9545,0.9952,0.8457
mvtec_AD/grid,5,4,knn_galad,own,0.9755,0.9348,0.9744,0.9667,0.9924,0.4056
mvtec_AD/hazelnut,5,0,knn_galad,own,0.9405,0.885,0.9658,0.9383,0.9955,0.8665
mvtec_AD/leather,2,0,knn_galad,own,0.9998,0.9993,0.9581,0.9719,0.9911,0.2999
mvtec_AD/leather,2,1,knn_galad,own,0.9998,0.9993,0.9946,0.9725,0.9902,0.2728
mvtec_AD/hazelnut,5,1,knn_galad,own,0.9574,0.9189,0.958,0.9555,0.9955,0.8536
mvtec_AD/leather,2,2,knn_galad,own,1.0,1.0,0.9149,0.9748,0.9912,0.2964
mvtec_AD/hazelnut,5,2,knn_galad,own,0.9612,0.9282,0.9727,0.9489,0.9955,0.8551
mvtec_AD/leather,2,3,knn_galad,own,0.9996,0.999,0.9455,0.9727,0.9907,0.2827
mvtec_AD/hazelnut,5,3,knn_galad,own,0.947,0.9061,0.9405,0.9564,0.996,0.8642
mvtec_AD/leather,2,4,knn_galad,own,0.9996,0.999,0.9323,0.9742,0.9912,0.2965
mvtec_AD/hazelnut,5,4,knn_galad,own,0.9346,0.8846,0.9711,0.9565,0.9955,0.8611
mvtec_AD/leather,5,0,knn_galad,own,0.9995,0.9986,0.9646,0.972,0.991,0.2961
mvtec_AD/metal_nut,2,0,knn_galad,own,0.9672,0.8578,0.9375,0.9379,0.9766,0.8128
mvtec_AD/leather,5,1,knn_galad,own,0.9994,0.9983,0.9512,0.9723,0.9906,0.2821
mvtec_AD/metal_nut,2,1,knn_galad,own,0.9679,0.8592,0.9264,0.9387,0.9745,0.8006
mvtec_AD/metal_nut,2,2,knn_galad,own,0.9645,0.8548,0.9198,0.9368,0.9754,0.8168
mvtec_AD/leather,5,2,knn_galad,own,0.9998,0.9993,0.9093,0.9744,0.9911,0.2964
mvtec_AD/metal_nut,2,3,knn_galad,own,0.9564,0.8143,0.943,0.9383,0.9767,0.8145
mvtec_AD/metal_nut,2,4,knn_galad,own,0.9691,0.8719,0.9412,0.9378,0.977,0.8209
mvtec_AD/leather,5,3,knn_galad,own,0.9996,0.999,0.9997,0.9736,0.9907,0.2911
mvtec_AD/metal_nut,5,0,knn_galad,own,0.9672,0.8646,0.9247,0.9421,0.9802,0.8309
mvtec_AD/leather,5,4,knn_galad,own,0.9998,0.9993,0.9229,0.9746,0.9912,0.2982
mvtec_AD/metal_nut,5,1,knn_galad,own,0.9781,0.9008,0.9739,0.9456,0.9793,0.8228
mvtec_AD/pill,2,0,knn_galad,own,0.9829,0.9105,0.9787,0.9605,0.9577,0.5306
mvtec_AD/metal_nut,5,2,knn_galad,own,0.9649,0.8539,0.9594,0.9421,0.9764,0.8133
mvtec_AD/pill,2,1,knn_galad,own,0.9817,0.9007,0.938,0.9584,0.9548,0.5206
mvtec_AD/metal_nut,5,3,knn_galad,own,0.9578,0.8226,0.9286,0.9401,0.9797,0.8265
mvtec_AD/pill,2,2,knn_galad,own,0.9903,0.9463,0.9839,0.9549,0.9545,0.5216
mvtec_AD/metal_nut,5,4,knn_galad,own,0.9651,0.8543,0.9711,0.943,0.9787,0.8189
mvtec_AD/pill,2,3,knn_galad,own,0.9861,0.9261,0.9541,0.9497,0.9461,0.5008
mvtec_AD/screw,2,0,knn_galad,own,0.8923,0.7588,0.9373,0.9342,0.9881,0.4474
mvtec_AD/pill,2,4,knn_galad,own,0.9748,0.8688,0.9739,0.9582,0.959,0.5331
mvtec_AD/screw,2,1,knn_galad,own,0.8548,0.6598,0.9039,0.9314,0.9895,0.4441
mvtec_AD/pill,5,0,knn_galad,own,0.9831,0.9105,0.9776,0.9598,0.9599,0.5396
mvtec_AD/screw,2,2,knn_galad,own,0.8882,0.7473,0.938,0.9257,0.988,0.4358
mvtec_AD/screw,2,3,knn_galad,own,0.8775,0.704,0.929,0.9401,0.9902,0.4678
mvtec_AD/pill,5,1,knn_galad,own,0.9834,0.9092,0.9317,0.9612,0.9586,0.531
mvtec_AD/screw,2,4,knn_galad,own,0.8735,0.7081,0.9078,0.9234,0.9883,0.4687
mvtec_AD/pill,5,2,knn_galad,own,0.9836,0.9122,0.9881,0.9607,0.9599,0.5354
mvtec_AD/screw,5,0,knn_galad,own,0.9279,0.8412,0.954,0.9519,0.9929,0.4833
mvtec_AD/pill,5,3,knn_galad,own,0.9863,0.9255,0.9826,0.9601,0.9582,0.5353
mvtec_AD/screw,5,1,knn_galad,own,0.8469,0.6663,0.9204,0.9554,0.9941,0.5119
mvtec_AD/screw,5,2,knn_galad,own,0.9046,0.7762,0.9256,0.9458,0.9923,0.4875
mvtec_AD/pill,5,4,knn_galad,own,0.9824,0.9059,0.9746,0.9583,0.9591,0.5374
mvtec_AD/screw,5,3,knn_galad,own,0.8767,0.7399,0.9452,0.9515,0.9922,0.4862
mvtec_AD/tile,2,0,knn_galad,own,1.0,1.0,0.9936,0.9617,0.986,0.8454
mvtec_AD/tile,2,1,knn_galad,own,1.0,1.0,0.9214,0.9613,0.9863,0.8512
mvtec_AD/screw,5,4,knn_galad,own,0.85,0.6485,0.9386,0.9402,0.9914,0.4667
mvtec_AD/tile,2,2,knn_galad,own,1.0,1.0,0.9108,0.9612,0.9858,0.8455
mvtec_AD/toothbrush,2,0,knn_galad,own,0.9538,0.8861,0.9614,0.9415,0.9943,0.7891
mvtec_AD/toothbrush,2,1,knn_galad,own,0.9858,0.9639,0.9788,0.9512,0.9955,0.7985
mvtec_AD/tile,2,3,knn_galad,own,1.0,1.0,0.9563,0.9594,0.9853,0.8402
mvtec_AD/toothbrush,2,2,knn_galad,own,0.9524,0.8722,0.9743,0.9397,0.9939,0.7775
mvtec_AD/tile,2,4,knn_galad,own,1.0,1.0,0.9581,0.9589,0.985,0.8401
mvtec_AD/toothbrush,2,3,knn_galad,own,0.9737,0.925,0.9753,0.941,0.9949,0.7929
mvtec_AD/toothbrush,2,4,knn_galad,own,0.9579,0.8833,0.9615,0.9344,0.9944,0.7796
mvtec_AD/tile,5,0,knn_galad,own,1.0,1.0,0.9261,0.9609,0.9861,0.8492
mvtec_AD/toothbrush,5,0,knn_galad,own,0.9534,0.8861,0.9652,0.943,0.9947,0.7861
mvtec_AD/toothbrush,5,1,knn_galad,own,0.9809,0.9444,0.9784,0.9554,0.9956,0.7905
mvtec_AD/tile,5,1,knn_galad,own,1.0,1.0,0.9287,0.9617,0.9864,0.8529
mvtec_AD/toothbrush,5,2,knn_galad,own,0.9745,0.925,0.9838,0.9476,0.9955,0.7955
mvtec_AD/tile,5,2,knn_galad,own,1.0,1.0,0.8936,0.9604,0.9858,0.8447
mvtec_AD/toothbrush,5,3,knn_galad,own,0.9697,0.9139,0.9825,0.9407,0.9952,0.7946
mvtec_AD/tile,5,3,knn_galad,own,1.0,1.0,0.9368,0.9594,0.9857,0.8466
mvtec_AD/toothbrush,5,4,knn_galad,own,0.976,0.9222,0.9734,0.9448,0.9955,0.8012
mvtec_AD/wood,2,0,knn_galad,own,0.9793,0.9421,0.8969,0.936,0.9707,0.7005
mvtec_AD/wood,2,1,knn_galad,own,0.9772,0.9368,0.9761,0.933,0.9699,0.7198
mvtec_AD/tile,5,4,knn_galad,own,1.0,1.0,0.9275,0.9601,0.9856,0.843
mvtec_AD/wood,2,2,knn_galad,own,0.9614,0.8807,0.9104,0.9372,0.9723,0.7146
mvtec_AD/transistor,2,0,knn_galad,own,0.9332,0.9525,0.7747,0.8086,0.8921,0.4278
mvtec_AD/wood,2,3,knn_galad,own,0.9809,0.9465,0.8855,0.9314,0.9722,0.7063
mvtec_AD/wood,2,4,knn_galad,own,0.974,0.9281,0.9532,0.9346,0.9711,0.7045
mvtec_AD/transistor,2,1,knn_galad,own,0.9576,0.9671,0.8458,0.8357,0.9224,0.4716
mvtec_AD/transistor,2,2,knn_galad,own,0.9601,0.9679,0.8829,0.8891,0.9483,0.5415
mvtec_AD/wood,5,0,knn_galad,own,0.9782,0.9386,0.9648,0.9372,0.9733,0.7105
mvtec_AD/transistor,2,3,knn_galad,own,0.966,0.9683,0.8577,0.9024,0.9535,0.559
mvtec_AD/wood,5,1,knn_galad,own,0.9756,0.9325,0.9234,0.9331,0.9711,0.7225
mvtec_AD/transistor,2,4,knn_galad,own,0.9689,0.9667,0.936,0.8945,0.9523,0.5586
mvtec_AD/wood,5,2,knn_galad,own,0.973,0.9211,0.9297,0.9386,0.9721,0.7154
mvtec_AD/transistor,5,0,knn_galad,own,0.9627,0.9729,0.8334,0.8574,0.9172,0.4766
mvtec_AD/wood,5,3,knn_galad,own,0.9773,0.9368,0.9018,0.9328,0.9729,0.7273
mvtec_AD/wood,5,4,knn_galad,own,0.9763,0.9325,0.9621,0.9333,0.9678,0.7129
mvtec_AD/transistor,5,1,knn_galad,own,0.9683,0.9754,0.8894,0.8946,0.9481,0.5472
VisA/candle,2,1,knn_galad,own,0.9461,0.9563,0.9262,0.9571,0.9953,0.4814
mvtec_AD/transistor,5,2,knn_galad,own,0.9741,0.9804,0.9335,0.9196,0.9586,0.57
VisA/candle,2,2,knn_galad,own,0.8769,0.8468,0.9604,0.9531,0.9937,0.4728
mvtec_AD/transistor,5,3,knn_galad,own,0.9749,0.9817,0.8957,0.9189,0.9607,0.5809
VisA/candle,2,3,knn_galad,own,0.9178,0.9188,0.8863,0.9559,0.9954,0.4756
mvtec_AD/transistor,5,4,knn_galad,own,0.9752,0.9808,0.9196,0.9217,0.9627,0.5956
VisA/candle,2,4,knn_galad,own,0.9185,0.9322,0.8978,0.9575,0.9953,0.4634
mvtec_AD/zipper,2,0,knn_galad,own,0.9969,0.9882,0.9028,0.9706,0.9899,0.7363
mvtec_AD/zipper,2,1,knn_galad,own,0.9972,0.99,0.8683,0.9661,0.988,0.7092
VisA/candle,5,0,knn_galad,own,0.901,0.8961,0.9109,0.9576,0.995,0.4726
mvtec_AD/zipper,2,2,knn_galad,own,0.9965,0.9874,0.9651,0.9695,0.9893,0.7187
mvtec_AD/zipper,2,3,knn_galad,own,0.9983,0.9937,0.8542,0.9702,0.9901,0.7305
mvtec_AD/zipper,2,4,knn_galad,own,0.998,0.9929,0.8918,0.971,0.99,0.7331
VisA/candle,5,1,knn_galad,own,0.9249,0.9298,0.9646,0.9593,0.9953,0.4714
mvtec_AD/zipper,5,0,knn_galad,own,0.9986,0.9947,0.9541,0.9697,0.9901,0.7311
VisA/candle,5,2,knn_galad,own,0.9062,0.9112,0.8889,0.9579,0.9947,0.4552
mvtec_AD/zipper,5,1,knn_galad,own,0.9967,0.9884,0.8901,0.9684,0.9894,0.7165
mvtec_AD/zipper,5,2,knn_galad,own,0.9971,0.9898,0.8552,0.9693,0.9893,0.7179
VisA/candle,5,3,knn_galad,own,0.9319,0.9389,0.9748,0.9565,0.9953,0.4728
mvtec_AD/zipper,5,3,knn_galad,own,0.9979,0.9926,0.9672,0.9709,0.9902,0.731
mvtec_AD/zipper,5,4,knn_galad,own,0.9976,0.9916,0.8633,0.9694,0.9895,0.7227
VisA/candle,5,4,knn_galad,own,0.9048,0.9114,0.8701,0.9589,0.9952,0.4598
VisA/capsules,2,0,knn_galad,own,0.8499,0.7202,0.871,0.935,0.9952,0.6403
VisA/capsules,2,1,knn_galad,own,0.9395,0.8967,0.8934,0.9483,0.9963,0.6684
VisA/cashew,2,0,knn_galad,own,0.929,0.8864,0.9038,0.9538,0.9903,0.6718
VisA/capsules,2,2,knn_galad,own,0.93,0.8765,0.9031,0.9556,0.9957,0.6401
VisA/cashew,2,1,knn_galad,own,0.9528,0.9156,0.9795,0.9642,0.9894,0.6499
VisA/capsules,2,3,knn_galad,own,0.9022,0.8195,0.8599,0.9216,0.9933,0.6333
VisA/cashew,2,2,knn_galad,own,0.9137,0.834,0.9139,0.9562,0.989,0.6464
VisA/capsules,2,4,knn_galad,own,0.8595,0.7525,0.9361,0.9414,0.9954,0.6486
VisA/cashew,2,3,knn_galad,own,0.9321,0.8914,0.9608,0.9563,0.9914,0.6861
VisA/cashew,2,4,knn_galad,own,0.9308,0.8772,0.9677,0.9545,0.9911,0.6775
VisA/capsules,5,0,knn_galad,own,0.8818,0.7733,0.9176,0.9408,0.9955,0.6454
VisA/cashew,5,0,knn_galad,own,0.9474,0.917,0.8686,0.9593,0.9918,0.6912
VisA/capsules,5,1,knn_galad,own,0.9384,0.8903,0.954,0.9647,0.9951,0.654
VisA/cashew,5,1,knn_galad,own,0.9509,0.918,0.8984,0.9628,0.9923,0.6992
VisA/capsules,5,2,knn_galad,own,0.9225,0.877,0.9706,0.9569,0.9967,0.6479
VisA/cashew,5,2,knn_galad,own,0.9494,0.9172,0.8777,0.9553,0.9919,0.6906
VisA/capsules,5,3,knn_galad,own,0.918,0.8475,0.9393,0.9494,0.9962,0.6643
VisA/capsules,5,4,knn_galad,own,0.8396,0.7257,0.8449,0.9301,0.9967,0.6606
VisA/chewinggum,2,0,knn_galad,own,0.9686,0.94,0.9467,0.941,0.9942,0.7599
VisA/chewinggum,2,1,knn_galad,own,0.9658,0.9352,0.9015,0.9485,0.9952,0.7614
VisA/chewinggum,2,2,knn_galad,own,0.9577,0.912,0.9339,0.941,0.9951,0.7515
VisA/chewinggum,2,3,knn_galad,own,0.9758,0.952,0.964,0.9505,0.9948,0.763
VisA/chewinggum,2,4,knn_galad,own,0.962,0.9326,0.837,0.9465,0.9947,0.75
VisA/chewinggum,5,0,knn_galad,own,0.9806,0.9642,0.8141,0.9424,0.9944,0.7681
VisA/chewinggum,5,1,knn_galad,own,0.982,0.9696,0.9754,0.9472,0.9943,0.7601
VisA/chewinggum,5,2,knn_galad,own,0.9734,0.9502,0.9229,0.9449,0.9944,0.7646
VisA/chewinggum,5,3,knn_galad,own,0.9695,0.943,0.9601,0.9455,0.9936,0.7596
VisA/chewinggum,5,4,knn_galad,own,0.9621,0.9288,0.9462,0.9458,0.9945,0.7543
VisA/macaroni1,2,0,knn_galad,own,0.7121,0.6729,0.8702,0.9402,0.9841,0.0787
VisA/macaroni1,2,1,knn_galad,own,0.6538,0.6345,0.9001,0.9362,0.984,0.0723
VisA/macaroni1,2,2,knn_galad,own,0.7055,0.6846,0.9503,0.9557,0.9879,0.0715
VisA/macaroni1,2,3,knn_galad,own,0.7096,0.7115,0.8811,0.9529,0.9898,0.0748
VisA/macaroni1,2,4,knn_galad,own,0.7771,0.7662,0.8955,0.9333,0.984,0.074
VisA/macaroni1,5,0,knn_galad,own,0.7306,0.7041,0.9061,0.9382,0.9867,0.0635
VisA/macaroni1,5,1,knn_galad,own,0.731,0.7019,0.9462,0.9569,0.9887,0.0652
VisA/macaroni1,5,2,knn_galad,own,0.6887,0.6663,0.9367,0.935,0.9866,0.0559
VisA/macaroni1,5,3,knn_galad,own,0.742,0.7253,0.8751,0.9465,0.9889,0.0666
VisA/macaroni1,5,4,knn_galad,own,0.7588,0.7384,0.9009,0.9305,0.9847,0.0654
VisA/pcb1,2,0,knn_galad,own,0.9014,0.9002,0.9048,0.9433,0.9959,0.8739
VisA/pcb1,2,1,knn_galad,own,0.7802,0.7501,0.9732,0.9576,0.9966,0.8806
VisA/pcb1,2,2,knn_galad,own,0.9138,0.9096,0.9336,0.9348,0.9941,0.8569
VisA/pcb1,2,3,knn_galad,own,0.8057,0.7725,0.9421,0.9524,0.996,0.8715
VisA/pcb1,2,4,knn_galad,own,0.834,0.8229,0.9584,0.9488,0.9959,0.8727
VisA/pcb1,5,0,knn_galad,own,0.9301,0.9265,0.9058,0.9432,0.9962,0.8776
VisA/pcb1,5,1,knn_galad,own,0.9228,0.916,0.9805,0.9613,0.9971,0.8762
VisA/pcb1,5,2,knn_galad,own,0.9146,0.915,0.9336,0.9536,0.9966,0.8703
VisA/pcb1,5,3,knn_galad,own,0.9412,0.9302,0.8981,0.952,0.9966,0.8751
VisA/pcb1,5,4,knn_galad,own,0.9304,0.9296,0.9282,0.954,0.9967,0.8752
VisA/pcb3,2,0,knn_galad,own,0.8294,0.8252,0.9167,0.9149,0.9815,0.4465
VisA/pcb3,2,1,knn_galad,own,0.7296,0.6872,0.9078,0.9031,0.9833,0.4602
VisA/pcb3,2,2,knn_galad,own,0.7995,0.7716,0.9064,0.9138,0.9848,0.5055
VisA/pcb3,2,3,knn_galad,own,0.7811,0.7483,0.9242,0.9281,0.983,0.4676
VisA/pcb3,2,4,knn_galad,own,0.8058,0.7735,0.91,0.894,0.9819,0.497
VisA/pcb3,5,0,knn_galad,own,0.8303,0.809,0.9317,0.9342,0.9877,0.4982
VisA/pcb3,5,1,knn_galad,own,0.8122,0.795,0.9567,0.9351,0.989,0.5118
VisA/pcb3,5,2,knn_galad,own,0.8291,0.8056,0.9342,0.9172,0.9878,0.5117
VisA/pcb3,5,3,knn_galad,own,0.796,0.773,0.9568,0.9324,0.9868,0.4902
VisA/pcb3,5,4,knn_galad,own,0.8434,0.8409,0.952,0.9246,0.9882,0.5122
VisA/pipe_fryum,2,0,knn_galad,own,0.8517,0.702,0.9795,0.972,0.9917,0.5355
VisA/pipe_fryum,2,1,knn_galad,own,0.8877,0.7786,0.9502,0.9621,0.9906,0.5009
VisA/pipe_fryum,2,2,knn_galad,own,0.8634,0.7208,0.9851,0.9709,0.9909,0.5211
VisA/pipe_fryum,2,3,knn_galad,own,0.8982,0.793,0.9557,0.9708,0.9911,0.5262
VisA/pipe_fryum,2,4,knn_galad,own,0.8836,0.775,0.9251,0.968,0.9905,0.5078
VisA/pipe_fryum,5,0,knn_galad,own,0.8771,0.7446,0.9889,0.9668,0.9923,0.5484
VisA/pipe_fryum,5,1,knn_galad,own,0.8887,0.78,0.9191,0.9671,0.9905,0.5103
VisA/pipe_fryum,5,2,knn_galad,own,0.8802,0.768,0.9232,0.9721,0.9923,0.5473
VisA/pipe_fryum,5,3,knn_galad,own,0.9111,0.818,0.9721,0.9711,0.9921,0.5404
VisA/pipe_fryum,5,4,knn_galad,own,0.9202,0.831,0.9902,0.9714,0.9919,0.5468
AutoVI/pipe_clip,2,0,knn_galad,own,0.4563,0.5559,0.2761,0.2924,0.7727,0.0145
AutoVI/pipe_clip,2,1,knn_galad,own,0.4526,0.5331,0.2655,0.261,0.754,0.0134
AutoVI/pipe_clip,2,2,knn_galad,own,0.5201,0.5866,0.3012,0.3086,0.7558,0.0139
AutoVI/pipe_clip,2,3,knn_galad,own,0.4488,0.5428,0.2634,0.298,0.7776,0.0152
AutoVI/pipe_clip,2,4,knn_galad,own,0.4583,0.5652,0.3071,0.3175,0.7848,0.0156
AutoVI/pipe_clip,5,0,knn_galad,own,0.4666,0.566,0.2676,0.2938,0.776,0.0153
AutoVI/pipe_clip,5,1,knn_galad,own,0.4611,0.5567,0.4311,0.457,0.8314,0.0208
AutoVI/pipe_clip,5,2,knn_galad,own,0.4707,0.5643,0.4438,0.4756,0.8307,0.0222
AutoVI/pipe_clip,5,3,knn_galad,own,0.4587,0.5594,0.2734,0.3034,0.7812,0.0154
AutoVI/pipe_clip,5,4,knn_galad,own,0.4916,0.5996,0.4867,0.4767,0.842,0.0217
AutoVI/underbody_pipes,2,0,knn_galad,own,0.7647,0.7662,0.832,0.8911,0.9802,0.3251
AutoVI/underbody_pipes,2,1,knn_galad,own,0.7796,0.7741,0.9051,0.8988,0.9823,0.3954
AutoVI/underbody_pipes,2,2,knn_galad,own,0.8052,0.8055,0.7335,0.6749,0.9347,0.1781
AutoVI/underbody_pipes,2,3,knn_galad,own,0.7682,0.7683,0.832,0.8989,0.9817,0.3793
AutoVI/underbody_pipes,2,4,knn_galad,own,0.7003,0.6894,0.8365,0.8893,0.9799,0.3282
AutoVI/underbody_pipes,5,0,knn_galad,own,0.7997,0.8207,0.9475,0.9248,0.9866,0.4301
AutoVI/underbody_pipes,5,1,knn_galad,own,0.8119,0.8125,0.8601,0.9133,0.9848,0.4138
AutoVI/underbody_pipes,5,2,knn_galad,own,0.8781,0.8792,0.875,0.9289,0.9879,0.5206
AutoVI/underbody_pipes,5,3,knn_galad,own,0.803,0.814,0.873,0.9245,0.9867,0.4408
AutoVI/underbody_pipes,5,4,knn_galad,own,0.8366,0.8456,0.8735,0.9277,0.9868,0.4074
mvtec_loco_AD/breakfast_box,2,0,knn_galad,own,0.8507,0.7107,0.7079,0.7145,0.8825,0.4661
mvtec_loco_AD/breakfast_box,2,1,knn_galad,own,0.8367,0.683,0.654,0.7077,0.8833,0.4787
mvtec_loco_AD/breakfast_box,2,2,knn_galad,own,0.8645,0.7484,0.6056,0.7135,0.8836,0.4371
mvtec_loco_AD/breakfast_box,2,3,knn_galad,own,0.8654,0.7548,0.6693,0.6996,0.8835,0.4538
mvtec_loco_AD/breakfast_box,2,4,knn_galad,own,0.8565,0.7425,0.6319,0.6981,0.8759,0.4588
mvtec_loco_AD/breakfast_box,5,0,knn_galad,own,0.8594,0.7369,0.6699,0.7169,0.8851,0.4931
mvtec_loco_AD/breakfast_box,5,1,knn_galad,own,0.8448,0.7107,0.6925,0.7139,0.8855,0.4867
mvtec_loco_AD/breakfast_box,5,2,knn_galad,own,0.8716,0.7552,0.7107,0.7254,0.8858,0.4878
mvtec_loco_AD/breakfast_box,5,3,knn_galad,own,0.8617,0.7499,0.6888,0.7115,0.8838,0.4893
mvtec_loco_AD/breakfast_box,5,4,knn_galad,own,0.8623,0.7549,0.6237,0.7129,0.8806,0.4864
mvtec_loco_AD/pushpins,2,0,knn_galad,own,0.6151,0.5555,0.5072,0.5526,0.6557,0.0589
mvtec_loco_AD/pushpins,2,1,knn_galad,own,0.606,0.5219,0.5394,0.5463,0.6044,0.0537
mvtec_loco_AD/pushpins,2,2,knn_galad,own,0.6042,0.5529,0.5184,0.5562,0.6694,0.0712
mvtec_loco_AD/pushpins,2,3,knn_galad,own,0.6027,0.5445,0.5044,0.5371,0.615,0.0564
mvtec_loco_AD/pushpins,2,4,knn_galad,own,0.5803,0.5099,0.4809,0.5379,0.6261,0.0518
mvtec_loco_AD/pushpins,5,0,knn_galad,own,0.6299,0.5805,0.5402,0.5633,0.6537,0.0597
mvtec_loco_AD/pushpins,5,1,knn_galad,own,0.6221,0.5564,0.5258,0.5509,0.6327,0.0557
mvtec_loco_AD/pushpins,5,2,knn_galad,own,0.5968,0.5439,0.541,0.574,0.6682,0.0677
mvtec_loco_AD/pushpins,5,3,knn_galad,own,0.5947,0.5333,0.5031,0.5652,0.6423,0.0606
mvtec_loco_AD/pushpins,5,4,knn_galad,own,0.59,0.528,0.5098,0.5632,0.6434,0.0567
mvtec_loco_AD/splicing_connectors,2,0,knn_galad,own,0.7112,0.6023,0.6891,0.6943,0.6922,0.2073
mvtec_loco_AD/splicing_connectors,2,1,knn_galad,own,0.8187,0.7154,0.6987,0.7128,0.718,0.2221
mvtec_loco_AD/splicing_connectors,2,2,knn_galad,own,0.7846,0.664,0.6909,0.6796,0.7087,0.1992
mvtec_loco_AD/splicing_connectors,2,3,knn_galad,own,0.8555,0.7561,0.7092,0.717,0.6907,0.2225
mvtec_loco_AD/splicing_connectors,2,4,knn_galad,own,0.7686,0.6515,0.6655,0.6934,0.712,0.216
mvtec_loco_AD/splicing_connectors,5,0,knn_galad,own,0.7577,0.6606,0.675,0.6966,0.7194,0.2244
mvtec_loco_AD/splicing_connectors,5,1,knn_galad,own,0.845,0.7324,0.7249,0.7144,0.7255,0.2253
mvtec_loco_AD/splicing_connectors,5,2,knn_galad,own,0.8043,0.6873,0.6714,0.7005,0.7417,0.2314
mvtec_loco_AD/splicing_connectors,5,3,knn_galad,own,0.842,0.7236,0.7168,0.7118,0.707,0.2257
mvtec_loco_AD/splicing_connectors,5,4,knn_galad,own,0.8216,0.7152,0.7099,0.7068,0.7339,0.2391
btad/02,2,0,knn_galad,own,0.9796,0.8776,0.8168,0.6177,0.9663,0.5839
btad/02,2,1,knn_galad,own,0.9877,0.9275,0.8523,0.6373,0.9648,0.553
btad/02,2,2,knn_galad,own,0.984,0.9055,0.8959,0.6177,0.964,0.5435
btad/02,2,3,knn_galad,own,0.987,0.9248,0.8895,0.6359,0.9655,0.5659
btad/02,2,4,knn_galad,own,0.9829,0.8941,0.825,0.6206,0.9663,0.577
btad/02,5,0,knn_galad,own,0.9819,0.8938,0.8809,0.6011,0.9668,0.5916
btad/02,5,1,knn_galad,own,0.9879,0.9285,0.8739,0.6194,0.9652,0.5631
btad/02,5,2,knn_galad,own,0.9862,0.9164,0.931,0.6209,0.9657,0.5682
btad/02,5,3,knn_galad,own,0.9857,0.9154,0.9398,0.6046,0.966,0.5695
btad/02,5,4,knn_galad,own,0.9841,0.9034,0.8857,0.6106,0.9668,0.5885
GoodsAD/cigarette_box,2,0,knn_galad,own,0.628,0.6345,0.6758,0.6844,0.9161,0.1833
GoodsAD/cigarette_box,2,1,knn_galad,own,0.6296,0.6383,0.6365,0.6529,0.9076,0.1689
GoodsAD/cigarette_box,2,2,knn_galad,own,0.6404,0.6281,0.6825,0.6636,0.909,0.1718
GoodsAD/cigarette_box,2,3,knn_galad,own,0.6358,0.6477,0.6936,0.6952,0.9198,0.1895
GoodsAD/cigarette_box,2,4,knn_galad,own,0.6406,0.6588,0.6814,0.7038,0.9237,0.1985
GoodsAD/cigarette_box,5,0,knn_galad,own,0.645,0.6687,0.7382,0.7425,0.9322,0.219
GoodsAD/cigarette_box,5,1,knn_galad,own,0.6397,0.657,0.7132,0.7297,0.9289,0.2101
GoodsAD/cigarette_box,5,2,knn_galad,own,0.6364,0.6445,0.7311,0.7456,0.9324,0.2196
GoodsAD/cigarette_box,5,3,knn_galad,own,0.6401,0.6554,0.7312,0.7276,0.9306,0.216
GoodsAD/cigarette_box,5,4,knn_galad,own,0.6434,0.6669,0.7138,0.741,0.9332,0.2203
GoodsAD/drink_can,2,0,knn_galad,own,0.616,0.6358,0.6752,0.6752,0.8936,0.0965
GoodsAD/drink_can,2,1,knn_galad,own,0.5184,0.5213,0.6353,0.6636,0.9093,0.1077
GoodsAD/drink_can,2,2,knn_galad,own,0.5687,0.578,0.6863,0.695,0.8444,0.0684
GoodsAD/drink_can,2,3,knn_galad,own,0.5106,0.5399,0.6363,0.6501,0.9105,0.1103
GoodsAD/drink_can,2,4,knn_galad,own,0.5078,0.5259,0.6678,0.6835,0.9081,0.1069
GoodsAD/drink_can,5,0,knn_galad,own,0.6071,0.6204,0.7187,0.7196,0.8928,0.0993
GoodsAD/drink_can,5,1,knn_galad,own,0.6008,0.6068,0.7484,0.7455,0.903,0.1083
GoodsAD/drink_can,5,2,knn_galad,own,0.6188,0.6063,0.7239,0.7289,0.8976,0.1066
GoodsAD/drink_can,5,3,knn_galad,own,0.5131,0.5343,0.626,0.6333,0.914,0.1141
GoodsAD/drink_can,5,4,knn_galad,own,0.6056,0.6053,0.6999,0.6899,0.9157,0.1229
GoodsAD/food_box,2,0,knn_galad,own,0.6899,0.5779,0.5503,0.5484,0.8617,0.0359
GoodsAD/food_box,2,1,knn_galad,own,0.6831,0.5836,0.6103,0.5809,0.8671,0.0371
GoodsAD/food_box,2,2,knn_galad,own,0.695,0.5717,0.6071,0.5797,0.8564,0.0345
GoodsAD/food_box,2,3,knn_galad,own,0.6902,0.5874,0.5946,0.5912,0.8652,0.0365
GoodsAD/food_box,2,4,knn_galad,own,0.6948,0.5908,0.6064,0.5896,0.8528,0.0339
GoodsAD/food_box,5,0,knn_galad,own,0.6927,0.5785,0.6319,0.6239,0.8855,0.044
GoodsAD/food_box,5,1,knn_galad,own,0.6824,0.5699,0.615,0.5807,0.8779,0.0408
GoodsAD/food_box,5,2,knn_galad,own,0.6891,0.5579,0.5964,0.5681,0.8686,0.0378
GoodsAD/food_box,5,3,knn_galad,own,0.6942,0.5833,0.6307,0.6119,0.8765,0.0401
GoodsAD/food_box,5,4,knn_galad,own,0.6925,0.5948,0.6378,0.6185,0.8785,0.0406
VisA/cashew,5,3,knn_galad,own,0.9359,0.8996,0.9079,0.9566,0.9935,0.7125
VisA/cashew,5,4,knn_galad,own,0.9399,0.9016,0.8813,0.9603,0.992,0.6877
VisA/fryum,2,0,knn_galad,own,0.9413,0.8746,0.9167,0.8961,0.9694,0.4372
VisA/fryum,2,1,knn_galad,own,0.9493,0.8958,0.8929,0.8738,0.974,0.4656
VisA/fryum,2,2,knn_galad,own,0.9511,0.8948,0.9574,0.9001,0.9703,0.4588
VisA/fryum,2,3,knn_galad,own,0.9308,0.8514,0.8587,0.8479,0.9671,0.4237
VisA/fryum,2,4,knn_galad,own,0.9547,0.9088,0.9457,0.8864,0.9749,0.4692
VisA/fryum,5,0,knn_galad,own,0.9447,0.8832,0.9158,0.892,0.9728,0.4575
VisA/fryum,5,1,knn_galad,own,0.947,0.8874,0.9126,0.8861,0.9741,0.4662
VisA/fryum,5,2,knn_galad,own,0.96,0.9212,0.9232,0.9055,0.9733,0.4676
VisA/fryum,5,3,knn_galad,own,0.9399,0.8796,0.9143,0.8729,0.9698,0.439
VisA/fryum,5,4,knn_galad,own,0.9423,0.885,0.9018,0.8754,0.9753,0.4665
VisA/macaroni2,2,0,knn_galad,own,0.5172,0.4932,0.7752,0.8279,0.9444,0.0036
VisA/macaroni2,2,1,knn_galad,own,0.4577,0.4588,0.7961,0.8128,0.9331,0.0051
VisA/macaroni2,2,2,knn_galad,own,0.5637,0.6122,0.8284,0.8624,0.9539,0.0058
VisA/macaroni2,2,3,knn_galad,own,0.5145,0.5031,0.8112,0.8205,0.9393,0.0048
VisA/macaroni2,2,4,knn_galad,own,0.4973,0.5302,0.7911,0.8271,0.9435,0.0065
VisA/macaroni2,5,0,knn_galad,own,0.524,0.5064,0.8505,0.8717,0.9549,0.0105
VisA/macaroni2,5,1,knn_galad,own,0.5573,0.5708,0.8541,0.8502,0.9513,0.0075
VisA/macaroni2,5,2,knn_galad,own,0.5861,0.5714,0.8337,0.8795,0.9574,0.0104
VisA/macaroni2,5,3,knn_galad,own,0.5587,0.5746,0.8656,0.8721,0.9602,0.0114
VisA/macaroni2,5,4,knn_galad,own,0.5282,0.5818,0.8118,0.8578,0.9544,0.0082
VisA/pcb2,2,0,knn_galad,own,0.6805,0.6711,0.8789,0.8715,0.9774,0.4435
VisA/pcb2,2,1,knn_galad,own,0.6972,0.7063,0.8866,0.8967,0.9756,0.4579
VisA/pcb2,2,2,knn_galad,own,0.6123,0.585,0.8396,0.8591,0.9707,0.4058
VisA/pcb2,2,3,knn_galad,own,0.6431,0.6416,0.8647,0.8797,0.9788,0.4478
VisA/pcb2,2,4,knn_galad,own,0.7224,0.6913,0.9017,0.8933,0.9753,0.4534
VisA/pcb2,5,0,knn_galad,own,0.7252,0.7022,0.8882,0.905,0.9826,0.4568
VisA/pcb2,5,1,knn_galad,own,0.6866,0.6863,0.9057,0.9072,0.9822,0.4461
VisA/pcb2,5,2,knn_galad,own,0.7179,0.6949,0.9162,0.9084,0.9802,0.4343
VisA/pcb2,5,3,knn_galad,own,0.6598,0.6656,0.8821,0.9014,0.9815,0.4445
VisA/pcb2,5,4,knn_galad,own,0.7778,0.7597,0.9038,0.9115,0.9808,0.4541
VisA/pcb4,2,0,knn_galad,own,0.8409,0.7987,0.9133,0.8915,0.9745,0.4072
VisA/pcb4,2,1,knn_galad,own,0.9847,0.9861,0.9228,0.8394,0.9725,0.3154
VisA/pcb4,2,2,knn_galad,own,0.5548,0.4821,0.7748,0.7921,0.9701,0.3945
VisA/pcb4,2,3,knn_galad,own,0.9788,0.9804,0.9373,0.9022,0.9754,0.3367
VisA/pcb4,2,4,knn_galad,own,0.9635,0.9628,0.9311,0.8759,0.9756,0.3404
VisA/pcb4,5,0,knn_galad,own,0.9858,0.9867,0.955,0.9174,0.9828,0.431
VisA/pcb4,5,1,knn_galad,own,0.9644,0.9581,0.9304,0.8843,0.9788,0.412
VisA/pcb4,5,2,knn_galad,own,0.8906,0.8717,0.9021,0.8735,0.98,0.4344
VisA/pcb4,5,3,knn_galad,own,0.9863,0.9872,0.9529,0.9074,0.9816,0.3729
VisA/pcb4,5,4,knn_galad,own,0.9872,0.9868,0.9411,0.8948,0.9798,0.3731
AutoVI/engine_wiring,2,0,knn_galad,own,0.7062,0.7143,0.4778,0.4595,0.8483,0.132
AutoVI/engine_wiring,2,1,knn_galad,own,0.5614,0.5323,0.3797,0.3916,0.8634,0.0718
AutoVI/engine_wiring,2,2,knn_galad,own,0.5717,0.5571,0.3948,0.4351,0.8563,0.086
AutoVI/engine_wiring,2,3,knn_galad,own,0.6332,0.6357,0.5585,0.5164,0.8526,0.0742
AutoVI/engine_wiring,2,4,knn_galad,own,0.6965,0.7025,0.5641,0.5526,0.8483,0.1195
AutoVI/engine_wiring,5,0,knn_galad,own,0.7344,0.7427,0.5533,0.5338,0.8855,0.1986
AutoVI/engine_wiring,5,1,knn_galad,own,0.6394,0.6319,0.505,0.4965,0.8969,0.2229
AutoVI/engine_wiring,5,2,knn_galad,own,0.5895,0.5946,0.5038,0.4979,0.8908,0.1834
AutoVI/engine_wiring,5,3,knn_galad,own,0.7359,0.738,0.6081,0.5543,0.8897,0.1971
AutoVI/engine_wiring,5,4,knn_galad,own,0.7178,0.7156,0.5889,0.5598,0.876,0.1847
AutoVI/tank_screw,2,0,knn_galad,own,0.2331,0.4899,0.4412,0.4683,0.8102,0.0026
AutoVI/tank_screw,2,1,knn_galad,own,0.2418,0.5172,0.4834,0.4823,0.8382,0.0032
AutoVI/tank_screw,2,2,knn_galad,own,0.2521,0.5189,0.638,0.6454,0.8938,0.0074
AutoVI/tank_screw,2,3,knn_galad,own,0.1998,0.4541,0.577,0.5967,0.8705,0.0039
AutoVI/tank_screw,2,4,knn_galad,own,0.2005,0.456,0.4961,0.5886,0.8745,0.0035
AutoVI/tank_screw,5,0,knn_galad,own,0.1977,0.448,0.4865,0.539,0.8552,0.0037
AutoVI/tank_screw,5,1,knn_galad,own,0.2238,0.4949,0.602,0.6818,0.9229,0.0056
AutoVI/tank_screw,5,2,knn_galad,own,0.198,0.4456,0.6025,0.6884,0.9146,0.0057
AutoVI/tank_screw,5,3,knn_galad,own,0.2028,0.4601,0.4865,0.5688,0.8799,0.0041
AutoVI/tank_screw,5,4,knn_galad,own,0.2033,0.4562,0.5622,0.6293,0.8991,0.0042
AutoVI/underbody_screw,2,0,knn_galad,own,0.0863,0.7298,0.8967,0.9066,0.972,0.0327
AutoVI/underbody_screw,2,1,knn_galad,own,0.0994,0.7109,0.694,0.7528,0.9258,0.0187
AutoVI/underbody_screw,2,2,knn_galad,own,0.0489,0.4846,0.8514,0.8792,0.9638,0.0027
AutoVI/underbody_screw,2,3,knn_galad,own,0.0977,0.6739,0.7457,0.7611,0.9282,0.0205
AutoVI/underbody_screw,2,4,knn_galad,own,0.0764,0.6673,0.7171,0.7829,0.9348,0.0152
AutoVI/underbody_screw,5,0,knn_galad,own,0.0834,0.7065,0.8502,0.8805,0.9641,0.0119
AutoVI/underbody_screw,5,1,knn_galad,own,0.3313,0.7782,0.9337,0.994,0.9982,0.0443
AutoVI/underbody_screw,5,2,knn_galad,own,0.072,0.6808,0.7816,0.8724,0.9617,0.0027
AutoVI/underbody_screw,5,3,knn_galad,own,0.1453,0.7402,0.9116,0.9373,0.9812,0.0082
AutoVI/underbody_screw,5,4,knn_galad,own,0.1381,0.7277,0.8107,0.885,0.9655,0.0078
mvtec_loco_AD/juice_bottle,2,0,knn_galad,own,0.9196,0.8022,0.8202,0.8209,0.9223,0.4684
mvtec_loco_AD/juice_bottle,2,1,knn_galad,own,0.927,0.8215,0.7955,0.8187,0.9201,0.4682
mvtec_loco_AD/juice_bottle,2,2,knn_galad,own,0.9012,0.7754,0.8001,0.8194,0.9166,0.4836
mvtec_loco_AD/juice_bottle,2,3,knn_galad,own,0.9234,0.8138,0.8257,0.8169,0.9198,0.4486
mvtec_loco_AD/juice_bottle,2,4,knn_galad,own,0.8975,0.7474,0.7772,0.8015,0.9164,0.4002
mvtec_loco_AD/juice_bottle,5,0,knn_galad,own,0.943,0.853,0.8354,0.8393,0.9292,0.578
mvtec_loco_AD/juice_bottle,5,1,knn_galad,own,0.9473,0.8643,0.8703,0.8412,0.9277,0.5721
mvtec_loco_AD/juice_bottle,5,2,knn_galad,own,0.9576,0.8879,0.8336,0.8374,0.9284,0.5726
mvtec_loco_AD/juice_bottle,5,3,knn_galad,own,0.9553,0.8786,0.8504,0.8446,0.9268,0.564
mvtec_loco_AD/juice_bottle,5,4,knn_galad,own,0.9636,0.8997,0.8381,0.8312,0.9268,0.563
mvtec_loco_AD/screw_bag,2,0,knn_galad,own,0.7073,0.5603,0.5619,0.624,0.7357,0.1428
mvtec_loco_AD/screw_bag,2,1,knn_galad,own,0.7295,0.5911,0.5739,0.5724,0.7362,0.1419
mvtec_loco_AD/screw_bag,2,2,knn_galad,own,0.7295,0.5937,0.543,0.572,0.7364,0.1427
mvtec_loco_AD/screw_bag,2,3,knn_galad,own,0.638,0.4705,0.5511,0.6146,0.7374,0.1401
mvtec_loco_AD/screw_bag,2,4,knn_galad,own,0.7634,0.6359,0.6,0.6233,0.7377,0.1427
mvtec_loco_AD/screw_bag,5,0,knn_galad,own,0.6925,0.5453,0.5596,0.5985,0.7385,0.1422
mvtec_loco_AD/screw_bag,5,1,knn_galad,own,0.739,0.5935,0.5968,0.5908,0.7375,0.1426
mvtec_loco_AD/screw_bag,5,2,knn_galad,own,0.7213,0.5804,0.5452,0.555,0.7384,0.1434
mvtec_loco_AD/screw_bag,5,3,knn_galad,own,0.6335,0.4665,0.5372,0.602,0.7376,0.1405
mvtec_loco_AD/screw_bag,5,4,knn_galad,own,0.7291,0.595,0.5699,0.5949,0.7386,0.1426
btad/01,2,0,knn_galad,own,0.9911,0.9728,0.97,0.7806,0.975,0.5919
btad/01,2,1,knn_galad,own,0.9861,0.9582,0.9125,0.7649,0.9734,0.5798
btad/01,2,2,knn_galad,own,0.9848,0.9553,0.9711,0.7703,0.9745,0.5893
btad/01,2,3,knn_galad,own,0.9861,0.9592,0.9355,0.7574,0.974,0.5913
btad/01,2,4,knn_galad,own,0.989,0.9679,0.9177,0.7959,0.976,0.6001
btad/01,5,0,knn_galad,own,0.9915,0.9747,0.9605,0.7785,0.9762,0.6031
btad/01,5,1,knn_galad,own,0.9873,0.9631,0.9459,0.7701,0.9748,0.592
btad/01,5,2,knn_galad,own,0.9875,0.9631,0.9684,0.7597,0.9736,0.5824
btad/01,5,3,knn_galad,own,0.9889,0.9679,0.962,0.7696,0.9757,0.6021
btad/01,5,4,knn_galad,own,0.9899,0.9699,0.9761,0.776,0.9753,0.5915
btad/03,2,0,knn_galad,own,1.0,1.0,0.8894,0.9532,0.9955,0.6185
btad/03,2,1,knn_galad,own,0.9904,0.9992,0.9175,0.9481,0.9948,0.5754
btad/03,2,2,knn_galad,own,1.0,1.0,0.9566,0.9531,0.9957,0.7201
btad/03,2,3,knn_galad,own,1.0,1.0,0.9258,0.9688,0.9974,0.6724
btad/03,2,4,knn_galad,own,1.0,1.0,0.9677,0.9647,0.9965,0.6331
btad/03,5,0,knn_galad,own,1.0,1.0,0.9633,0.9614,0.9967,0.7047
btad/03,5,1,knn_galad,own,1.0,1.0,0.889,0.9656,0.9972,0.7042
btad/03,5,2,knn_galad,own,1.0,1.0,0.967,0.9668,0.9972,0.7433
btad/03,5,3,knn_galad,own,1.0,1.0,0.9285,0.9696,0.9975,0.6871
btad/03,5,4,knn_galad,own,1.0,1.0,0.8931,0.9667,0.997,0.6588
GoodsAD/drink_bottle,2,0,knn_galad,own,0.5873,0.5588,0.6991,0.7044,0.9253,0.0718
GoodsAD/drink_bottle,2,1,knn_galad,own,0.5799,0.5371,0.65,0.6891,0.9283,0.0886
GoodsAD/drink_bottle,2,2,knn_galad,own,0.6052,0.5794,0.681,0.6964,0.9342,0.0899
GoodsAD/drink_bottle,2,3,knn_galad,own,0.5896,0.548,0.6889,0.6978,0.9329,0.0943
GoodsAD/drink_bottle,2,4,knn_galad,own,0.5882,0.556,0.7053,0.7141,0.9207,0.0674
GoodsAD/drink_bottle,5,0,knn_galad,own,0.5942,0.5707,0.6837,0.7141,0.9316,0.0843
GoodsAD/drink_bottle,5,1,knn_galad,own,0.5829,0.5573,0.6838,0.6983,0.9275,0.0897
GoodsAD/drink_bottle,5,2,knn_galad,own,0.605,0.5666,0.6868,0.7032,0.9423,0.1162
GoodsAD/drink_bottle,5,3,knn_galad,own,0.6081,0.5666,0.6746,0.7031,0.9419,0.1312
GoodsAD/drink_bottle,5,4,knn_galad,own,0.5906,0.5696,0.706,0.7208,0.9339,0.0927
GoodsAD/food_bottle,2,0,knn_galad,own,0.6343,0.5318,0.6561,0.6698,0.9094,0.0859
GoodsAD/food_bottle,2,1,knn_galad,own,0.6513,0.5536,0.6245,0.6161,0.9073,0.0772
GoodsAD/food_bottle,2,2,knn_galad,own,0.6762,0.5669,0.6114,0.605,0.9049,0.0728
GoodsAD/food_bottle,2,3,knn_galad,own,0.6602,0.5395,0.605,0.6283,0.918,0.0998
GoodsAD/food_bottle,2,4,knn_galad,own,0.642,0.5155,0.5833,0.5919,0.9192,0.1009
GoodsAD/food_bottle,5,0,knn_galad,own,0.6406,0.5479,0.6941,0.7001,0.9187,0.1025
GoodsAD/food_bottle,5,1,knn_galad,own,0.652,0.5566,0.6389,0.6438,0.9171,0.0946
GoodsAD/food_bottle,5,2,knn_galad,own,0.683,0.5647,0.6532,0.6547,0.9308,0.1359
GoodsAD/food_bottle,5,3,knn_galad,own,0.6539,0.5436,0.636,0.6634,0.9288,0.1213
GoodsAD/food_bottle,5,4,knn_galad,own,0.6501,0.5376,0.6279,0.6483,0.9311,0.129
GoodsAD/food_package,2,0,knn_galad,own,0.4952,0.5416,0.5419,0.5581,0.8934,0.0266
GoodsAD/food_package,2,1,knn_galad,own,0.5071,0.5383,0.5903,0.591,0.909,0.0306
GoodsAD/food_package,2,2,knn_galad,own,0.4742,0.5139,0.5674,0.581,0.9154,0.0339
GoodsAD/food_package,2,3,knn_galad,own,0.4794,0.519,0.583,0.596,0.9135,0.0322
GoodsAD/food_package,2,4,knn_galad,own,0.4917,0.5417,0.6157,0.6246,0.9155,0.0333
GoodsAD/food_package,5,0,knn_galad,own,0.4945,0.5426,0.6107,0.6029,0.9208,0.0387
GoodsAD/food_package,5,1,knn_galad,own,0.4926,0.5302,0.5906,0.6137,0.9223,0.0374
GoodsAD/food_package,5,2,knn_galad,own,0.4837,0.5185,0.5999,0.611,0.9293,0.0414
GoodsAD/food_package,5,3,knn_galad,own,0.5036,0.5445,0.6193,0.612,0.9229,0.0369
GoodsAD/food_package,5,4,knn_galad,own,0.4899,0.53,0.6152,0.611,0.9203,0.0346
AutoVI/pipe_staple,2,0,knn_galad,own,0.4603,0.6394,0.416,0.4576,0.8026,0.0367
AutoVI/pipe_staple,2,1,knn_galad,own,0.4532,0.6404,0.3382,0.3827,0.787,0.0307
AutoVI/pipe_staple,2,2,knn_galad,own,0.3968,0.5267,0.3744,0.4092,0.7732,0.0322
AutoVI/pipe_staple,2,3,knn_galad,own,0.4636,0.6643,0.3544,0.3889,0.7921,0.0313
AutoVI/pipe_staple,2,4,knn_galad,own,0.4368,0.6038,0.3134,0.3577,0.776,0.029
AutoVI/pipe_staple,5,0,knn_galad,own,0.5202,0.7375,0.5451,0.5381,0.8332,0.0472
AutoVI/pipe_staple,5,1,knn_galad,own,0.4493,0.6472,0.4696,0.5073,0.836,0.0419
AutoVI/pipe_staple,5,2,knn_galad,own,0.4306,0.6254,0.456,0.51,0.8262,0.0437
AutoVI/pipe_staple,5,3,knn_galad,own,0.4648,0.6673,0.4574,0.4883,0.828,0.0401
AutoVI/pipe_staple,5,4,knn_galad,own,0.4753,0.6835,0.5459,0.5868,0.8593,0.057
