benchmark;model;train_limit;mean;std;n_categories
AutoVI;dinomaly;5;0.4472600000000001;0.0229599303134831;5
AutoVI;dinov3_k1;5;0.4511635599999999;0.04324886624086231;5
AutoVI;dinov3_knn;5;0.44157652000000003;0.02599256221652647;5
AutoVI;efficient_ad;5;0.383944;0.05197400888905917;5
AutoVI;galad;5;0.4904879999999999;0.08192431629253918;5
AutoVI;padim;5;0.384456;0.06180799462852682;5
AutoVI;patchcore;5;0.46909999999999996;0.02086938427457791;5
AutoVI;reverse_distillation;5;0.48429199999999994;0.043137758402587406;5
BTAD;dinomaly;5;0.9799733333333333;0.004339969277925064;3
BTAD;dinov3_k1;5;0.9877961333333335;0.007211722050476815;3
BTAD;dinov3_knn;5;0.9011010666666667;0.07909891700775683;3
BTAD;efficient_ad;5;0.6865800000000001;0.04183110087004643;3
BTAD;galad;5;0.99336;0.001731569615503049;3
BTAD;padim;5;0.69284;0.04542919765965496;3
BTAD;patchcore;5;0.9268666666666666;0.04986949301259569;3
BTAD;reverse_distillation;5;0.9607933333333335;0.10336235291439527;3
GoodsAD;dinomaly;5;0.5921766666666667;0.018463928798245165;6
GoodsAD;dinov3_k1;5;0.5911791000000001;0.013517345863124645;6
GoodsAD;dinov3_knn;5;0.5702045666666666;0.013608081111359298;6
GoodsAD;efficient_ad;5;0.59556;0.012637668561355241;6
GoodsAD;galad;5;0.64816;0.029106863451770278;6
GoodsAD;padim;5;0.5571733333333333;0.023474610397902954;6
GoodsAD;patchcore;5;0.5803833333333334;0.014310677831605308;6
GoodsAD;reverse_distillation;5;0.59551;0.020342000884868715;6
MVTec AD;dinomaly;5;0.9652413333333333;0.059028114770279874;15
MVTec AD;dinov3_k1;5;0.9631746666666666;0.009570424846717447;15
MVTec AD;dinov3_knn;5;0.9503573066666668;0.020178914488313455;15
MVTec AD;efficient_ad;5;0.8829186666666666;0.031914533784259895;15
MVTec AD;galad;5;0.9670293333333333;0.013386368688582678;15
MVTec AD;padim;5;0.8579466666666667;0.02441538995524477;15
MVTec AD;patchcore;5;0.9396133333333334;0.025344725947094644;15
MVTec AD;reverse_distillation;5;0.9406813333333335;0.025268014036194716;15
MVTec LOCO;dinomaly;5;0.750916;0.04263295438976756;5
MVTec LOCO;dinov3_k1;5;0.7859703999999998;0.023569574941436692;5
MVTec LOCO;dinov3_knn;5;0.73669324;0.03132364137995457;5
MVTec LOCO;efficient_ad;5;0.692048;0.022912036138239646;5
MVTec LOCO;galad;5;0.7892240000000001;0.03693233813340283;5
MVTec LOCO;padim;5;0.6257199999999999;0.043066450979852046;5
MVTec LOCO;patchcore;5;0.7442359999999999;0.02545127501717743;5
MVTec LOCO;reverse_distillation;5;0.7350800000000001;0.01942627601986547;5
VisA;dinomaly;5;0.8713099999999999;0.02989530481530501;12
VisA;dinov3_k1;5;0.8555878833333335;0.01898645224737015;12
VisA;dinov3_knn;5;0.9375155999999999;0.012399218403458605;12
VisA;efficient_ad;5;0.7197916666666667;0.060913806590405524;12
VisA;galad;5;0.8736700000000001;0.02923441180070728;12
VisA;padim;5;0.6584183333333334;0.051045892750217106;12
VisA;patchcore;5;0.8651649999999999;0.02308142832091059;12
VisA;reverse_distillation;5;0.8309916666666667;0.03750879452430679;12
