category,GaLAD_auroc,GaLAD_aupr,GaLAD_auspro,dinomaly_auroc,dinomaly_aupr,dinomaly_auspro,padim_auroc,padim_aupr,padim_auspro,patchcore_auroc,patchcore_aupr,patchcore_auspro,reverse_distillation_auroc,reverse_distillation_aupr,reverse_distillation_auspro
bottle,0.988,0.996,0.914,1.000,1.000,0.950,0.953,0.987,0.736,0.995,0.999,0.898,0.994,0.998,0.922
cable,0.907,0.946,0.925,0.932,0.968,0.856,0.630,0.725,0.614,0.883,0.935,0.850,0.856,0.919,0.813
capsule,0.869,0.968,0.943,0.827,0.958,0.885,0.635,0.862,0.721,0.787,0.942,0.797,0.829,0.958,0.842
carpet,0.977,0.993,0.910,1.000,1.000,0.956,0.839,0.946,0.717,0.991,0.997,0.917,0.964,0.990,0.921
grid,0.976,0.992,0.945,0.996,0.999,0.943,0.610,0.813,0.390,0.915,0.968,0.648,0.946,0.980,0.854
hazelnut,0.906,0.952,0.957,0.993,0.996,0.831,0.794,0.882,0.330,0.990,0.994,0.837,0.992,0.996,0.863
leather,1.000,1.000,0.903,1.000,1.000,0.890,0.892,0.965,0.808,0.992,0.997,0.926,0.993,0.998,0.924
metal_nut,0.939,0.986,0.918,0.999,1.000,0.913,0.489,0.832,0.111,0.980,0.995,0.805,0.898,0.966,0.690
pill,0.904,0.982,0.955,0.758,0.952,0.680,0.311,0.759,0.129,0.434,0.835,0.544,0.316,0.772,0.578
screw,0.551,0.766,0.780,0.573,0.778,0.848,0.520,0.756,0.766,0.563,0.761,0.766,0.622,0.817,0.835
tile,1.000,1.000,0.950,0.998,0.999,0.960,0.846,0.941,0.577,0.987,0.995,0.911,0.961,0.985,0.879
toothbrush,0.945,0.980,0.953,1.000,1.000,0.834,0.487,0.785,0.175,0.908,0.965,0.215,0.971,0.989,0.784
transistor,0.966,0.961,0.754,0.843,0.838,0.646,0.777,0.751,0.661,0.763,0.734,0.681,0.833,0.786,0.630
wood,0.961,0.986,0.926,0.984,0.995,0.918,0.962,0.988,0.837,0.983,0.995,0.892,0.989,0.997,0.884
zipper,0.994,0.998,0.913,0.984,0.995,0.950,0.691,0.877,0.661,0.946,0.982,0.875,0.872,0.959,0.842
