backbone;dataset;seed;train_limit;resolution;img_auroc;img_aupr
dinov3_vitl16;mvtec_AD/bottle;0;10;448;0.994444;0.998325
dinov3_vitl16;mvtec_AD/bottle;1;10;448;0.995238;0.998479
dinov2_vitl14;mvtec_AD/bottle;0;10;448;0.997619;0.999278
dinov2_vitl14;mvtec_AD/bottle;1;10;448;0.999206;0.999752
clip_vitl14;mvtec_AD/bottle;0;10;224;1.0;1.0
clip_vitl14;mvtec_AD/bottle;1;10;224;0.999206;0.999752
siglip_vitl16;mvtec_AD/bottle;0;10;256;0.999206;0.999752
siglip_vitl16;mvtec_AD/bottle;1;10;256;0.998413;0.9995
dinov3_vitl16;mvtec_AD/bottle;2;10;448;0.996825;0.999027
dinov3_vitl16;mvtec_AD/bottle;3;10;448;0.996032;0.998771
dinov3_vitl16;mvtec_AD/bottle;4;10;448;0.985714;0.995172
dinov3_vitl16;mvtec_AD/carpet;0;10;448;0.975923;0.992283
dinov3_vitl16;mvtec_AD/carpet;1;10;448;0.98114;0.99408
dinov3_vitl16;mvtec_AD/carpet;2;10;448;0.980337;0.993826
dinov3_vitl16;mvtec_AD/carpet;3;10;448;0.983547;0.994937
dinov3_vitl16;mvtec_AD/carpet;4;10;448;0.970706;0.99057
dinov3_vitl16;mvtec_AD/hazelnut;0;10;448;0.954643;0.974423
dinov3_vitl16;mvtec_AD/hazelnut;1;10;448;0.934286;0.966884
dinov3_vitl16;mvtec_AD/hazelnut;2;10;448;0.923929;0.962648
dinov3_vitl16;mvtec_AD/hazelnut;3;10;448;0.935714;0.96791
dinov3_vitl16;mvtec_AD/hazelnut;4;10;448;0.872857;0.928063
dinov3_vitl16;mvtec_AD/leather;0;10;448;1.0;1.0
dinov3_vitl16;mvtec_AD/leather;1;10;448;1.0;1.0
dinov3_vitl16;mvtec_AD/leather;2;10;448;1.0;1.0
dinov3_vitl16;mvtec_AD/leather;3;10;448;1.0;1.0
dinov3_vitl16;mvtec_AD/leather;4;10;448;1.0;1.0
dinov3_vitl16;VisA/capsules;0;10;448;0.8365;0.901765
dinov3_vitl16;VisA/capsules;1;10;448;0.9065;0.936053
dinov3_vitl16;VisA/capsules;2;10;448;0.929333;0.946592
dinov3_vitl16;VisA/capsules;3;10;448;0.878333;0.924831
dinov3_vitl16;VisA/capsules;4;10;448;0.911167;0.930924
dinov3_vitl16;VisA/pcb1;0;10;448;0.9081;0.90693
dinov3_vitl16;VisA/pcb1;1;10;448;0.9712;0.97214
dinov3_vitl16;VisA/pcb1;2;10;448;0.9318;0.927593
dinov3_vitl16;VisA/pcb1;3;10;448;0.9712;0.970371
dinov3_vitl16;VisA/pcb1;4;10;448;0.9432;0.938197
dinov3_vitl16;GoodsAD/drink_bottle;0;10;448;0.597303;0.616023
dinov3_vitl16;GoodsAD/drink_bottle;1;10;448;0.56464;0.59187
dinov3_vitl16;GoodsAD/drink_bottle;2;10;448;0.554316;0.587184
dinov3_vitl16;GoodsAD/drink_bottle;3;10;448;0.563001;0.602587
dinov3_vitl16;GoodsAD/drink_bottle;4;10;448;0.55764;0.589348
dinov3_vitl16;GoodsAD/food_box;0;10;448;0.562681;0.690027
dinov3_vitl16;GoodsAD/food_box;1;10;448;0.62719;0.727239
dinov3_vitl16;GoodsAD/food_box;2;10;448;0.604295;0.710667
dinov3_vitl16;GoodsAD/food_box;3;10;448;0.608743;0.705041
dinov3_vitl16;GoodsAD/food_box;4;10;448;0.629346;0.718134
dinov2_vitl14;mvtec_AD/bottle;2;10;448;0.998413;0.999512
dinov2_vitl14;mvtec_AD/bottle;3;10;448;0.998413;0.9995
dinov2_vitl14;mvtec_AD/bottle;4;10;448;0.993651;0.998124
dinov2_vitl14;mvtec_AD/carpet;0;10;448;0.971108;0.991711
dinov2_vitl14;mvtec_AD/carpet;1;10;448;0.971509;0.991931
dinov2_vitl14;mvtec_AD/carpet;2;10;448;0.967095;0.990478
dinov2_vitl14;mvtec_AD/carpet;3;10;448;0.965891;0.990278
dinov2_vitl14;mvtec_AD/carpet;4;10;448;0.965891;0.989882
dinov2_vitl14;mvtec_AD/hazelnut;0;10;448;0.913571;0.959047
dinov2_vitl14;mvtec_AD/hazelnut;1;10;448;0.886786;0.942698
dinov2_vitl14;mvtec_AD/hazelnut;2;10;448;0.9175;0.958719
dinov2_vitl14;mvtec_AD/hazelnut;3;10;448;0.926429;0.959919
dinov2_vitl14;mvtec_AD/hazelnut;4;10;448;0.838571;0.901606
dinov2_vitl14;mvtec_AD/leather;0;10;448;0.998981;0.999651
dinov2_vitl14;mvtec_AD/leather;1;10;448;0.997962;0.999298
dinov2_vitl14;mvtec_AD/leather;2;10;448;0.998302;0.999416
dinov2_vitl14;mvtec_AD/leather;3;10;448;0.998302;0.99941
dinov2_vitl14;mvtec_AD/leather;4;10;448;0.998981;0.999651
dinov2_vitl14;VisA/capsules;0;10;448;0.832833;0.898676
dinov2_vitl14;VisA/capsules;1;10;448;0.883167;0.924917
dinov2_vitl14;VisA/capsules;2;10;448;0.932667;0.95059
dinov2_vitl14;VisA/capsules;3;10;448;0.848833;0.900324
dinov2_vitl14;VisA/capsules;4;10;448;0.91;0.934644
dinov2_vitl14;VisA/pcb1;0;10;448;0.8863;0.859132
dinov2_vitl14;VisA/pcb1;1;10;448;0.9115;0.900005
dinov2_vitl14;VisA/pcb1;2;10;448;0.9043;0.896943
dinov2_vitl14;VisA/pcb1;3;10;448;0.9583;0.952782
dinov2_vitl14;VisA/pcb1;4;10;448;0.8707;0.854019
dinov2_vitl14;GoodsAD/drink_bottle;0;10;448;0.572657;0.604237
dinov2_vitl14;GoodsAD/drink_bottle;1;10;448;0.547535;0.567817
dinov2_vitl14;GoodsAD/drink_bottle;2;10;448;0.530476;0.556878
dinov2_vitl14;GoodsAD/drink_bottle;3;10;448;0.529861;0.575681
dinov2_vitl14;GoodsAD/drink_bottle;4;10;448;0.534157;0.562092
dinov2_vitl14;GoodsAD/food_box;0;10;448;0.597473;0.70605
dinov2_vitl14;GoodsAD/food_box;1;10;448;0.592398;0.696503
dinov2_vitl14;GoodsAD/food_box;2;10;448;0.581373;0.684267
dinov2_vitl14;GoodsAD/food_box;3;10;448;0.604786;0.698849
dinov2_vitl14;GoodsAD/food_box;4;10;448;0.612318;0.692883
clip_vitl14;mvtec_AD/bottle;2;10;224;1.0;1.0
clip_vitl14;mvtec_AD/bottle;3;10;224;0.990476;0.996733
clip_vitl14;mvtec_AD/bottle;4;10;224;0.988889;0.996116
clip_vitl14;mvtec_AD/carpet;0;10;224;0.993579;0.998124
clip_vitl14;mvtec_AD/carpet;1;10;224;0.99077;0.997418
clip_vitl14;mvtec_AD/carpet;2;10;224;0.996388;0.998913
clip_vitl14;mvtec_AD/carpet;3;10;224;0.99077;0.997494
clip_vitl14;mvtec_AD/carpet;4;10;224;0.991172;0.997535
clip_vitl14;mvtec_AD/hazelnut;0;10;224;0.984643;0.991769
clip_vitl14;mvtec_AD/hazelnut;1;10;224;0.969643;0.983837
clip_vitl14;mvtec_AD/hazelnut;2;10;224;0.986429;0.992538
clip_vitl14;mvtec_AD/hazelnut;3;10;224;0.998214;0.999011
clip_vitl14;mvtec_AD/hazelnut;4;10;224;0.920357;0.955891
clip_vitl14;mvtec_AD/leather;0;10;224;1.0;1.0
clip_vitl14;mvtec_AD/leather;1;10;224;1.0;1.0
clip_vitl14;mvtec_AD/leather;2;10;224;1.0;1.0
clip_vitl14;mvtec_AD/leather;3;10;224;1.0;1.0
clip_vitl14;mvtec_AD/leather;4;10;224;1.0;1.0
clip_vitl14;VisA/capsules;0;10;224;0.7545;0.85649
clip_vitl14;VisA/capsules;1;10;224;0.834167;0.905984
clip_vitl14;VisA/capsules;2;10;224;0.846833;0.907603
clip_vitl14;VisA/capsules;3;10;224;0.797333;0.881402
clip_vitl14;VisA/capsules;4;10;224;0.823667;0.894026
clip_vitl14;VisA/pcb1;0;10;224;0.9144;0.904559
clip_vitl14;VisA/pcb1;1;10;224;0.9156;0.901995
clip_vitl14;VisA/pcb1;2;10;224;0.9043;0.893653
clip_vitl14;VisA/pcb1;3;10;224;0.8719;0.870961
clip_vitl14;VisA/pcb1;4;10;224;0.88;0.867336
clip_vitl14;GoodsAD/drink_bottle;0;10;224;0.575202;0.597492
clip_vitl14;GoodsAD/drink_bottle;1;10;224;0.547032;0.576952
clip_vitl14;GoodsAD/drink_bottle;2;10;224;0.532657;0.565447
clip_vitl14;GoodsAD/drink_bottle;3;10;224;0.539822;0.583512
clip_vitl14;GoodsAD/drink_bottle;4;10;224;0.551467;0.582554
clip_vitl14;GoodsAD/food_box;0;10;224;0.52385;0.652259
clip_vitl14;GoodsAD/food_box;1;10;224;0.561999;0.675763
clip_vitl14;GoodsAD/food_box;2;10;224;0.562681;0.673601
clip_vitl14;GoodsAD/food_box;3;10;224;0.564809;0.677623
clip_vitl14;GoodsAD/food_box;4;10;224;0.561808;0.673322
siglip_vitl16;mvtec_AD/bottle;2;10;256;0.996825;0.999027
siglip_vitl16;mvtec_AD/bottle;3;10;256;0.981746;0.993001
siglip_vitl16;mvtec_AD/bottle;4;10;256;0.975397;0.989602
siglip_vitl16;mvtec_AD/carpet;0;10;256;0.999599;0.999875
siglip_vitl16;mvtec_AD/carpet;1;10;256;1.0;1.0
siglip_vitl16;mvtec_AD/carpet;2;10;256;0.999599;0.999875
siglip_vitl16;mvtec_AD/carpet;3;10;256;0.999197;0.999749
siglip_vitl16;mvtec_AD/carpet;4;10;256;0.999197;0.999749
siglip_vitl16;mvtec_AD/hazelnut;0;10;256;0.995;0.997218
siglip_vitl16;mvtec_AD/hazelnut;1;10;256;0.985714;0.992356
siglip_vitl16;mvtec_AD/hazelnut;2;10;256;0.993929;0.996709
siglip_vitl16;mvtec_AD/hazelnut;3;10;256;0.998214;0.999011
siglip_vitl16;mvtec_AD/hazelnut;4;10;256;0.980357;0.988292
siglip_vitl16;mvtec_AD/leather;0;10;256;1.0;1.0
siglip_vitl16;mvtec_AD/leather;1;10;256;0.99966;0.999883
siglip_vitl16;mvtec_AD/leather;2;10;256;0.99966;0.999883
siglip_vitl16;mvtec_AD/leather;3;10;256;0.998981;0.999646
siglip_vitl16;mvtec_AD/leather;4;10;256;0.99966;0.999883
siglip_vitl16;VisA/capsules;0;10;256;0.843833;0.914907
siglip_vitl16;VisA/capsules;1;10;256;0.882667;0.936605
siglip_vitl16;VisA/capsules;2;10;256;0.881667;0.928934
siglip_vitl16;VisA/capsules;3;10;256;0.852667;0.909773
siglip_vitl16;VisA/capsules;4;10;256;0.858167;0.919087
siglip_vitl16;VisA/pcb1;0;10;256;0.925;0.921002
siglip_vitl16;VisA/pcb1;1;10;256;0.9648;0.963782
siglip_vitl16;VisA/pcb1;2;10;256;0.9095;0.906633
siglip_vitl16;VisA/pcb1;3;10;256;0.7857;0.811866
siglip_vitl16;VisA/pcb1;4;10;256;0.9016;0.901801
siglip_vitl16;GoodsAD/drink_bottle;0;10;256;0.540086;0.570737
siglip_vitl16;GoodsAD/drink_bottle;1;10;256;0.502816;0.545136
siglip_vitl16;GoodsAD/drink_bottle;2;10;256;0.505671;0.547352
siglip_vitl16;GoodsAD/drink_bottle;3;10;256;0.504144;0.551178
siglip_vitl16;GoodsAD/drink_bottle;4;10;256;0.52121;0.55085
siglip_vitl16;GoodsAD/food_box;0;10;256;0.532828;0.648031
siglip_vitl16;GoodsAD/food_box;1;10;256;0.560607;0.680629
siglip_vitl16;GoodsAD/food_box;2;10;256;0.583966;0.70949
siglip_vitl16;GoodsAD/food_box;3;10;256;0.589096;0.697308
siglip_vitl16;GoodsAD/food_box;4;10;256;0.580664;0.706561
dinov3_vitl16;mvtec_AD/cable;0;10;448;0.943966;0.968014
dinov3_vitl16;mvtec_AD/cable;1;10;448;0.958396;0.974074
dinov3_vitl16;mvtec_AD/cable;2;10;448;0.965705;0.978238
dinov3_vitl16;mvtec_AD/cable;3;10;448;0.918853;0.957159
dinov3_vitl16;mvtec_AD/cable;4;10;448;0.904235;0.94031
dinov3_vitl16;mvtec_AD/capsule;0;10;448;0.61069;0.857204
dinov3_vitl16;mvtec_AD/capsule;1;10;448;0.858795;0.966432
dinov3_vitl16;mvtec_AD/capsule;2;10;448;0.910251;0.979689
dinov3_vitl16;mvtec_AD/capsule;3;10;448;0.817312;0.952098
dinov3_vitl16;mvtec_AD/capsule;4;10;448;0.881931;0.972474
dinov3_vitl16;mvtec_AD/grid;0;10;448;0.984962;0.994818
dinov3_vitl16;mvtec_AD/grid;1;10;448;0.980785;0.992623
dinov3_vitl16;mvtec_AD/grid;2;10;448;0.978279;0.992276
dinov3_vitl16;mvtec_AD/grid;3;10;448;0.995823;0.998542
dinov3_vitl16;mvtec_AD/grid;4;10;448;0.968254;0.987869
dinov3_vitl16;mvtec_AD/metal_nut;0;10;448;0.962366;0.99162
dinov3_vitl16;mvtec_AD/metal_nut;1;10;448;0.956989;0.99035
dinov3_vitl16;mvtec_AD/metal_nut;2;10;448;0.928152;0.983349
dinov3_vitl16;mvtec_AD/metal_nut;3;10;448;0.979472;0.995132
dinov3_vitl16;mvtec_AD/metal_nut;4;10;448;0.921799;0.981618
dinov3_vitl16;mvtec_AD/pill;0;10;448;0.892799;0.979355
dinov3_vitl16;mvtec_AD/pill;1;10;448;0.89689;0.980356
dinov3_vitl16;mvtec_AD/pill;2;10;448;0.907529;0.982725
dinov3_vitl16;mvtec_AD/pill;3;10;448;0.926623;0.986259
dinov3_vitl16;mvtec_AD/pill;4;10;448;0.915439;0.984414
dinov3_vitl16;mvtec_AD/screw;0;10;448;0.831523;0.935537
dinov3_vitl16;mvtec_AD/screw;1;10;448;0.598893;0.81053
dinov3_vitl16;mvtec_AD/screw;2;10;448;0.642755;0.798139
dinov3_vitl16;mvtec_AD/screw;3;10;448;0.667555;0.808327
dinov3_vitl16;mvtec_AD/screw;4;10;448;0.536995;0.755916
dinov3_vitl16;mvtec_AD/tile;0;10;448;1.0;1.0
dinov3_vitl16;mvtec_AD/tile;1;10;448;1.0;1.0
dinov3_vitl16;mvtec_AD/tile;2;10;448;1.0;1.0
dinov3_vitl16;mvtec_AD/tile;3;10;448;1.0;1.0
dinov3_vitl16;mvtec_AD/tile;4;10;448;1.0;1.0
dinov3_vitl16;mvtec_AD/toothbrush;0;10;448;0.977778;0.992982
dinov3_vitl16;mvtec_AD/toothbrush;1;10;448;0.966667;0.990476
dinov3_vitl16;mvtec_AD/toothbrush;2;10;448;0.963889;0.988796
dinov3_vitl16;mvtec_AD/toothbrush;3;10;448;0.988889;0.996078
dinov3_vitl16;mvtec_AD/toothbrush;4;10;448;0.983333;0.99367
dinov3_vitl16;mvtec_AD/transistor;0;10;448;0.962917;0.959217
dinov3_vitl16;mvtec_AD/transistor;1;10;448;0.96125;0.95669
dinov3_vitl16;mvtec_AD/transistor;2;10;448;0.957917;0.952462
dinov3_vitl16;mvtec_AD/transistor;3;10;448;0.9625;0.954488
dinov3_vitl16;mvtec_AD/transistor;4;10;448;0.975;0.974585
dinov3_vitl16;mvtec_AD/wood;0;10;448;0.958772;0.986214
dinov3_vitl16;mvtec_AD/wood;1;10;448;0.957018;0.984996
dinov3_vitl16;mvtec_AD/wood;2;10;448;0.938596;0.978383
dinov3_vitl16;mvtec_AD/wood;3;10;448;0.966667;0.988431
dinov3_vitl16;mvtec_AD/wood;4;10;448;0.95614;0.984693
dinov3_vitl16;mvtec_AD/zipper;0;10;448;0.997111;0.999221
dinov3_vitl16;mvtec_AD/zipper;1;10;448;0.997374;0.999292
dinov3_vitl16;mvtec_AD/zipper;2;10;448;0.995011;0.998674
dinov3_vitl16;mvtec_AD/zipper;3;10;448;0.999475;0.999861
dinov3_vitl16;mvtec_AD/zipper;4;10;448;0.998424;0.999582
dinov3_vitl16;mvtec_loco_AD/breakfast_box;0;10;448;0.814746;0.904871
dinov3_vitl16;mvtec_loco_AD/breakfast_box;1;10;448;0.793041;0.891922
dinov3_vitl16;mvtec_loco_AD/breakfast_box;2;10;448;0.832483;0.912412
dinov3_vitl16;mvtec_loco_AD/breakfast_box;3;10;448;0.821999;0.908841
dinov3_vitl16;mvtec_loco_AD/breakfast_box;4;10;448;0.832937;0.911474
dinov3_vitl16;mvtec_loco_AD/juice_bottle;0;10;448;0.862829;0.947983
dinov3_vitl16;mvtec_loco_AD/juice_bottle;1;10;448;0.841147;0.93283
dinov3_vitl16;mvtec_loco_AD/juice_bottle;2;10;448;0.887351;0.955723
dinov3_vitl16;mvtec_loco_AD/juice_bottle;3;10;448;0.877975;0.952896
dinov3_vitl16;mvtec_loco_AD/juice_bottle;4;10;448;0.904391;0.962543
dinov3_vitl16;mvtec_loco_AD/pushpins;0;10;448;0.58999;0.647688
dinov3_vitl16;mvtec_loco_AD/pushpins;1;10;448;0.543605;0.593326
dinov3_vitl16;mvtec_loco_AD/pushpins;2;10;448;0.55064;0.597478
dinov3_vitl16;mvtec_loco_AD/pushpins;3;10;448;0.546891;0.592491
dinov3_vitl16;mvtec_loco_AD/pushpins;4;10;448;0.521571;0.576097
dinov3_vitl16;mvtec_loco_AD/screw_bag;0;10;448;0.620593;0.763269
dinov3_vitl16;mvtec_loco_AD/screw_bag;1;10;448;0.638147;0.784867
dinov3_vitl16;mvtec_loco_AD/screw_bag;2;10;448;0.636949;0.784756
dinov3_vitl16;mvtec_loco_AD/screw_bag;3;10;448;0.604686;0.760457
dinov3_vitl16;mvtec_loco_AD/screw_bag;4;10;448;0.678419;0.804094
dinov3_vitl16;mvtec_loco_AD/splicing_connectors;0;10;448;0.74607;0.851872
dinov3_vitl16;mvtec_loco_AD/splicing_connectors;1;10;448;0.582444;0.742593
dinov3_vitl16;mvtec_loco_AD/splicing_connectors;2;10;448;0.808508;0.89087
dinov3_vitl16;mvtec_loco_AD/splicing_connectors;3;10;448;0.53664;0.658995
dinov3_vitl16;mvtec_loco_AD/splicing_connectors;4;10;448;0.782209;0.866092
dinov3_vitl16;VisA/candle;0;10;448;0.9378;0.901518
dinov3_vitl16;VisA/candle;1;10;448;0.9432;0.909204
dinov3_vitl16;VisA/candle;2;10;448;0.9122;0.867105
dinov3_vitl16;VisA/candle;3;10;448;0.9487;0.921764
dinov3_vitl16;VisA/candle;4;10;448;0.9531;0.920975
dinov3_vitl16;VisA/cashew;0;10;448;0.9504;0.964956
dinov3_vitl16;VisA/cashew;1;10;448;0.9408;0.963229
dinov3_vitl16;VisA/cashew;2;10;448;0.9146;0.93888
dinov3_vitl16;VisA/cashew;3;10;448;0.9486;0.961423
dinov3_vitl16;VisA/cashew;4;10;448;0.9472;0.966729
dinov3_vitl16;VisA/chewinggum;0;10;448;0.9794;0.988898
dinov3_vitl16;VisA/chewinggum;1;10;448;0.9716;0.984922
dinov3_vitl16;VisA/chewinggum;2;10;448;0.9742;0.986532
dinov3_vitl16;VisA/chewinggum;3;10;448;0.967;0.981827
dinov3_vitl16;VisA/chewinggum;4;10;448;0.968;0.983404
dinov3_vitl16;VisA/fryum;0;10;448;0.911;0.946247
dinov3_vitl16;VisA/fryum;1;10;448;0.9202;0.952956
dinov3_vitl16;VisA/fryum;2;10;448;0.9254;0.951071
dinov3_vitl16;VisA/fryum;3;10;448;0.909;0.948923
dinov3_vitl16;VisA/fryum;4;10;448;0.9236;0.948689
dinov3_vitl16;VisA/macaroni1;0;10;448;0.7575;0.75117
dinov3_vitl16;VisA/macaroni1;1;10;448;0.7801;0.784544
dinov3_vitl16;VisA/macaroni1;2;10;448;0.7314;0.738873
dinov3_vitl16;VisA/macaroni1;3;10;448;0.7796;0.796151
dinov3_vitl16;VisA/macaroni1;4;10;448;0.8104;0.820208
dinov3_vitl16;VisA/macaroni2;0;10;448;0.6489;0.648319
dinov3_vitl16;VisA/macaroni2;1;10;448;0.5551;0.536247
dinov3_vitl16;VisA/macaroni2;2;10;448;0.5469;0.512943
dinov3_vitl16;VisA/macaroni2;3;10;448;0.4956;0.483783
dinov3_vitl16;VisA/macaroni2;4;10;448;0.5797;0.526015
dinov3_vitl16;VisA/pcb2;0;10;448;0.7754;0.795213
dinov3_vitl16;VisA/pcb2;1;10;448;0.7887;0.774548
dinov3_vitl16;VisA/pcb2;2;10;448;0.79035;0.804404
dinov3_vitl16;VisA/pcb2;3;10;448;0.8204;0.847437
dinov3_vitl16;VisA/pcb2;4;10;448;0.857;0.834765
dinov3_vitl16;VisA/pcb3;0;10;448;0.817525;0.821116
dinov3_vitl16;VisA/pcb3;1;10;448;0.84099;0.849929
dinov3_vitl16;VisA/pcb3;2;10;448;0.839109;0.843227
dinov3_vitl16;VisA/pcb3;3;10;448;0.828119;0.831248
dinov3_vitl16;VisA/pcb3;4;10;448;0.873663;0.872535
dinov3_vitl16;VisA/pcb4;0;10;448;0.98495;0.953227
dinov3_vitl16;VisA/pcb4;1;10;448;0.980891;0.97
dinov3_vitl16;VisA/pcb4;2;10;448;0.981584;0.949063
dinov3_vitl16;VisA/pcb4;3;10;448;0.983861;0.95167
dinov3_vitl16;VisA/pcb4;4;10;448;0.97604;0.955292
dinov3_vitl16;VisA/pipe_fryum;0;10;448;0.8126;0.903038
dinov3_vitl16;VisA/pipe_fryum;1;10;448;0.8178;0.905696
dinov3_vitl16;VisA/pipe_fryum;2;10;448;0.8362;0.911902
dinov3_vitl16;VisA/pipe_fryum;3;10;448;0.8378;0.916168
dinov3_vitl16;VisA/pipe_fryum;4;10;448;0.8572;0.924235
dinov3_vitl16;AutoVI/engine_wiring;0;10;448;0.733795;0.72104
dinov3_vitl16;AutoVI/engine_wiring;1;10;448;0.644691;0.651279
dinov3_vitl16;AutoVI/engine_wiring;2;10;448;0.599866;0.609463
dinov3_vitl16;AutoVI/engine_wiring;3;10;448;0.721471;0.707551
dinov3_vitl16;AutoVI/engine_wiring;4;10;448;0.649584;0.66404
dinov3_vitl16;AutoVI/pipe_clip;0;10;448;0.563669;0.481962
dinov3_vitl16;AutoVI/pipe_clip;1;10;448;0.580787;0.501734
dinov3_vitl16;AutoVI/pipe_clip;2;10;448;0.58606;0.498738
dinov3_vitl16;AutoVI/pipe_clip;3;10;448;0.59368;0.486236
dinov3_vitl16;AutoVI/pipe_clip;4;10;448;0.595486;0.487484
dinov3_vitl16;AutoVI/tank_screw;0;10;448;0.48335;0.212305
dinov3_vitl16;AutoVI/tank_screw;1;10;448;0.528666;0.231618
dinov3_vitl16;AutoVI/tank_screw;2;10;448;0.482638;0.210866
dinov3_vitl16;AutoVI/tank_screw;3;10;448;0.508143;0.236446
dinov3_vitl16;AutoVI/tank_screw;4;10;448;0.516584;0.232223
dinov3_vitl16;AutoVI/underbody_pipes;0;10;448;0.936225;0.928907
dinov3_vitl16;AutoVI/underbody_pipes;1;10;448;0.940637;0.925577
dinov3_vitl16;AutoVI/underbody_pipes;2;10;448;0.939755;0.932114
dinov3_vitl16;AutoVI/underbody_pipes;3;10;448;0.949869;0.941798
dinov3_vitl16;AutoVI/underbody_pipes;4;10;448;0.948037;0.939524
dinov3_vitl16;AutoVI/underbody_screw;0;10;448;0.730541;0.131913
dinov3_vitl16;AutoVI/underbody_screw;1;10;448;0.862002;0.37177
dinov3_vitl16;AutoVI/underbody_screw;2;10;448;0.779709;0.157549
dinov3_vitl16;AutoVI/underbody_screw;3;10;448;0.825906;0.299915
dinov3_vitl16;AutoVI/underbody_screw;4;10;448;0.771836;0.233217
dinov3_vitl16;btad/01;0;10;448;0.991254;0.996465
dinov3_vitl16;btad/01;1;10;448;0.980564;0.992963
dinov3_vitl16;btad/01;2;10;448;0.979592;0.992792
dinov3_vitl16;btad/01;3;10;448;0.985423;0.99443
dinov3_vitl16;btad/01;4;10;448;0.986395;0.994971
dinov3_vitl16;btad/02;0;10;448;0.89263;0.982055
dinov3_vitl16;btad/02;1;10;448;0.921273;0.987017
dinov3_vitl16;btad/02;2;10;448;0.922111;0.987084
dinov3_vitl16;btad/02;3;10;448;0.912898;0.98573
dinov3_vitl16;btad/02;4;10;448;0.911223;0.985384
dinov3_vitl16;btad/03;0;10;448;0.999597;0.994612
dinov3_vitl16;btad/03;1;10;448;1.0;1.0
dinov3_vitl16;btad/03;2;10;448;0.999597;0.994612
dinov3_vitl16;btad/03;3;10;448;1.0;1.0
dinov3_vitl16;btad/03;4;10;448;0.999597;0.994612
dinov3_vitl16;GoodsAD/cigarette_box;0;10;448;0.803612;0.807048
dinov3_vitl16;GoodsAD/cigarette_box;1;10;448;0.869474;0.870712
dinov3_vitl16;GoodsAD/cigarette_box;2;10;448;0.75923;0.769201
dinov3_vitl16;GoodsAD/cigarette_box;3;10;448;0.772313;0.778191
dinov3_vitl16;GoodsAD/cigarette_box;4;10;448;0.819672;0.820183
dinov3_vitl16;GoodsAD/drink_can;0;10;448;0.601808;0.611519
dinov3_vitl16;GoodsAD/drink_can;1;10;448;0.59808;0.60268
dinov3_vitl16;GoodsAD/drink_can;2;10;448;0.580887;0.5848
dinov3_vitl16;GoodsAD/drink_can;3;10;448;0.615274;0.645122
dinov3_vitl16;GoodsAD/drink_can;4;10;448;0.584568;0.599124
dinov3_vitl16;GoodsAD/food_bottle;0;10;448;0.611938;0.709701
dinov3_vitl16;GoodsAD/food_bottle;1;10;448;0.542121;0.661341
dinov3_vitl16;GoodsAD/food_bottle;2;10;448;0.577055;0.684646
dinov3_vitl16;GoodsAD/food_bottle;3;10;448;0.586557;0.678049
dinov3_vitl16;GoodsAD/food_bottle;4;10;448;0.553561;0.643544
dinov3_vitl16;GoodsAD/food_package;0;10;448;0.51789;0.478761
dinov3_vitl16;GoodsAD/food_package;1;10;448;0.53028;0.500795
dinov3_vitl16;GoodsAD/food_package;2;10;448;0.547276;0.544674
dinov3_vitl16;GoodsAD/food_package;3;10;448;0.544819;0.536235
dinov3_vitl16;GoodsAD/food_package;4;10;448;0.544767;0.517117
dinov2_vitl14;mvtec_AD/cable;0;10;448;0.921289;0.95423
dinov2_vitl14;mvtec_AD/cable;1;10;448;0.9509;0.970358
dinov2_vitl14;mvtec_AD/cable;2;10;448;0.954648;0.971173
dinov2_vitl14;mvtec_AD/cable;3;10;448;0.901987;0.94311
dinov2_vitl14;mvtec_AD/cable;4;10;448;0.850262;0.903695
dinov2_vitl14;mvtec_AD/capsule;0;10;448;0.875548;0.969686
dinov2_vitl14;mvtec_AD/capsule;1;10;448;0.874751;0.971363
dinov2_vitl14;mvtec_AD/capsule;2;10;448;0.928999;0.983849
dinov2_vitl14;mvtec_AD/capsule;3;10;448;0.886717;0.974514
dinov2_vitl14;mvtec_AD/capsule;4;10;448;0.901476;0.9774
dinov2_vitl14;mvtec_AD/grid;0;10;448;0.951546;0.98342
dinov2_vitl14;mvtec_AD/grid;1;10;448;0.964912;0.986201
dinov2_vitl14;mvtec_AD/grid;2;10;448;0.960735;0.985857
dinov2_vitl14;mvtec_AD/grid;3;10;448;0.979114;0.992522
dinov2_vitl14;mvtec_AD/grid;4;10;448;0.91061;0.96272
dinov2_vitl14;mvtec_AD/metal_nut;0;10;448;0.926686;0.98336
dinov2_vitl14;mvtec_AD/metal_nut;1;10;448;0.95259;0.989407
dinov2_vitl14;mvtec_AD/metal_nut;2;10;448;0.899316;0.976188
dinov2_vitl14;mvtec_AD/metal_nut;3;10;448;0.9565;0.99023
dinov2_vitl14;mvtec_AD/metal_nut;4;10;448;0.906158;0.978596
dinov2_vitl14;mvtec_AD/pill;0;10;448;0.894708;0.980325
dinov2_vitl14;mvtec_AD/pill;1;10;448;0.903437;0.981944
dinov2_vitl14;mvtec_AD/pill;2;10;448;0.899073;0.980533
dinov2_vitl14;mvtec_AD/pill;3;10;448;0.889525;0.978898
dinov2_vitl14;mvtec_AD/pill;4;10;448;0.902346;0.981617
dinov2_vitl14;mvtec_AD/screw;0;10;448;0.782127;0.911633
dinov2_vitl14;mvtec_AD/screw;1;10;448;0.548678;0.802517
dinov2_vitl14;mvtec_AD/screw;2;10;448;0.593359;0.766842
dinov2_vitl14;mvtec_AD/screw;3;10;448;0.635376;0.78577
dinov2_vitl14;mvtec_AD/screw;4;10;448;0.554417;0.781162
dinov2_vitl14;mvtec_AD/tile;0;10;448;1.0;1.0
dinov2_vitl14;mvtec_AD/tile;1;10;448;1.0;1.0
dinov2_vitl14;mvtec_AD/tile;2;10;448;1.0;1.0
dinov2_vitl14;mvtec_AD/tile;3;10;448;1.0;1.0
dinov2_vitl14;mvtec_AD/tile;4;10;448;1.0;1.0
dinov2_vitl14;mvtec_AD/toothbrush;0;10;448;0.986111;0.995238
dinov2_vitl14;mvtec_AD/toothbrush;1;10;448;0.977778;0.992982
dinov2_vitl14;mvtec_AD/toothbrush;2;10;448;0.961111;0.987932
dinov2_vitl14;mvtec_AD/toothbrush;3;10;448;0.986111;0.995238
dinov2_vitl14;mvtec_AD/toothbrush;4;10;448;0.963889;0.987817
dinov2_vitl14;mvtec_AD/transistor;0;10;448;0.93625;0.932085
dinov2_vitl14;mvtec_AD/transistor;1;10;448;0.944167;0.9379
dinov2_vitl14;mvtec_AD/transistor;2;10;448;0.935;0.929437
dinov2_vitl14;mvtec_AD/transistor;3;10;448;0.905833;0.900912
dinov2_vitl14;mvtec_AD/transistor;4;10;448;0.941667;0.940012
dinov2_vitl14;mvtec_AD/wood;0;10;448;0.95614;0.985042
dinov2_vitl14;mvtec_AD/wood;1;10;448;0.948246;0.981141
dinov2_vitl14;mvtec_AD/wood;2;10;448;0.959649;0.986557
dinov2_vitl14;mvtec_AD/wood;3;10;448;0.971053;0.99005
dinov2_vitl14;mvtec_AD/wood;4;10;448;0.965789;0.988496
dinov2_vitl14;mvtec_AD/zipper;0;10;448;0.987658;0.996671
dinov2_vitl14;mvtec_AD/zipper;1;10;448;0.988183;0.996949
dinov2_vitl14;mvtec_AD/zipper;2;10;448;0.988183;0.996924
dinov2_vitl14;mvtec_AD/zipper;3;10;448;0.993435;0.998306
dinov2_vitl14;mvtec_AD/zipper;4;10;448;0.991597;0.997829
dinov2_vitl14;mvtec_loco_AD/breakfast_box;0;10;448;0.839907;0.916157
dinov2_vitl14;mvtec_loco_AD/breakfast_box;1;10;448;0.847898;0.915245
dinov2_vitl14;mvtec_loco_AD/breakfast_box;2;10;448;0.834863;0.911976
dinov2_vitl14;mvtec_loco_AD/breakfast_box;3;10;448;0.82863;0.90529
dinov2_vitl14;mvtec_loco_AD/breakfast_box;4;10;448;0.869489;0.9267
dinov2_vitl14;mvtec_loco_AD/juice_bottle;0;10;448;0.816309;0.930882
dinov2_vitl14;mvtec_loco_AD/juice_bottle;1;10;448;0.800532;0.917233
dinov2_vitl14;mvtec_loco_AD/juice_bottle;2;10;448;0.839614;0.937886
dinov2_vitl14;mvtec_loco_AD/juice_bottle;3;10;448;0.851244;0.941964
dinov2_vitl14;mvtec_loco_AD/juice_bottle;4;10;448;0.865263;0.950584
dinov2_vitl14;mvtec_loco_AD/pushpins;0;10;448;0.568714;0.622902
dinov2_vitl14;mvtec_loco_AD/pushpins;1;10;448;0.542888;0.567271
dinov2_vitl14;mvtec_loco_AD/pushpins;2;10;448;0.530755;0.564532
dinov2_vitl14;mvtec_loco_AD/pushpins;3;10;448;0.533873;0.564639
dinov2_vitl14;mvtec_loco_AD/pushpins;4;10;448;0.521107;0.560337
dinov2_vitl14;mvtec_loco_AD/screw_bag;0;10;448;0.566996;0.725411
dinov2_vitl14;mvtec_loco_AD/screw_bag;1;10;448;0.557714;0.727812
dinov2_vitl14;mvtec_loco_AD/screw_bag;2;10;448;0.552025;0.715385
dinov2_vitl14;mvtec_loco_AD/screw_bag;3;10;448;0.54016;0.712225
dinov2_vitl14;mvtec_loco_AD/screw_bag;4;10;448;0.585935;0.740663
dinov2_vitl14;mvtec_loco_AD/splicing_connectors;0;10;448;0.728045;0.826675
dinov2_vitl14;mvtec_loco_AD/splicing_connectors;1;10;448;0.784299;0.874732
dinov2_vitl14;mvtec_loco_AD/splicing_connectors;2;10;448;0.776636;0.865199
dinov2_vitl14;mvtec_loco_AD/splicing_connectors;3;10;448;0.712979;0.802065
dinov2_vitl14;mvtec_loco_AD/splicing_connectors;4;10;448;0.747507;0.843543
dinov2_vitl14;VisA/candle;0;10;448;0.9166;0.8735
dinov2_vitl14;VisA/candle;1;10;448;0.9406;0.917743
dinov2_vitl14;VisA/candle;2;10;448;0.9306;0.906017
dinov2_vitl14;VisA/candle;3;10;448;0.938;0.90961
dinov2_vitl14;VisA/candle;4;10;448;0.9385;0.915257
dinov2_vitl14;VisA/cashew;0;10;448;0.9144;0.94302
dinov2_vitl14;VisA/cashew;1;10;448;0.9008;0.93496
dinov2_vitl14;VisA/cashew;2;10;448;0.8542;0.911196
dinov2_vitl14;VisA/cashew;3;10;448;0.9294;0.949842
dinov2_vitl14;VisA/cashew;4;10;448;0.9234;0.949514
dinov2_vitl14;VisA/chewinggum;0;10;448;0.9598;0.978184
dinov2_vitl14;VisA/chewinggum;1;10;448;0.9586;0.977294
dinov2_vitl14;VisA/chewinggum;2;10;448;0.9592;0.976698
dinov2_vitl14;VisA/chewinggum;3;10;448;0.9622;0.979743
dinov2_vitl14;VisA/chewinggum;4;10;448;0.963;0.978809
dinov2_vitl14;VisA/fryum;0;10;448;0.8896;0.928078
dinov2_vitl14;VisA/fryum;1;10;448;0.886;0.93039
dinov2_vitl14;VisA/fryum;2;10;448;0.914;0.944546
dinov2_vitl14;VisA/fryum;3;10;448;0.877;0.921563
dinov2_vitl14;VisA/fryum;4;10;448;0.8874;0.92067
dinov2_vitl14;VisA/macaroni1;0;10;448;0.7569;0.759079
dinov2_vitl14;VisA/macaroni1;1;10;448;0.7699;0.780869
dinov2_vitl14;VisA/macaroni1;2;10;448;0.7162;0.735273
dinov2_vitl14;VisA/macaroni1;3;10;448;0.7425;0.744916
dinov2_vitl14;VisA/macaroni1;4;10;448;0.7577;0.760055
dinov2_vitl14;VisA/macaroni2;0;10;448;0.6715;0.661159
dinov2_vitl14;VisA/macaroni2;1;10;448;0.6277;0.58789
dinov2_vitl14;VisA/macaroni2;2;10;448;0.5871;0.531523
dinov2_vitl14;VisA/macaroni2;3;10;448;0.5876;0.541669
dinov2_vitl14;VisA/macaroni2;4;10;448;0.6113;0.55366
dinov2_vitl14;VisA/pcb2;0;10;448;0.803;0.799068
dinov2_vitl14;VisA/pcb2;1;10;448;0.7519;0.761556
dinov2_vitl14;VisA/pcb2;2;10;448;0.7775;0.791876
dinov2_vitl14;VisA/pcb2;3;10;448;0.7917;0.783032
dinov2_vitl14;VisA/pcb2;4;10;448;0.8013;0.79807
dinov2_vitl14;VisA/pcb3;0;10;448;0.843465;0.840278
dinov2_vitl14;VisA/pcb3;1;10;448;0.809307;0.80825
dinov2_vitl14;VisA/pcb3;2;10;448;0.835644;0.839446
dinov2_vitl14;VisA/pcb3;3;10;448;0.837921;0.840743
dinov2_vitl14;VisA/pcb3;4;10;448;0.847525;0.83699
dinov2_vitl14;VisA/pcb4;0;10;448;0.971782;0.932446
dinov2_vitl14;VisA/pcb4;1;10;448;0.965644;0.90146
dinov2_vitl14;VisA/pcb4;2;10;448;0.963663;0.901548
dinov2_vitl14;VisA/pcb4;3;10;448;0.969703;0.945092
dinov2_vitl14;VisA/pcb4;4;10;448;0.968614;0.940871
dinov2_vitl14;VisA/pipe_fryum;0;10;448;0.7738;0.880952
dinov2_vitl14;VisA/pipe_fryum;1;10;448;0.7882;0.889602
dinov2_vitl14;VisA/pipe_fryum;2;10;448;0.782;0.882615
dinov2_vitl14;VisA/pipe_fryum;3;10;448;0.8194;0.905642
dinov2_vitl14;VisA/pipe_fryum;4;10;448;0.7788;0.885955
dinov2_vitl14;AutoVI/engine_wiring;0;10;448;0.777248;0.765285
dinov2_vitl14;AutoVI/engine_wiring;1;10;448;0.669556;0.67631
dinov2_vitl14;AutoVI/engine_wiring;2;10;448;0.619401;0.630789
dinov2_vitl14;AutoVI/engine_wiring;3;10;448;0.769368;0.757968
dinov2_vitl14;AutoVI/engine_wiring;4;10;448;0.692333;0.694412
dinov2_vitl14;AutoVI/pipe_clip;0;10;448;0.557494;0.480951
dinov2_vitl14;AutoVI/pipe_clip;1;10;448;0.571253;0.497061
dinov2_vitl14;AutoVI/pipe_clip;2;10;448;0.53048;0.451513
dinov2_vitl14;AutoVI/pipe_clip;3;10;448;0.557313;0.486767
dinov2_vitl14;AutoVI/pipe_clip;4;10;448;0.559083;0.471631
dinov2_vitl14;AutoVI/tank_screw;0;10;448;0.477822;0.206027
dinov2_vitl14;AutoVI/tank_screw;1;10;448;0.521251;0.229549
dinov2_vitl14;AutoVI/tank_screw;2;10;448;0.48474;0.212383
dinov2_vitl14;AutoVI/tank_screw;3;10;448;0.481397;0.212376
dinov2_vitl14;AutoVI/tank_screw;4;10;448;0.513671;0.228324
dinov2_vitl14;AutoVI/underbody_pipes;0;10;448;0.938092;0.931689
dinov2_vitl14;AutoVI/underbody_pipes;1;10;448;0.94488;0.938848
dinov2_vitl14;AutoVI/underbody_pipes;2;10;448;0.955504;0.948339
dinov2_vitl14;AutoVI/underbody_pipes;3;10;448;0.926348;0.927115
dinov2_vitl14;AutoVI/underbody_pipes;4;10;448;0.971456;0.96021
dinov2_vitl14;AutoVI/underbody_screw;0;10;448;0.640523;0.118745
dinov2_vitl14;AutoVI/underbody_screw;1;10;448;0.773173;0.259037
dinov2_vitl14;AutoVI/underbody_screw;2;10;448;0.707813;0.148245
dinov2_vitl14;AutoVI/underbody_screw;3;10;448;0.682709;0.231537
dinov2_vitl14;AutoVI/underbody_screw;4;10;448;0.659982;0.12268
dinov2_vitl14;btad/01;0;10;448;0.939747;0.97761
dinov2_vitl14;btad/01;1;10;448;0.936832;0.976544
dinov2_vitl14;btad/01;2;10;448;0.920311;0.971627
dinov2_vitl14;btad/01;3;10;448;0.931973;0.975331
dinov2_vitl14;btad/01;4;10;448;0.924198;0.972816
dinov2_vitl14;btad/02;0;10;448;0.845896;0.97437
dinov2_vitl14;btad/02;1;10;448;0.874037;0.979061
dinov2_vitl14;btad/02;2;10;448;0.906868;0.984607
dinov2_vitl14;btad/02;3;10;448;0.867504;0.977833
dinov2_vitl14;btad/02;4;10;448;0.882245;0.980713
dinov2_vitl14;btad/03;0;10;448;0.999435;0.992176
dinov2_vitl14;btad/03;1;10;448;0.999597;0.994612
dinov2_vitl14;btad/03;2;10;448;0.999113;0.986673
dinov2_vitl14;btad/03;3;10;448;1.0;1.0
dinov2_vitl14;btad/03;4;10;448;0.999516;0.993417
dinov2_vitl14;GoodsAD/cigarette_box;0;10;448;0.898463;0.899961
dinov2_vitl14;GoodsAD/cigarette_box;1;10;448;0.895397;0.897693
dinov2_vitl14;GoodsAD/cigarette_box;2;10;448;0.791772;0.819911
dinov2_vitl14;GoodsAD/cigarette_box;3;10;448;0.904594;0.926283
dinov2_vitl14;GoodsAD/cigarette_box;4;10;448;0.84835;0.851729
dinov2_vitl14;GoodsAD/drink_can;0;10;448;0.602553;0.62089
dinov2_vitl14;GoodsAD/drink_can;1;10;448;0.631721;0.646362
dinov2_vitl14;GoodsAD/drink_can;2;10;448;0.579909;0.597138
dinov2_vitl14;GoodsAD/drink_can;3;10;448;0.57921;0.583857
dinov2_vitl14;GoodsAD/drink_can;4;10;448;0.557078;0.5627
dinov2_vitl14;GoodsAD/food_bottle;0;10;448;0.589697;0.693216
dinov2_vitl14;GoodsAD/food_bottle;1;10;448;0.553401;0.68154
dinov2_vitl14;GoodsAD/food_bottle;2;10;448;0.546174;0.66035
dinov2_vitl14;GoodsAD/food_bottle;3;10;448;0.571549;0.667064
dinov2_vitl14;GoodsAD/food_bottle;4;10;448;0.545763;0.650815
dinov2_vitl14;GoodsAD/food_package;0;10;448;0.509985;0.494265
dinov2_vitl14;GoodsAD/food_package;1;10;448;0.502732;0.483179
dinov2_vitl14;GoodsAD/food_package;2;10;448;0.535693;0.53196
dinov2_vitl14;GoodsAD/food_package;3;10;448;0.51923;0.506055
dinov2_vitl14;GoodsAD/food_package;4;10;448;0.515913;0.496105
clip_vitl14;mvtec_AD/cable;0;10;224;0.967391;0.984235
clip_vitl14;mvtec_AD/cable;1;10;224;0.978448;0.989035
clip_vitl14;mvtec_AD/cable;2;10;224;0.976762;0.987683
clip_vitl14;mvtec_AD/cable;3;10;224;0.969265;0.984672
clip_vitl14;mvtec_AD/cable;4;10;224;0.955772;0.975701
clip_vitl14;mvtec_AD/capsule;0;10;224;0.731951;0.923578
clip_vitl14;mvtec_AD/capsule;1;10;224;0.887914;0.973865
clip_vitl14;mvtec_AD/capsule;2;10;224;0.918628;0.979524
clip_vitl14;mvtec_AD/capsule;3;10;224;0.799761;0.944684
clip_vitl14;mvtec_AD/capsule;4;10;224;0.902274;0.977313
clip_vitl14;mvtec_AD/grid;0;10;224;0.915622;0.968839
clip_vitl14;mvtec_AD/grid;1;10;224;0.922306;0.971116
clip_vitl14;mvtec_AD/grid;2;10;224;0.964912;0.988675
clip_vitl14;mvtec_AD/grid;3;10;224;0.961571;0.986761
clip_vitl14;mvtec_AD/grid;4;10;224;0.960735;0.987026
clip_vitl14;mvtec_AD/metal_nut;0;10;224;0.991691;0.998122
clip_vitl14;mvtec_AD/metal_nut;1;10;224;0.987781;0.997297
clip_vitl14;mvtec_AD/metal_nut;2;10;224;0.987292;0.99709
clip_vitl14;mvtec_AD/metal_nut;3;10;224;0.991691;0.998089
clip_vitl14;mvtec_AD/metal_nut;4;10;224;0.983871;0.996369
clip_vitl14;mvtec_AD/pill;0;10;224;0.964812;0.993633
clip_vitl14;mvtec_AD/pill;1;10;224;0.954992;0.99151
clip_vitl14;mvtec_AD/pill;2;10;224;0.953355;0.991323
clip_vitl14;mvtec_AD/pill;3;10;224;0.963448;0.993337
clip_vitl14;mvtec_AD/pill;4;10;224;0.966176;0.993837
clip_vitl14;mvtec_AD/screw;0;10;224;0.833572;0.927259
clip_vitl14;mvtec_AD/screw;1;10;224;0.625128;0.838397
clip_vitl14;mvtec_AD/screw;2;10;224;0.634146;0.780681
clip_vitl14;mvtec_AD/screw;3;10;224;0.657922;0.798116
clip_vitl14;mvtec_AD/screw;4;10;224;0.645419;0.81775
clip_vitl14;mvtec_AD/tile;0;10;224;1.0;1.0
clip_vitl14;mvtec_AD/tile;1;10;224;1.0;1.0
clip_vitl14;mvtec_AD/tile;2;10;224;1.0;1.0
clip_vitl14;mvtec_AD/tile;3;10;224;1.0;1.0
clip_vitl14;mvtec_AD/tile;4;10;224;1.0;1.0
clip_vitl14;mvtec_AD/toothbrush;0;10;224;0.997222;0.998925
clip_vitl14;mvtec_AD/toothbrush;1;10;224;0.994444;0.997814
clip_vitl14;mvtec_AD/toothbrush;2;10;224;0.936111;0.975483
clip_vitl14;mvtec_AD/toothbrush;3;10;224;0.994444;0.997814
clip_vitl14;mvtec_AD/toothbrush;4;10;224;0.891667;0.963105
clip_vitl14;mvtec_AD/transistor;0;10;224;0.91;0.886007
clip_vitl14;mvtec_AD/transistor;1;10;224;0.93875;0.922509
clip_vitl14;mvtec_AD/transistor;2;10;224;0.944167;0.921721
clip_vitl14;mvtec_AD/transistor;3;10;224;0.930417;0.903216
clip_vitl14;mvtec_AD/transistor;4;10;224;0.950833;0.935387
clip_vitl14;mvtec_AD/wood;0;10;224;0.973684;0.99108
clip_vitl14;mvtec_AD/wood;1;10;224;0.972807;0.989846
clip_vitl14;mvtec_AD/wood;2;10;224;0.973684;0.990612
clip_vitl14;mvtec_AD/wood;3;10;224;0.968421;0.988152
clip_vitl14;mvtec_AD/wood;4;10;224;0.983333;0.994257
clip_vitl14;mvtec_AD/zipper;0;10;224;0.992384;0.997983
clip_vitl14;mvtec_AD/zipper;1;10;224;0.992122;0.997993
clip_vitl14;mvtec_AD/zipper;2;10;224;0.994223;0.998485
clip_vitl14;mvtec_AD/zipper;3;10;224;0.995273;0.998804
clip_vitl14;mvtec_AD/zipper;4;10;224;0.998687;0.999652
clip_vitl14;mvtec_loco_AD/breakfast_box;0;10;224;0.815482;0.906549
clip_vitl14;mvtec_loco_AD/breakfast_box;1;10;224;0.815426;0.905682
clip_vitl14;mvtec_loco_AD/breakfast_box;2;10;224;0.830273;0.913758
clip_vitl14;mvtec_loco_AD/breakfast_box;3;10;224;0.830897;0.914433
clip_vitl14;mvtec_loco_AD/breakfast_box;4;10;224;0.835373;0.913679
clip_vitl14;mvtec_loco_AD/juice_bottle;0;10;224;0.827533;0.932559
clip_vitl14;mvtec_loco_AD/juice_bottle;1;10;224;0.851695;0.935978
clip_vitl14;mvtec_loco_AD/juice_bottle;2;10;224;0.929183;0.973823
clip_vitl14;mvtec_loco_AD/juice_bottle;3;10;224;0.914533;0.968306
clip_vitl14;mvtec_loco_AD/juice_bottle;4;10;224;0.922647;0.972051
clip_vitl14;mvtec_loco_AD/pushpins;0;10;224;0.65803;0.726428
clip_vitl14;mvtec_loco_AD/pushpins;1;10;224;0.67168;0.726379
clip_vitl14;mvtec_loco_AD/pushpins;2;10;224;0.648003;0.710865
clip_vitl14;mvtec_loco_AD/pushpins;3;10;224;0.679896;0.737686
clip_vitl14;mvtec_loco_AD/pushpins;4;10;224;0.633805;0.706784
clip_vitl14;mvtec_loco_AD/screw_bag;0;10;224;0.710495;0.799942
clip_vitl14;mvtec_loco_AD/screw_bag;1;10;224;0.640916;0.734519
clip_vitl14;mvtec_loco_AD/screw_bag;2;10;224;0.693577;0.78729
clip_vitl14;mvtec_loco_AD/screw_bag;3;10;224;0.640317;0.7559
clip_vitl14;mvtec_loco_AD/screw_bag;4;10;224;0.743768;0.823961
clip_vitl14;mvtec_loco_AD/splicing_connectors;0;10;224;0.718988;0.827178
clip_vitl14;mvtec_loco_AD/splicing_connectors;1;10;224;0.744851;0.846833
clip_vitl14;mvtec_loco_AD/splicing_connectors;2;10;224;0.742326;0.853901
clip_vitl14;mvtec_loco_AD/splicing_connectors;3;10;224;0.693909;0.808327
clip_vitl14;mvtec_loco_AD/splicing_connectors;4;10;224;0.742065;0.842
clip_vitl14;VisA/candle;0;10;224;0.933;0.906557
clip_vitl14;VisA/candle;1;10;224;0.918;0.883121
clip_vitl14;VisA/candle;2;10;224;0.903;0.879111
clip_vitl14;VisA/candle;3;10;224;0.9379;0.902493
clip_vitl14;VisA/candle;4;10;224;0.9251;0.886241
clip_vitl14;VisA/cashew;0;10;224;0.912;0.948517
clip_vitl14;VisA/cashew;1;10;224;0.9334;0.965277
clip_vitl14;VisA/cashew;2;10;224;0.889;0.932698
clip_vitl14;VisA/cashew;3;10;224;0.9606;0.980379
clip_vitl14;VisA/cashew;4;10;224;0.9434;0.970939
clip_vitl14;VisA/chewinggum;0;10;224;0.9836;0.992564
clip_vitl14;VisA/chewinggum;1;10;224;0.9898;0.995348
clip_vitl14;VisA/chewinggum;2;10;224;0.9828;0.992319
clip_vitl14;VisA/chewinggum;3;10;224;0.9866;0.993918
clip_vitl14;VisA/chewinggum;4;10;224;0.9836;0.992504
clip_vitl14;VisA/fryum;0;10;224;0.929;0.961037
clip_vitl14;VisA/fryum;1;10;224;0.9194;0.959498
clip_vitl14;VisA/fryum;2;10;224;0.9378;0.96766
clip_vitl14;VisA/fryum;3;10;224;0.9288;0.965137
clip_vitl14;VisA/fryum;4;10;224;0.9302;0.960646
clip_vitl14;VisA/macaroni1;0;10;224;0.8623;0.872785
clip_vitl14;VisA/macaroni1;1;10;224;0.8396;0.844572
clip_vitl14;VisA/macaroni1;2;10;224;0.7559;0.737121
clip_vitl14;VisA/macaroni1;3;10;224;0.8503;0.846327
clip_vitl14;VisA/macaroni1;4;10;224;0.871;0.879908
clip_vitl14;VisA/macaroni2;0;10;224;0.663;0.626548
clip_vitl14;VisA/macaroni2;1;10;224;0.5874;0.56921
clip_vitl14;VisA/macaroni2;2;10;224;0.6087;0.571761
clip_vitl14;VisA/macaroni2;3;10;224;0.5998;0.558611
clip_vitl14;VisA/macaroni2;4;10;224;0.5835;0.54196
clip_vitl14;VisA/pcb2;0;10;224;0.8024;0.812606
clip_vitl14;VisA/pcb2;1;10;224;0.7948;0.808811
clip_vitl14;VisA/pcb2;2;10;224;0.7982;0.819423
clip_vitl14;VisA/pcb2;3;10;224;0.8787;0.883479
clip_vitl14;VisA/pcb2;4;10;224;0.8759;0.891122
clip_vitl14;VisA/pcb3;0;10;224;0.781881;0.802263
clip_vitl14;VisA/pcb3;1;10;224;0.80901;0.818571
clip_vitl14;VisA/pcb3;2;10;224;0.793861;0.795511
clip_vitl14;VisA/pcb3;3;10;224;0.78703;0.808999
clip_vitl14;VisA/pcb3;4;10;224;0.831089;0.84336
clip_vitl14;VisA/pcb4;0;10;224;0.944752;0.909924
clip_vitl14;VisA/pcb4;1;10;224;0.951782;0.92189
clip_vitl14;VisA/pcb4;2;10;224;0.972376;0.960466
clip_vitl14;VisA/pcb4;3;10;224;0.987723;0.985317
clip_vitl14;VisA/pcb4;4;10;224;0.973366;0.952324
clip_vitl14;VisA/pipe_fryum;0;10;224;0.9472;0.97406
clip_vitl14;VisA/pipe_fryum;1;10;224;0.9606;0.98
clip_vitl14;VisA/pipe_fryum;2;10;224;0.9452;0.972166
clip_vitl14;VisA/pipe_fryum;3;10;224;0.9442;0.972034
clip_vitl14;VisA/pipe_fryum;4;10;224;0.9522;0.975597
clip_vitl14;AutoVI/engine_wiring;0;10;224;0.694433;0.686986
clip_vitl14;AutoVI/engine_wiring;1;10;224;0.660523;0.667502
clip_vitl14;AutoVI/engine_wiring;2;10;224;0.625763;0.62776
clip_vitl14;AutoVI/engine_wiring;3;10;224;0.710496;0.701108
clip_vitl14;AutoVI/engine_wiring;4;10;224;0.664724;0.666296
clip_vitl14;AutoVI/pipe_clip;0;10;224;0.568472;0.474536
clip_vitl14;AutoVI/pipe_clip;1;10;224;0.542506;0.45711
clip_vitl14;AutoVI/pipe_clip;2;10;224;0.52593;0.442639
clip_vitl14;AutoVI/pipe_clip;3;10;224;0.540809;0.467271
clip_vitl14;AutoVI/pipe_clip;4;10;224;0.543409;0.462455
clip_vitl14;AutoVI/tank_screw;0;10;224;0.503939;0.254513
clip_vitl14;AutoVI/tank_screw;1;10;224;0.546541;0.264624
clip_vitl14;AutoVI/tank_screw;2;10;224;0.472757;0.232498
clip_vitl14;AutoVI/tank_screw;3;10;224;0.498974;0.242888
clip_vitl14;AutoVI/tank_screw;4;10;224;0.502979;0.236509
clip_vitl14;AutoVI/underbody_pipes;0;10;224;0.901911;0.905178
clip_vitl14;AutoVI/underbody_pipes;1;10;224;0.850864;0.844263
clip_vitl14;AutoVI/underbody_pipes;2;10;224;0.882497;0.87896
clip_vitl14;AutoVI/underbody_pipes;3;10;224;0.947426;0.935237
clip_vitl14;AutoVI/underbody_pipes;4;10;224;0.924753;0.920479
clip_vitl14;AutoVI/underbody_screw;0;10;224;0.523619;0.048883
clip_vitl14;AutoVI/underbody_screw;1;10;224;0.706031;0.07965
clip_vitl14;AutoVI/underbody_screw;2;10;224;0.519311;0.052809
clip_vitl14;AutoVI/underbody_screw;3;10;224;0.670083;0.123675
clip_vitl14;AutoVI/underbody_screw;4;10;224;0.575312;0.0568
clip_vitl14;btad/01;0;10;224;0.944606;0.97946
clip_vitl14;btad/01;1;10;224;0.956268;0.983538
clip_vitl14;btad/01;2;10;224;0.959184;0.984769
clip_vitl14;btad/01;3;10;224;0.952381;0.9822
clip_vitl14;btad/01;4;10;224;0.953353;0.982775
clip_vitl14;btad/02;0;10;224;0.844556;0.975141
clip_vitl14;btad/02;1;10;224;0.867839;0.978625
clip_vitl14;btad/02;2;10;224;0.884255;0.981102
clip_vitl14;btad/02;3;10;224;0.856449;0.977003
clip_vitl14;btad/02;4;10;224;0.864154;0.977877
clip_vitl14;btad/03;0;10;224;1.0;1.0
clip_vitl14;btad/03;1;10;224;1.0;1.0
clip_vitl14;btad/03;2;10;224;0.999919;0.998992
clip_vitl14;btad/03;3;10;224;1.0;1.0
clip_vitl14;btad/03;4;10;224;1.0;1.0
clip_vitl14;GoodsAD/cigarette_box;0;10;224;0.607046;0.630583
clip_vitl14;GoodsAD/cigarette_box;1;10;224;0.762784;0.774194
clip_vitl14;GoodsAD/cigarette_box;2;10;224;0.626438;0.666743
clip_vitl14;GoodsAD/cigarette_box;3;10;224;0.674219;0.694218
clip_vitl14;GoodsAD/cigarette_box;4;10;224;0.576947;0.622071
clip_vitl14;GoodsAD/drink_can;0;10;224;0.580281;0.574487
clip_vitl14;GoodsAD/drink_can;1;10;224;0.596496;0.58372
clip_vitl14;GoodsAD/drink_can;2;10;224;0.549063;0.549604
clip_vitl14;GoodsAD/drink_can;3;10;224;0.558848;0.569443
clip_vitl14;GoodsAD/drink_can;4;10;224;0.562622;0.559493
clip_vitl14;GoodsAD/food_bottle;0;10;224;0.531582;0.62037
clip_vitl14;GoodsAD/food_bottle;1;10;224;0.522622;0.634783
clip_vitl14;GoodsAD/food_bottle;2;10;224;0.53401;0.618529
clip_vitl14;GoodsAD/food_bottle;3;10;224;0.540143;0.636157
clip_vitl14;GoodsAD/food_bottle;4;10;224;0.554621;0.65023
clip_vitl14;GoodsAD/food_package;0;10;224;0.509417;0.490222
clip_vitl14;GoodsAD/food_package;1;10;224;0.487403;0.462146
clip_vitl14;GoodsAD/food_package;2;10;224;0.519918;0.504731
clip_vitl14;GoodsAD/food_package;3;10;224;0.512184;0.49688
clip_vitl14;GoodsAD/food_package;4;10;224;0.507768;0.482094
siglip_vitl16;mvtec_AD/cable;0;10;256;0.980135;0.988748
siglip_vitl16;mvtec_AD/cable;1;10;256;0.975262;0.984925
siglip_vitl16;mvtec_AD/cable;2;10;256;0.976387;0.985883
siglip_vitl16;mvtec_AD/cable;3;10;256;0.962894;0.977414
siglip_vitl16;mvtec_AD/cable;4;10;256;0.972076;0.981675
siglip_vitl16;mvtec_AD/capsule;0;10;256;0.863981;0.966376
siglip_vitl16;mvtec_AD/capsule;1;10;256;0.887914;0.955954
siglip_vitl16;mvtec_AD/capsule;2;10;256;0.909055;0.976285
siglip_vitl16;mvtec_AD/capsule;3;10;256;0.879537;0.972837
siglip_vitl16;mvtec_AD/capsule;4;10;256;0.90347;0.978999
siglip_vitl16;mvtec_AD/grid;0;10;256;0.976608;0.992562
siglip_vitl16;mvtec_AD/grid;1;10;256;0.961571;0.985578
siglip_vitl16;mvtec_AD/grid;2;10;256;0.984127;0.994322
siglip_vitl16;mvtec_AD/grid;3;10;256;0.98914;0.996343
siglip_vitl16;mvtec_AD/grid;4;10;256;0.977444;0.991958
siglip_vitl16;mvtec_AD/metal_nut;0;10;256;0.979961;0.994763
siglip_vitl16;mvtec_AD/metal_nut;1;10;256;0.980938;0.99562
siglip_vitl16;mvtec_AD/metal_nut;2;10;256;0.972141;0.99348
siglip_vitl16;mvtec_AD/metal_nut;3;10;256;0.987781;0.996811
siglip_vitl16;mvtec_AD/metal_nut;4;10;256;0.98045;0.995553
siglip_vitl16;mvtec_AD/pill;0;10;256;0.968903;0.994488
siglip_vitl16;mvtec_AD/pill;1;10;256;0.975996;0.995762
siglip_vitl16;mvtec_AD/pill;2;10;256;0.971904;0.994889
siglip_vitl16;mvtec_AD/pill;3;10;256;0.976268;0.995815
siglip_vitl16;mvtec_AD/pill;4;10;256;0.975723;0.995724
siglip_vitl16;mvtec_AD/screw;0;10;256;0.938922;0.975182
siglip_vitl16;mvtec_AD/screw;1;10;256;0.830703;0.932537
siglip_vitl16;mvtec_AD/screw;2;10;256;0.789301;0.891788
siglip_vitl16;mvtec_AD/screw;3;10;256;0.788891;0.875777
siglip_vitl16;mvtec_AD/screw;4;10;256;0.81943;0.921934
siglip_vitl16;mvtec_AD/tile;0;10;256;0.998918;0.999581
siglip_vitl16;mvtec_AD/tile;1;10;256;0.998918;0.999581
siglip_vitl16;mvtec_AD/tile;2;10;256;0.998918;0.999581
siglip_vitl16;mvtec_AD/tile;3;10;256;0.999278;0.999723
siglip_vitl16;mvtec_AD/tile;4;10;256;0.999639;0.99986
siglip_vitl16;mvtec_AD/toothbrush;0;10;256;0.980556;0.993333
siglip_vitl16;mvtec_AD/toothbrush;1;10;256;0.952778;0.980934
siglip_vitl16;mvtec_AD/toothbrush;2;10;256;0.936111;0.977026
siglip_vitl16;mvtec_AD/toothbrush;3;10;256;0.963889;0.985474
siglip_vitl16;mvtec_AD/toothbrush;4;10;256;0.902778;0.967175
siglip_vitl16;mvtec_AD/transistor;0;10;256;0.959583;0.952057
siglip_vitl16;mvtec_AD/transistor;1;10;256;0.965417;0.951719
siglip_vitl16;mvtec_AD/transistor;2;10;256;0.941667;0.928331
siglip_vitl16;mvtec_AD/transistor;3;10;256;0.94375;0.92957
siglip_vitl16;mvtec_AD/transistor;4;10;256;0.955417;0.956488
siglip_vitl16;mvtec_AD/wood;0;10;256;1.0;1.0
siglip_vitl16;mvtec_AD/wood;1;10;256;1.0;1.0
siglip_vitl16;mvtec_AD/wood;2;10;256;0.995614;0.998718
siglip_vitl16;mvtec_AD/wood;3;10;256;0.999123;0.999727
siglip_vitl16;mvtec_AD/wood;4;10;256;1.0;1.0
siglip_vitl16;mvtec_AD/zipper;0;10;256;0.982931;0.995179
siglip_vitl16;mvtec_AD/zipper;1;10;256;0.987658;0.996575
siglip_vitl16;mvtec_AD/zipper;2;10;256;0.970063;0.990531
siglip_vitl16;mvtec_AD/zipper;3;10;256;0.976628;0.993081
siglip_vitl16;mvtec_AD/zipper;4;10;256;0.993697;0.99831
siglip_vitl16;mvtec_loco_AD/breakfast_box;0;10;256;0.7825;0.880891
siglip_vitl16;mvtec_loco_AD/breakfast_box;1;10;256;0.744588;0.853251
siglip_vitl16;mvtec_loco_AD/breakfast_box;2;10;256;0.780687;0.865999
siglip_vitl16;mvtec_loco_AD/breakfast_box;3;10;256;0.798368;0.890029
siglip_vitl16;mvtec_loco_AD/breakfast_box;4;10;256;0.754165;0.858257
siglip_vitl16;mvtec_loco_AD/juice_bottle;0;10;256;0.85485;0.943688
siglip_vitl16;mvtec_loco_AD/juice_bottle;1;10;256;0.85458;0.936966
siglip_vitl16;mvtec_loco_AD/juice_bottle;2;10;256;0.912459;0.9656
siglip_vitl16;mvtec_loco_AD/juice_bottle;3;10;256;0.815317;0.915883
siglip_vitl16;mvtec_loco_AD/juice_bottle;4;10;256;0.925261;0.972818
siglip_vitl16;mvtec_loco_AD/pushpins;0;10;256;0.636038;0.727497
siglip_vitl16;mvtec_loco_AD/pushpins;1;10;256;0.673618;0.735468
siglip_vitl16;mvtec_loco_AD/pushpins;2;10;256;0.663212;0.726105
siglip_vitl16;mvtec_loco_AD/pushpins;3;10;256;0.666582;0.724441
siglip_vitl16;mvtec_loco_AD/pushpins;4;10;256;0.646655;0.722182
siglip_vitl16;mvtec_loco_AD/screw_bag;0;10;256;0.755483;0.840458
siglip_vitl16;mvtec_loco_AD/screw_bag;1;10;256;0.731118;0.82591
siglip_vitl16;mvtec_loco_AD/screw_bag;2;10;256;0.746014;0.843455
siglip_vitl16;mvtec_loco_AD/screw_bag;3;10;256;0.772401;0.859467
siglip_vitl16;mvtec_loco_AD/screw_bag;4;10;256;0.757654;0.841349
siglip_vitl16;mvtec_loco_AD/splicing_connectors;0;10;256;0.710236;0.825638
siglip_vitl16;mvtec_loco_AD/splicing_connectors;1;10;256;0.746811;0.855907
siglip_vitl16;mvtec_loco_AD/splicing_connectors;2;10;256;0.735795;0.853822
siglip_vitl16;mvtec_loco_AD/splicing_connectors;3;10;256;0.720556;0.835102
siglip_vitl16;mvtec_loco_AD/splicing_connectors;4;10;256;0.730962;0.840551
siglip_vitl16;VisA/candle;0;10;256;0.9569;0.96016
siglip_vitl16;VisA/candle;1;10;256;0.9535;0.958429
siglip_vitl16;VisA/candle;2;10;256;0.9437;0.952684
siglip_vitl16;VisA/candle;3;10;256;0.9571;0.956623
siglip_vitl16;VisA/candle;4;10;256;0.9532;0.955922
siglip_vitl16;VisA/cashew;0;10;256;0.963;0.98166
siglip_vitl16;VisA/cashew;1;10;256;0.9598;0.979742
siglip_vitl16;VisA/cashew;2;10;256;0.9476;0.973117
siglip_vitl16;VisA/cashew;3;10;256;0.9454;0.970712
siglip_vitl16;VisA/cashew;4;10;256;0.955;0.976904
siglip_vitl16;VisA/chewinggum;0;10;256;0.9854;0.993633
siglip_vitl16;VisA/chewinggum;1;10;256;0.981;0.991463
siglip_vitl16;VisA/chewinggum;2;10;256;0.9862;0.993587
siglip_vitl16;VisA/chewinggum;3;10;256;0.9862;0.993691
siglip_vitl16;VisA/chewinggum;4;10;256;0.982;0.991467
siglip_vitl16;VisA/fryum;0;10;256;0.8732;0.937828
siglip_vitl16;VisA/fryum;1;10;256;0.8784;0.94509
siglip_vitl16;VisA/fryum;2;10;256;0.914;0.959524
siglip_vitl16;VisA/fryum;3;10;256;0.9108;0.961126
siglip_vitl16;VisA/fryum;4;10;256;0.8886;0.948503
siglip_vitl16;VisA/macaroni1;0;10;256;0.8635;0.869347
siglip_vitl16;VisA/macaroni1;1;10;256;0.8776;0.879849
siglip_vitl16;VisA/macaroni1;2;10;256;0.8402;0.841585
siglip_vitl16;VisA/macaroni1;3;10;256;0.8905;0.897065
siglip_vitl16;VisA/macaroni1;4;10;256;0.9153;0.921867
siglip_vitl16;VisA/macaroni2;0;10;256;0.6869;0.659984
siglip_vitl16;VisA/macaroni2;1;10;256;0.6515;0.664097
siglip_vitl16;VisA/macaroni2;2;10;256;0.6879;0.65433
siglip_vitl16;VisA/macaroni2;3;10;256;0.6529;0.631256
siglip_vitl16;VisA/macaroni2;4;10;256;0.7098;0.675067
siglip_vitl16;VisA/pcb2;0;10;256;0.7154;0.74005
siglip_vitl16;VisA/pcb2;1;10;256;0.668;0.684154
siglip_vitl16;VisA/pcb2;2;10;256;0.7954;0.801534
siglip_vitl16;VisA/pcb2;3;10;256;0.8178;0.832121
siglip_vitl16;VisA/pcb2;4;10;256;0.823;0.834953
siglip_vitl16;VisA/pcb3;0;10;256;0.712574;0.738037
siglip_vitl16;VisA/pcb3;1;10;256;0.708218;0.660004
siglip_vitl16;VisA/pcb3;2;10;256;0.714059;0.723896
siglip_vitl16;VisA/pcb3;3;10;256;0.690792;0.728695
siglip_vitl16;VisA/pcb3;4;10;256;0.747723;0.748818
siglip_vitl16;VisA/pcb4;0;10;256;0.984356;0.984405
siglip_vitl16;VisA/pcb4;1;10;256;0.976535;0.975397
siglip_vitl16;VisA/pcb4;2;10;256;0.935248;0.880516
siglip_vitl16;VisA/pcb4;3;10;256;0.978911;0.976875
siglip_vitl16;VisA/pcb4;4;10;256;0.972475;0.967393
siglip_vitl16;VisA/pipe_fryum;0;10;256;0.8384;0.91259
siglip_vitl16;VisA/pipe_fryum;1;10;256;0.9318;0.969211
siglip_vitl16;VisA/pipe_fryum;2;10;256;0.9164;0.960726
siglip_vitl16;VisA/pipe_fryum;3;10;256;0.946;0.976543
siglip_vitl16;VisA/pipe_fryum;4;10;256;0.936;0.969609
siglip_vitl16;AutoVI/engine_wiring;0;10;256;0.730492;0.740699
siglip_vitl16;AutoVI/engine_wiring;1;10;256;0.624149;0.651591
siglip_vitl16;AutoVI/engine_wiring;2;10;256;0.576641;0.619461
siglip_vitl16;AutoVI/engine_wiring;3;10;256;0.641268;0.662453
siglip_vitl16;AutoVI/engine_wiring;4;10;256;0.511018;0.548408
siglip_vitl16;AutoVI/pipe_clip;0;10;256;0.563453;0.478231
siglip_vitl16;AutoVI/pipe_clip;1;10;256;0.574828;0.498054
siglip_vitl16;AutoVI/pipe_clip;2;10;256;0.577609;0.478668
siglip_vitl16;AutoVI/pipe_clip;3;10;256;0.558288;0.471233
siglip_vitl16;AutoVI/pipe_clip;4;10;256;0.559263;0.481827
siglip_vitl16;AutoVI/tank_screw;0;10;256;0.501754;0.24223
siglip_vitl16;AutoVI/tank_screw;1;10;256;0.570506;0.259616
siglip_vitl16;AutoVI/tank_screw;2;10;256;0.491261;0.230538
siglip_vitl16;AutoVI/tank_screw;3;10;256;0.50043;0.237308
siglip_vitl16;AutoVI/tank_screw;4;10;256;0.499901;0.241362
siglip_vitl16;AutoVI/underbody_pipes;0;10;256;0.943488;0.957396
siglip_vitl16;AutoVI/underbody_pipes;1;10;256;0.971354;0.980014
siglip_vitl16;AutoVI/underbody_pipes;2;10;256;0.895734;0.883177
siglip_vitl16;AutoVI/underbody_pipes;3;10;256;0.964124;0.974013
siglip_vitl16;AutoVI/underbody_pipes;4;10;256;0.972338;0.978391
siglip_vitl16;AutoVI/underbody_screw;0;10;256;0.458853;0.043541
siglip_vitl16;AutoVI/underbody_screw;1;10;256;0.594326;0.063461
siglip_vitl16;AutoVI/underbody_screw;2;10;256;0.639483;0.12474
siglip_vitl16;AutoVI/underbody_screw;3;10;256;0.612151;0.087375
siglip_vitl16;AutoVI/underbody_screw;4;10;256;0.602793;0.057294
siglip_vitl16;btad/01;0;10;256;0.938776;0.976582
siglip_vitl16;btad/01;1;10;256;0.916424;0.969447
siglip_vitl16;btad/01;2;10;256;0.929057;0.972993
siglip_vitl16;btad/01;3;10;256;0.921283;0.971612
siglip_vitl16;btad/01;4;10;256;0.92517;0.972275
siglip_vitl16;btad/02;0;10;256;0.848074;0.975158
siglip_vitl16;btad/02;1;10;256;0.88325;0.980697
siglip_vitl16;btad/02;2;10;256;0.88593;0.98118
siglip_vitl16;btad/02;3;10;256;0.876047;0.979549
siglip_vitl16;btad/02;4;10;256;0.873534;0.979052
siglip_vitl16;btad/03;0;10;256;0.999919;0.998992
siglip_vitl16;btad/03;1;10;256;0.999355;0.992587
siglip_vitl16;btad/03;2;10;256;0.999194;0.988139
siglip_vitl16;btad/03;3;10;256;0.999839;0.998045
siglip_vitl16;btad/03;4;10;256;1.0;1.0
siglip_vitl16;GoodsAD/cigarette_box;0;10;256;0.595095;0.621532
siglip_vitl16;GoodsAD/cigarette_box;1;10;256;0.589231;0.608267
siglip_vitl16;GoodsAD/cigarette_box;2;10;256;0.564263;0.606532
siglip_vitl16;GoodsAD/cigarette_box;3;10;256;0.705784;0.706885
siglip_vitl16;GoodsAD/cigarette_box;4;10;256;0.568373;0.606364
siglip_vitl16;GoodsAD/drink_can;0;10;256;0.551999;0.554339
siglip_vitl16;GoodsAD/drink_can;1;10;256;0.530286;0.51395
siglip_vitl16;GoodsAD/drink_can;2;10;256;0.548178;0.525057
siglip_vitl16;GoodsAD/drink_can;3;10;256;0.556099;0.571094
siglip_vitl16;GoodsAD/drink_can;4;10;256;0.573758;0.574662
siglip_vitl16;GoodsAD/food_bottle;0;10;256;0.559682;0.637864
siglip_vitl16;GoodsAD/food_bottle;1;10;256;0.520821;0.612486
siglip_vitl16;GoodsAD/food_bottle;2;10;256;0.504258;0.582811
siglip_vitl16;GoodsAD/food_bottle;3;10;256;0.540297;0.633573
siglip_vitl16;GoodsAD/food_bottle;4;10;256;0.514962;0.610995
siglip_vitl16;GoodsAD/food_package;0;10;256;0.484946;0.471151
siglip_vitl16;GoodsAD/food_package;1;10;256;0.499845;0.478539
siglip_vitl16;GoodsAD/food_package;2;10;256;0.525967;0.513869
siglip_vitl16;GoodsAD/food_package;3;10;256;0.520244;0.502935
siglip_vitl16;GoodsAD/food_package;4;10;256;0.505998;0.476132
