model;dataset;seed;train_limit;img_auroc;img_aupr
dinov3_knn;mvtec_AD/bottle;0;5;0.993651;0.998002
dinov3_k1;mvtec_AD/bottle;0;5;0.987302;0.995953
dinov3_knn;mvtec_AD/bottle;1;5;0.939683;0.966729
dinov3_k1;mvtec_AD/bottle;1;5;0.997619;0.99926
dinov3_knn;mvtec_AD/bottle;2;5;0.994444;0.998266
dinov3_k1;mvtec_AD/bottle;2;5;0.997619;0.99926
dinov3_knn;mvtec_AD/bottle;3;5;0.990476;0.997022
dinov3_k1;mvtec_AD/bottle;3;5;0.993651;0.998002
dinov3_knn;mvtec_AD/bottle;4;5;0.995238;0.99851
dinov3_k1;mvtec_AD/bottle;4;5;0.990476;0.996933
dinov3_knn;mvtec_AD/bottle;0;10;1.0;1.0
dinov3_k1;mvtec_AD/bottle;0;10;0.989683;0.9968
dinov3_knn;mvtec_AD/bottle;1;10;0.993651;0.997987
dinov3_k1;mvtec_AD/bottle;1;10;0.990476;0.996959
dinov3_knn;mvtec_AD/bottle;2;10;1.0;1.0
dinov3_k1;mvtec_AD/bottle;2;10;0.996825;0.999004
dinov3_knn;mvtec_AD/bottle;3;10;0.997619;0.999244
dinov3_k1;mvtec_AD/bottle;3;10;0.992063;0.997556
dinov3_knn;mvtec_AD/bottle;4;10;0.999206;0.999752
dinov3_k1;mvtec_AD/bottle;4;10;0.986508;0.995578
dinov3_knn;mvtec_AD/bottle;0;20;0.999206;0.999752
dinov3_k1;mvtec_AD/bottle;0;20;0.988095;0.996271
dinov3_knn;mvtec_AD/bottle;1;20;1.0;1.0
dinov3_k1;mvtec_AD/bottle;1;20;0.994444;0.998266
dinov3_knn;mvtec_AD/bottle;2;20;1.0;1.0
dinov3_k1;mvtec_AD/bottle;2;20;0.994444;0.998279
dinov3_knn;mvtec_AD/bottle;3;20;1.0;1.0
dinov3_k1;mvtec_AD/bottle;3;20;0.990476;0.996933
dinov3_knn;mvtec_AD/bottle;4;20;1.0;1.0
dinov3_k1;mvtec_AD/bottle;4;20;0.994444;0.99829
dinov3_knn;mvtec_AD/cable;0;5;0.856822;0.914643
dinov3_k1;mvtec_AD/cable;0;5;0.898801;0.944126
dinov3_knn;mvtec_AD/cable;1;5;0.846889;0.907975
dinov3_k1;mvtec_AD/cable;1;5;0.89018;0.937994
dinov3_knn;mvtec_AD/cable;2;5;0.844828;0.909479
dinov3_k1;mvtec_AD/cable;2;5;0.923163;0.955821
dinov3_knn;mvtec_AD/cable;3;5;0.82084;0.875357
dinov3_k1;mvtec_AD/cable;3;5;0.858696;0.921759
dinov3_knn;mvtec_AD/cable;4;5;0.826274;0.895701
dinov3_k1;mvtec_AD/cable;4;5;0.866379;0.92252
dinov3_knn;mvtec_AD/cable;0;10;0.899738;0.945467
dinov3_k1;mvtec_AD/cable;0;10;0.895427;0.942758
dinov3_knn;mvtec_AD/cable;1;10;0.896739;0.946996
dinov3_k1;mvtec_AD/cable;1;10;0.898238;0.941644
dinov3_knn;mvtec_AD/cable;2;10;0.913793;0.952011
dinov3_k1;mvtec_AD/cable;2;10;0.89955;0.941579
dinov3_knn;mvtec_AD/cable;3;10;0.873313;0.927525
dinov3_k1;mvtec_AD/cable;3;10;0.883621;0.935815
dinov3_knn;mvtec_AD/cable;4;10;0.912856;0.951287
dinov3_k1;mvtec_AD/cable;4;10;0.866004;0.918604
dinov3_knn;mvtec_AD/cable;0;20;0.910982;0.949991
dinov3_k1;mvtec_AD/cable;0;20;0.893553;0.940485
dinov3_knn;mvtec_AD/cable;1;20;0.907984;0.952361
dinov3_k1;mvtec_AD/cable;1;20;0.889618;0.936524
dinov3_knn;mvtec_AD/cable;2;20;0.919978;0.956266
dinov3_k1;mvtec_AD/cable;2;20;0.903298;0.943547
dinov3_knn;mvtec_AD/cable;3;20;0.889618;0.937237
dinov3_k1;mvtec_AD/cable;3;20;0.884933;0.933273
dinov3_knn;mvtec_AD/cable;4;20;0.90967;0.952072
dinov3_k1;mvtec_AD/cable;4;20;0.880622;0.930164
dinov3_knn;mvtec_AD/capsule;0;5;0.678899;0.890007
dinov3_k1;mvtec_AD/capsule;0;5;0.741923;0.932313
dinov3_knn;mvtec_AD/capsule;1;5;0.85002;0.954627
dinov3_k1;mvtec_AD/capsule;1;5;0.803351;0.950556
dinov3_knn;mvtec_AD/capsule;2;5;0.621061;0.834699
dinov3_k1;mvtec_AD/capsule;2;5;0.728361;0.929524
dinov3_knn;mvtec_AD/capsule;3;5;0.671719;0.859979
dinov3_k1;mvtec_AD/capsule;3;5;0.774232;0.942069
dinov3_knn;mvtec_AD/capsule;4;5;0.708416;0.881595
dinov3_k1;mvtec_AD/capsule;4;5;0.788592;0.947534
dinov3_knn;mvtec_AD/capsule;0;10;0.906661;0.975539
dinov3_k1;mvtec_AD/capsule;0;10;0.743917;0.933386
dinov3_knn;mvtec_AD/capsule;1;10;0.915836;0.976026
dinov3_k1;mvtec_AD/capsule;1;10;0.795373;0.948128
dinov3_knn;mvtec_AD/capsule;2;10;0.915038;0.973793
dinov3_k1;mvtec_AD/capsule;2;10;0.818508;0.955876
dinov3_knn;mvtec_AD/capsule;3;10;0.848026;0.957687
dinov3_k1;mvtec_AD/capsule;3;10;0.762266;0.937796
dinov3_knn;mvtec_AD/capsule;4;10;0.94655;0.984141
dinov3_k1;mvtec_AD/capsule;4;10;0.777423;0.944548
dinov3_knn;mvtec_AD/capsule;0;20;0.917431;0.975892
dinov3_k1;mvtec_AD/capsule;0;20;0.751895;0.936258
dinov3_knn;mvtec_AD/capsule;1;20;0.9286;0.977324
dinov3_k1;mvtec_AD/capsule;1;20;0.802553;0.9503
dinov3_knn;mvtec_AD/capsule;2;20;0.93937;0.982524
dinov3_k1;mvtec_AD/capsule;2;20;0.834065;0.959871
dinov3_knn;mvtec_AD/capsule;3;20;0.947746;0.984869
dinov3_k1;mvtec_AD/capsule;3;20;0.777423;0.943845
dinov3_knn;mvtec_AD/capsule;4;20;0.95014;0.986255
dinov3_k1;mvtec_AD/capsule;4;20;0.800558;0.950622
dinov3_knn;mvtec_AD/carpet;0;5;0.936998;0.963131
dinov3_k1;mvtec_AD/carpet;0;5;0.98756;0.995861
dinov3_knn;mvtec_AD/carpet;1;5;0.954655;0.981374
dinov3_k1;mvtec_AD/carpet;1;5;0.986758;0.995592
dinov3_knn;mvtec_AD/carpet;2;5;0.965088;0.986925
dinov3_k1;mvtec_AD/carpet;2;5;0.985955;0.995437
dinov3_knn;mvtec_AD/carpet;3;5;0.95626;0.981779
dinov3_k1;mvtec_AD/carpet;3;5;0.987961;0.996165
dinov3_knn;mvtec_AD/carpet;4;5;0.985152;0.995152
dinov3_k1;mvtec_AD/carpet;4;5;0.980337;0.993287
dinov3_knn;mvtec_AD/carpet;0;10;0.965088;0.986252
dinov3_k1;mvtec_AD/carpet;0;10;0.987159;0.995706
dinov3_knn;mvtec_AD/carpet;1;10;0.962681;0.984711
dinov3_k1;mvtec_AD/carpet;1;10;0.988764;0.996302
dinov3_knn;mvtec_AD/carpet;2;10;0.973917;0.990514
dinov3_k1;mvtec_AD/carpet;2;10;0.988764;0.996312
dinov3_knn;mvtec_AD/carpet;3;10;0.96549;0.986641
dinov3_k1;mvtec_AD/carpet;3;10;0.988764;0.996469
dinov3_knn;mvtec_AD/carpet;4;10;0.989567;0.996645
dinov3_k1;mvtec_AD/carpet;4;10;0.981541;0.993701
dinov3_knn;mvtec_AD/carpet;0;20;0.97512;0.991228
dinov3_k1;mvtec_AD/carpet;0;20;0.988363;0.996096
dinov3_knn;mvtec_AD/carpet;1;20;0.986758;0.995749
dinov3_k1;mvtec_AD/carpet;1;20;0.987961;0.99603
dinov3_knn;mvtec_AD/carpet;2;20;0.985554;0.995147
dinov3_k1;mvtec_AD/carpet;2;20;0.989968;0.996733
dinov3_knn;mvtec_AD/carpet;3;20;0.968299;0.988445
dinov3_k1;mvtec_AD/carpet;3;20;0.991172;0.997171
dinov3_knn;mvtec_AD/carpet;4;20;0.992777;0.997719
dinov3_k1;mvtec_AD/carpet;4;20;0.985554;0.995284
dinov3_knn;mvtec_AD/grid;0;5;0.998329;0.99939
dinov3_k1;mvtec_AD/grid;0;5;0.985798;0.994893
dinov3_knn;mvtec_AD/grid;1;5;1.0;1.0
dinov3_k1;mvtec_AD/grid;1;5;0.993317;0.997472
dinov3_knn;mvtec_AD/grid;2;5;1.0;1.0
dinov3_k1;mvtec_AD/grid;2;5;0.998329;0.999405
dinov3_knn;mvtec_AD/grid;3;5;1.0;1.0
dinov3_k1;mvtec_AD/grid;3;5;0.995823;0.998465
dinov3_knn;mvtec_AD/grid;4;5;0.994987;0.99814
dinov3_k1;mvtec_AD/grid;4;5;0.977444;0.991464
dinov3_knn;mvtec_AD/grid;0;10;1.0;1.0
dinov3_k1;mvtec_AD/grid;0;10;1.0;1.0
dinov3_knn;mvtec_AD/grid;1;10;1.0;1.0
dinov3_k1;mvtec_AD/grid;1;10;1.0;1.0
dinov3_knn;mvtec_AD/grid;2;10;1.0;1.0
dinov3_k1;mvtec_AD/grid;2;10;0.996658;0.998784
dinov3_knn;mvtec_AD/grid;3;10;1.0;1.0
dinov3_k1;mvtec_AD/grid;3;10;0.998329;0.99939
dinov3_knn;mvtec_AD/grid;4;10;1.0;1.0
dinov3_k1;mvtec_AD/grid;4;10;0.971596;0.989137
dinov3_knn;mvtec_AD/grid;0;20;0.999165;0.999698
dinov3_k1;mvtec_AD/grid;0;20;0.991646;0.996989
dinov3_knn;mvtec_AD/grid;1;20;1.0;1.0
dinov3_k1;mvtec_AD/grid;1;20;0.999165;0.999698
dinov3_knn;mvtec_AD/grid;2;20;1.0;1.0
dinov3_k1;mvtec_AD/grid;2;20;0.992481;0.99721
dinov3_knn;mvtec_AD/grid;3;20;1.0;1.0
dinov3_k1;mvtec_AD/grid;3;20;0.996658;0.998757
dinov3_knn;mvtec_AD/grid;4;20;1.0;1.0
dinov3_k1;mvtec_AD/grid;4;20;1.0;1.0
dinov3_knn;mvtec_AD/hazelnut;0;5;0.861429;0.862638
dinov3_k1;mvtec_AD/hazelnut;0;5;0.848571;0.926708
dinov3_knn;mvtec_AD/hazelnut;1;5;0.919643;0.910252
dinov3_k1;mvtec_AD/hazelnut;1;5;0.877857;0.936298
dinov3_knn;mvtec_AD/hazelnut;2;5;0.907143;0.943055
dinov3_k1;mvtec_AD/hazelnut;2;5;0.865357;0.927969
dinov3_knn;mvtec_AD/hazelnut;3;5;0.892143;0.882637
dinov3_k1;mvtec_AD/hazelnut;3;5;0.913571;0.954697
dinov3_knn;mvtec_AD/hazelnut;4;5;0.884286;0.895263
dinov3_k1;mvtec_AD/hazelnut;4;5;0.864643;0.922533
dinov3_knn;mvtec_AD/hazelnut;0;10;0.922857;0.909263
dinov3_k1;mvtec_AD/hazelnut;0;10;0.9125;0.954091
dinov3_knn;mvtec_AD/hazelnut;1;10;0.955357;0.945869
dinov3_k1;mvtec_AD/hazelnut;1;10;0.887143;0.940086
dinov3_knn;mvtec_AD/hazelnut;2;10;0.966786;0.978925
dinov3_k1;mvtec_AD/hazelnut;2;10;0.914286;0.95288
dinov3_knn;mvtec_AD/hazelnut;3;10;0.951786;0.931135
dinov3_k1;mvtec_AD/hazelnut;3;10;0.912857;0.954006
dinov3_knn;mvtec_AD/hazelnut;4;10;0.943929;0.93357
dinov3_k1;mvtec_AD/hazelnut;4;10;0.846071;0.909916
dinov3_knn;mvtec_AD/hazelnut;0;20;0.973929;0.978466
dinov3_k1;mvtec_AD/hazelnut;0;20;0.909286;0.952574
dinov3_knn;mvtec_AD/hazelnut;1;20;0.963929;0.965557
dinov3_k1;mvtec_AD/hazelnut;1;20;0.915357;0.955242
dinov3_knn;mvtec_AD/hazelnut;2;20;0.971071;0.974195
dinov3_k1;mvtec_AD/hazelnut;2;20;0.907143;0.950806
dinov3_knn;mvtec_AD/hazelnut;3;20;0.952143;0.930334
dinov3_k1;mvtec_AD/hazelnut;3;20;0.905;0.950389
dinov3_knn;mvtec_AD/hazelnut;4;20;0.973929;0.97864
dinov3_k1;mvtec_AD/hazelnut;4;20;0.895357;0.946236
dinov3_knn;mvtec_AD/leather;0;5;0.997283;0.999028
dinov3_k1;mvtec_AD/leather;0;5;1.0;1.0
dinov3_knn;mvtec_AD/leather;1;5;0.982677;0.99143
dinov3_k1;mvtec_AD/leather;1;5;1.0;1.0
dinov3_knn;mvtec_AD/leather;2;5;0.994226;0.997819
dinov3_k1;mvtec_AD/leather;2;5;1.0;1.0
dinov3_knn;mvtec_AD/leather;3;5;1.0;1.0
dinov3_k1;mvtec_AD/leather;3;5;1.0;1.0
dinov3_knn;mvtec_AD/leather;4;5;1.0;1.0
dinov3_k1;mvtec_AD/leather;4;5;1.0;1.0
dinov3_knn;mvtec_AD/leather;0;10;1.0;1.0
dinov3_k1;mvtec_AD/leather;0;10;1.0;1.0
dinov3_knn;mvtec_AD/leather;1;10;1.0;1.0
dinov3_k1;mvtec_AD/leather;1;10;1.0;1.0
dinov3_knn;mvtec_AD/leather;2;10;1.0;1.0
dinov3_k1;mvtec_AD/leather;2;10;1.0;1.0
dinov3_knn;mvtec_AD/leather;3;10;1.0;1.0
dinov3_k1;mvtec_AD/leather;3;10;1.0;1.0
dinov3_knn;mvtec_AD/leather;4;10;1.0;1.0
dinov3_k1;mvtec_AD/leather;4;10;1.0;1.0
dinov3_knn;mvtec_AD/leather;0;20;0.99966;0.999883
dinov3_k1;mvtec_AD/leather;0;20;1.0;1.0
dinov3_knn;mvtec_AD/leather;1;20;1.0;1.0
dinov3_k1;mvtec_AD/leather;1;20;1.0;1.0
dinov3_knn;mvtec_AD/leather;2;20;1.0;1.0
dinov3_k1;mvtec_AD/leather;2;20;1.0;1.0
dinov3_knn;mvtec_AD/leather;3;20;1.0;1.0
dinov3_k1;mvtec_AD/leather;3;20;1.0;1.0
dinov3_knn;mvtec_AD/leather;4;20;1.0;1.0
dinov3_k1;mvtec_AD/leather;4;20;1.0;1.0
dinov3_knn;mvtec_AD/metal_nut;0;5;0.999511;0.999886
dinov3_k1;mvtec_AD/metal_nut;0;5;0.892962;0.974066
dinov3_knn;mvtec_AD/metal_nut;1;5;0.997556;0.999428
dinov3_k1;mvtec_AD/metal_nut;1;5;0.90958;0.978169
dinov3_knn;mvtec_AD/metal_nut;2;5;0.995112;0.998856
dinov3_k1;mvtec_AD/metal_nut;2;5;0.835777;0.959244
dinov3_knn;mvtec_AD/metal_nut;3;5;0.998045;0.999557
dinov3_k1;mvtec_AD/metal_nut;3;5;0.886119;0.972354
dinov3_knn;mvtec_AD/metal_nut;4;5;0.989247;0.997311
dinov3_k1;mvtec_AD/metal_nut;4;5;0.917889;0.980339
dinov3_knn;mvtec_AD/metal_nut;0;10;1.0;1.0
dinov3_k1;mvtec_AD/metal_nut;0;10;0.927664;0.983086
dinov3_knn;mvtec_AD/metal_nut;1;10;1.0;1.0
dinov3_k1;mvtec_AD/metal_nut;1;10;0.922287;0.981221
dinov3_knn;mvtec_AD/metal_nut;2;10;0.999022;0.999774
dinov3_k1;mvtec_AD/metal_nut;2;10;0.890029;0.973243
dinov3_knn;mvtec_AD/metal_nut;3;10;1.0;1.0
dinov3_k1;mvtec_AD/metal_nut;3;10;0.944282;0.98654
dinov3_knn;mvtec_AD/metal_nut;4;10;0.999022;0.99977
dinov3_k1;mvtec_AD/metal_nut;4;10;0.90176;0.976182
dinov3_knn;mvtec_AD/metal_nut;0;20;1.0;1.0
dinov3_k1;mvtec_AD/metal_nut;0;20;0.928641;0.9831
dinov3_knn;mvtec_AD/metal_nut;1;20;1.0;1.0
dinov3_k1;mvtec_AD/metal_nut;1;20;0.905181;0.977333
dinov3_knn;mvtec_AD/metal_nut;2;20;1.0;1.0
dinov3_k1;mvtec_AD/metal_nut;2;20;0.926686;0.982543
dinov3_knn;mvtec_AD/metal_nut;3;20;1.0;1.0
dinov3_k1;mvtec_AD/metal_nut;3;20;0.936461;0.984898
dinov3_knn;mvtec_AD/metal_nut;4;20;1.0;1.0
dinov3_k1;mvtec_AD/metal_nut;4;20;0.904203;0.97704
dinov3_knn;mvtec_AD/pill;0;5;0.93126;0.972367
dinov3_k1;mvtec_AD/pill;0;5;0.885161;0.977808
dinov3_knn;mvtec_AD/pill;1;5;0.932079;0.9684
dinov3_k1;mvtec_AD/pill;1;5;0.889253;0.978566
dinov3_knn;mvtec_AD/pill;2;5;0.949264;0.973193
dinov3_k1;mvtec_AD/pill;2;5;0.893344;0.979566
dinov3_knn;mvtec_AD/pill;3;5;0.929078;0.961852
dinov3_k1;mvtec_AD/pill;3;5;0.902073;0.981476
dinov3_knn;mvtec_AD/pill;4;5;0.937261;0.969328
dinov3_k1;mvtec_AD/pill;4;5;0.894981;0.980255
dinov3_knn;mvtec_AD/pill;0;10;0.948172;0.979844
dinov3_k1;mvtec_AD/pill;0;10;0.885161;0.977697
dinov3_knn;mvtec_AD/pill;1;10;0.947354;0.980184
dinov3_k1;mvtec_AD/pill;1;10;0.887343;0.97813
dinov3_knn;mvtec_AD/pill;2;10;0.967812;0.991991
dinov3_k1;mvtec_AD/pill;2;10;0.876705;0.976123
dinov3_knn;mvtec_AD/pill;3;10;0.939989;0.967481
dinov3_k1;mvtec_AD/pill;3;10;0.906438;0.982328
dinov3_knn;mvtec_AD/pill;4;10;0.944081;0.974741
dinov3_k1;mvtec_AD/pill;4;10;0.90671;0.982765
dinov3_knn;mvtec_AD/pill;0;20;0.948718;0.977414
dinov3_k1;mvtec_AD/pill;0;20;0.881888;0.97731
dinov3_knn;mvtec_AD/pill;1;20;0.957992;0.98649
dinov3_k1;mvtec_AD/pill;1;20;0.891162;0.979192
dinov3_knn;mvtec_AD/pill;2;20;0.952264;0.984284
dinov3_k1;mvtec_AD/pill;2;20;0.885434;0.977892
dinov3_knn;mvtec_AD/pill;3;20;0.940535;0.967539
dinov3_k1;mvtec_AD/pill;3;20;0.891162;0.979025
dinov3_knn;mvtec_AD/pill;4;20;0.948718;0.977399
dinov3_k1;mvtec_AD/pill;4;20;0.891162;0.97924
dinov3_knn;mvtec_AD/screw;0;5;0.787047;0.893941
dinov3_k1;mvtec_AD/screw;0;5;0.570199;0.776678
dinov3_knn;mvtec_AD/screw;1;5;0.832138;0.893604
dinov3_k1;mvtec_AD/screw;1;5;0.625948;0.824028
dinov3_knn;mvtec_AD/screw;2;5;0.76942;0.878187
dinov3_k1;mvtec_AD/screw;2;5;0.61324;0.799572
dinov3_knn;mvtec_AD/screw;3;5;0.71941;0.829687
dinov3_k1;mvtec_AD/screw;3;5;0.58762;0.783667
dinov3_knn;mvtec_AD/screw;4;5;0.669604;0.794059
dinov3_k1;mvtec_AD/screw;4;5;0.53966;0.771123
dinov3_knn;mvtec_AD/screw;0;10;0.89957;0.93845
dinov3_k1;mvtec_AD/screw;0;10;0.708342;0.873604
dinov3_knn;mvtec_AD/screw;1;10;0.891371;0.947775
dinov3_k1;mvtec_AD/screw;1;10;0.608731;0.817882
dinov3_knn;mvtec_AD/screw;2;10;0.890961;0.936484
dinov3_k1;mvtec_AD/screw;2;10;0.618159;0.802946
dinov3_knn;mvtec_AD/screw;3;10;0.851814;0.922046
dinov3_k1;mvtec_AD/screw;3;10;0.630457;0.785136
dinov3_knn;mvtec_AD/screw;4;10;0.852839;0.914877
dinov3_k1;mvtec_AD/screw;4;10;0.56405;0.769729
dinov3_knn;mvtec_AD/screw;0;20;0.886042;0.943214
dinov3_k1;mvtec_AD/screw;0;20;0.623488;0.810171
dinov3_knn;mvtec_AD/screw;1;20;0.867391;0.931017
dinov3_k1;mvtec_AD/screw;1;20;0.632917;0.828113
dinov3_knn;mvtec_AD/screw;2;20;0.903259;0.949406
dinov3_k1;mvtec_AD/screw;2;20;0.675753;0.828011
dinov3_knn;mvtec_AD/screw;3;20;0.89629;0.95293
dinov3_k1;mvtec_AD/screw;3;20;0.626973;0.797535
dinov3_knn;mvtec_AD/screw;4;20;0.855708;0.908217
dinov3_k1;mvtec_AD/screw;4;20;0.584956;0.765239
dinov3_knn;mvtec_AD/tile;0;5;0.959235;0.965748
dinov3_k1;mvtec_AD/tile;0;5;1.0;1.0
dinov3_knn;mvtec_AD/tile;1;5;0.958514;0.966527
dinov3_k1;mvtec_AD/tile;1;5;1.0;1.0
dinov3_knn;mvtec_AD/tile;2;5;0.959957;0.960396
dinov3_k1;mvtec_AD/tile;2;5;1.0;1.0
dinov3_knn;mvtec_AD/tile;3;5;0.968975;0.97667
dinov3_k1;mvtec_AD/tile;3;5;1.0;1.0
dinov3_knn;mvtec_AD/tile;4;5;0.955988;0.962869
dinov3_k1;mvtec_AD/tile;4;5;1.0;1.0
dinov3_knn;mvtec_AD/tile;0;10;0.976912;0.986907
dinov3_k1;mvtec_AD/tile;0;10;1.0;1.0
dinov3_knn;mvtec_AD/tile;1;10;0.967532;0.971773
dinov3_k1;mvtec_AD/tile;1;10;1.0;1.0
dinov3_knn;mvtec_AD/tile;2;10;0.97114;0.970762
dinov3_k1;mvtec_AD/tile;2;10;1.0;1.0
dinov3_knn;mvtec_AD/tile;3;10;0.976551;0.98343
dinov3_k1;mvtec_AD/tile;3;10;1.0;1.0
dinov3_knn;mvtec_AD/tile;4;10;0.967172;0.965774
dinov3_k1;mvtec_AD/tile;4;10;1.0;1.0
dinov3_knn;mvtec_AD/tile;0;20;0.966089;0.979208
dinov3_k1;mvtec_AD/tile;0;20;1.0;1.0
dinov3_knn;mvtec_AD/tile;1;20;0.984127;0.991395
dinov3_k1;mvtec_AD/tile;1;20;1.0;1.0
dinov3_knn;mvtec_AD/tile;2;20;0.969697;0.970192
dinov3_k1;mvtec_AD/tile;2;20;1.0;1.0
dinov3_knn;mvtec_AD/tile;3;20;0.987013;0.993494
dinov3_k1;mvtec_AD/tile;3;20;1.0;1.0
dinov3_knn;mvtec_AD/tile;4;20;0.96645;0.968829
dinov3_k1;mvtec_AD/tile;4;20;1.0;1.0
dinov3_knn;mvtec_AD/toothbrush;0;5;0.872222;0.937272
dinov3_k1;mvtec_AD/toothbrush;0;5;0.872222;0.948771
dinov3_knn;mvtec_AD/toothbrush;1;5;0.886111;0.953786
dinov3_k1;mvtec_AD/toothbrush;1;5;0.938889;0.977161
dinov3_knn;mvtec_AD/toothbrush;2;5;0.936111;0.974517
dinov3_k1;mvtec_AD/toothbrush;2;5;0.938889;0.979557
dinov3_knn;mvtec_AD/toothbrush;3;5;0.852778;0.93461
dinov3_k1;mvtec_AD/toothbrush;3;5;0.941667;0.978106
dinov3_knn;mvtec_AD/toothbrush;4;5;0.863889;0.935622
dinov3_k1;mvtec_AD/toothbrush;4;5;0.941667;0.980251
dinov3_knn;mvtec_AD/toothbrush;0;10;0.875;0.935251
dinov3_k1;mvtec_AD/toothbrush;0;10;0.941667;0.979024
dinov3_knn;mvtec_AD/toothbrush;1;10;0.916667;0.960299
dinov3_k1;mvtec_AD/toothbrush;1;10;0.966667;0.990476
dinov3_knn;mvtec_AD/toothbrush;2;10;0.95;0.979326
dinov3_k1;mvtec_AD/toothbrush;2;10;0.944444;0.980669
dinov3_knn;mvtec_AD/toothbrush;3;10;0.911111;0.961176
dinov3_k1;mvtec_AD/toothbrush;3;10;0.961111;0.987176
dinov3_knn;mvtec_AD/toothbrush;4;10;0.944444;0.976548
dinov3_k1;mvtec_AD/toothbrush;4;10;0.916667;0.970963
dinov3_knn;mvtec_AD/toothbrush;0;20;0.886111;0.935367
dinov3_k1;mvtec_AD/toothbrush;0;20;0.958333;0.987025
dinov3_knn;mvtec_AD/toothbrush;1;20;0.930556;0.966667
dinov3_k1;mvtec_AD/toothbrush;1;20;0.963889;0.988796
dinov3_knn;mvtec_AD/toothbrush;2;20;0.936111;0.972675
dinov3_k1;mvtec_AD/toothbrush;2;20;0.966667;0.990476
dinov3_knn;mvtec_AD/toothbrush;3;20;0.947222;0.976507
dinov3_k1;mvtec_AD/toothbrush;3;20;0.963889;0.989365
dinov3_knn;mvtec_AD/toothbrush;4;20;0.944444;0.973848
dinov3_k1;mvtec_AD/toothbrush;4;20;0.922222;0.972796
dinov3_knn;mvtec_AD/transistor;0;5;0.906667;0.868149
dinov3_k1;mvtec_AD/transistor;0;5;0.959583;0.959271
dinov3_knn;mvtec_AD/transistor;1;5;0.894167;0.84344
dinov3_k1;mvtec_AD/transistor;1;5;0.947083;0.950086
dinov3_knn;mvtec_AD/transistor;2;5;0.895417;0.872715
dinov3_k1;mvtec_AD/transistor;2;5;0.95875;0.950164
dinov3_knn;mvtec_AD/transistor;3;5;0.915417;0.886639
dinov3_k1;mvtec_AD/transistor;3;5;0.957917;0.95338
dinov3_knn;mvtec_AD/transistor;4;5;0.9125;0.859619
dinov3_k1;mvtec_AD/transistor;4;5;0.922917;0.92339
dinov3_knn;mvtec_AD/transistor;0;10;0.917083;0.878242
dinov3_k1;mvtec_AD/transistor;0;10;0.952917;0.95381
dinov3_knn;mvtec_AD/transistor;1;10;0.939167;0.899189
dinov3_k1;mvtec_AD/transistor;1;10;0.95375;0.951856
dinov3_knn;mvtec_AD/transistor;2;10;0.932917;0.911381
dinov3_k1;mvtec_AD/transistor;2;10;0.95375;0.950857
dinov3_knn;mvtec_AD/transistor;3;10;0.929583;0.898004
dinov3_k1;mvtec_AD/transistor;3;10;0.95375;0.948225
dinov3_knn;mvtec_AD/transistor;4;10;0.927083;0.88627
dinov3_k1;mvtec_AD/transistor;4;10;0.939167;0.935482
dinov3_knn;mvtec_AD/transistor;0;20;0.947917;0.915784
dinov3_k1;mvtec_AD/transistor;0;20;0.96375;0.957343
dinov3_knn;mvtec_AD/transistor;1;20;0.9575;0.936645
dinov3_k1;mvtec_AD/transistor;1;20;0.955;0.953023
dinov3_knn;mvtec_AD/transistor;2;20;0.9525;0.9299
dinov3_k1;mvtec_AD/transistor;2;20;0.96;0.954322
dinov3_knn;mvtec_AD/transistor;3;20;0.927083;0.889389
dinov3_k1;mvtec_AD/transistor;3;20;0.969167;0.962011
dinov3_knn;mvtec_AD/transistor;4;20;0.943333;0.912744
dinov3_k1;mvtec_AD/transistor;4;20;0.942917;0.939596
dinov3_knn;mvtec_AD/wood;0;5;0.995614;0.998633
dinov3_k1;mvtec_AD/wood;0;5;0.960526;0.986317
dinov3_knn;mvtec_AD/wood;1;5;0.995614;0.998718
dinov3_k1;mvtec_AD/wood;1;5;0.962281;0.98685
dinov3_knn;mvtec_AD/wood;2;5;0.975439;0.991625
dinov3_k1;mvtec_AD/wood;2;5;0.954386;0.984691
dinov3_knn;mvtec_AD/wood;3;5;0.980702;0.993867
dinov3_k1;mvtec_AD/wood;3;5;0.964035;0.987812
dinov3_knn;mvtec_AD/wood;4;5;0.990351;0.997157
dinov3_k1;mvtec_AD/wood;4;5;0.95614;0.985284
dinov3_knn;mvtec_AD/wood;0;10;0.994737;0.998377
dinov3_k1;mvtec_AD/wood;0;10;0.968421;0.989303
dinov3_knn;mvtec_AD/wood;1;10;0.996491;0.998958
dinov3_k1;mvtec_AD/wood;1;10;0.966667;0.988079
dinov3_knn;mvtec_AD/wood;2;10;0.981579;0.993736
dinov3_k1;mvtec_AD/wood;2;10;0.957018;0.985709
dinov3_knn;mvtec_AD/wood;3;10;0.994737;0.99836
dinov3_k1;mvtec_AD/wood;3;10;0.967544;0.988885
dinov3_knn;mvtec_AD/wood;4;10;0.99386;0.998158
dinov3_k1;mvtec_AD/wood;4;10;0.965789;0.988416
dinov3_knn;mvtec_AD/wood;0;20;0.997368;0.999206
dinov3_k1;mvtec_AD/wood;0;20;0.964035;0.987597
dinov3_knn;mvtec_AD/wood;1;20;0.995614;0.99866
dinov3_k1;mvtec_AD/wood;1;20;0.964035;0.987242
dinov3_knn;mvtec_AD/wood;2;20;0.991228;0.997197
dinov3_k1;mvtec_AD/wood;2;20;0.962281;0.987211
dinov3_knn;mvtec_AD/wood;3;20;0.996491;0.998902
dinov3_k1;mvtec_AD/wood;3;20;0.966667;0.988771
dinov3_knn;mvtec_AD/wood;4;20;0.996491;0.998958
dinov3_k1;mvtec_AD/wood;4;20;0.963158;0.987679
dinov3_knn;mvtec_AD/zipper;0;5;0.998162;0.999515
dinov3_k1;mvtec_AD/zipper;0;5;0.995011;0.998632
dinov3_knn;mvtec_AD/zipper;1;5;0.999212;0.99979
dinov3_k1;mvtec_AD/zipper;1;5;0.989758;0.997104
dinov3_knn;mvtec_AD/zipper;2;5;0.995011;0.998654
dinov3_k1;mvtec_AD/zipper;2;5;0.991597;0.997696
dinov3_knn;mvtec_AD/zipper;3;5;1.0;1.0
dinov3_k1;mvtec_AD/zipper;3;5;0.996324;0.999016
dinov3_knn;mvtec_AD/zipper;4;5;1.0;1.0
dinov3_k1;mvtec_AD/zipper;4;5;0.992122;0.99778
dinov3_knn;mvtec_AD/zipper;0;10;0.999475;0.999861
dinov3_k1;mvtec_AD/zipper;0;10;0.993172;0.998108
dinov3_knn;mvtec_AD/zipper;1;10;1.0;1.0
dinov3_k1;mvtec_AD/zipper;1;10;0.99291;0.998041
dinov3_knn;mvtec_AD/zipper;2;10;0.999475;0.999861
dinov3_k1;mvtec_AD/zipper;2;10;0.993172;0.998129
dinov3_knn;mvtec_AD/zipper;3;10;1.0;1.0
dinov3_k1;mvtec_AD/zipper;3;10;0.994485;0.998486
dinov3_knn;mvtec_AD/zipper;4;10;1.0;1.0
dinov3_k1;mvtec_AD/zipper;4;10;0.992384;0.997884
dinov3_knn;mvtec_AD/zipper;0;20;1.0;1.0
dinov3_k1;mvtec_AD/zipper;0;20;0.993697;0.998266
dinov3_knn;mvtec_AD/zipper;1;20;1.0;1.0
dinov3_k1;mvtec_AD/zipper;1;20;0.991071;0.99743
dinov3_knn;mvtec_AD/zipper;2;20;1.0;1.0
dinov3_k1;mvtec_AD/zipper;2;20;0.990021;0.997216
dinov3_knn;mvtec_AD/zipper;3;20;1.0;1.0
dinov3_k1;mvtec_AD/zipper;3;20;0.994223;0.998397
dinov3_knn;mvtec_AD/zipper;4;20;1.0;1.0
dinov3_k1;mvtec_AD/zipper;4;20;0.993697;0.99825
dinov3_knn;mvtec_loco_AD/breakfast_box;0;5;0.710359;0.798795
dinov3_k1;mvtec_loco_AD/breakfast_box;0;5;0.803978;0.899791
dinov3_knn;mvtec_loco_AD/breakfast_box;1;5;0.681798;0.779213
dinov3_k1;mvtec_loco_AD/breakfast_box;1;5;0.77536;0.884845
dinov3_knn;mvtec_loco_AD/breakfast_box;2;5;0.71461;0.804235
dinov3_k1;mvtec_loco_AD/breakfast_box;2;5;0.796498;0.892429
dinov3_knn;mvtec_loco_AD/breakfast_box;3;5;0.774793;0.862576
dinov3_k1;mvtec_loco_AD/breakfast_box;3;5;0.812365;0.904278
dinov3_knn;mvtec_loco_AD/breakfast_box;4;5;0.726794;0.837885
dinov3_k1;mvtec_loco_AD/breakfast_box;4;5;0.813612;0.901249
dinov3_knn;mvtec_loco_AD/breakfast_box;0;10;0.783124;0.871552
dinov3_k1;mvtec_loco_AD/breakfast_box;0;10;0.809135;0.902528
dinov3_knn;mvtec_loco_AD/breakfast_box;1;10;0.750822;0.848813
dinov3_k1;mvtec_loco_AD/breakfast_box;1;10;0.784484;0.888354
dinov3_knn;mvtec_loco_AD/breakfast_box;2;10;0.739148;0.832529
dinov3_k1;mvtec_loco_AD/breakfast_box;2;10;0.808002;0.900042
dinov3_knn;mvtec_loco_AD/breakfast_box;3;10;0.78522;0.8726
dinov3_k1;mvtec_loco_AD/breakfast_box;3;10;0.821036;0.909216
dinov3_knn;mvtec_loco_AD/breakfast_box;4;10;0.77876;0.867637
dinov3_k1;mvtec_loco_AD/breakfast_box;4;10;0.812592;0.902533
dinov3_knn;mvtec_loco_AD/breakfast_box;0;20;0.798765;0.882693
dinov3_k1;mvtec_loco_AD/breakfast_box;0;20;0.799105;0.898073
dinov3_knn;mvtec_loco_AD/breakfast_box;1;20;0.810269;0.897428
dinov3_k1;mvtec_loco_AD/breakfast_box;1;20;0.802221;0.898035
dinov3_knn;mvtec_loco_AD/breakfast_box;2;20;0.815086;0.897112
dinov3_k1;mvtec_loco_AD/breakfast_box;2;20;0.812479;0.901789
dinov3_knn;mvtec_loco_AD/breakfast_box;3;20;0.820413;0.899893
dinov3_k1;mvtec_loco_AD/breakfast_box;3;20;0.812309;0.902585
dinov3_knn;mvtec_loco_AD/breakfast_box;4;20;0.787261;0.874555
dinov3_k1;mvtec_loco_AD/breakfast_box;4;20;0.804545;0.897612
dinov3_knn;mvtec_loco_AD/juice_bottle;0;5;0.487333;0.707911
dinov3_k1;mvtec_loco_AD/juice_bottle;0;5;0.758294;0.902036
dinov3_knn;mvtec_loco_AD/juice_bottle;1;5;0.513658;0.732781
dinov3_k1;mvtec_loco_AD/juice_bottle;1;5;0.767715;0.904169
dinov3_knn;mvtec_loco_AD/juice_bottle;2;5;0.547512;0.748742
dinov3_k1;mvtec_loco_AD/juice_bottle;2;5;0.788361;0.916675
dinov3_knn;mvtec_loco_AD/juice_bottle;3;5;0.58141;0.756302
dinov3_k1;mvtec_loco_AD/juice_bottle;3;5;0.792734;0.917817
dinov3_knn;mvtec_loco_AD/juice_bottle;4;5;0.535792;0.753444
dinov3_k1;mvtec_loco_AD/juice_bottle;4;5;0.796475;0.921978
dinov3_knn;mvtec_loco_AD/juice_bottle;0;10;0.680941;0.81431
dinov3_k1;mvtec_loco_AD/juice_bottle;0;10;0.762081;0.904091
dinov3_knn;mvtec_loco_AD/juice_bottle;1;10;0.770646;0.903372
dinov3_k1;mvtec_loco_AD/juice_bottle;1;10;0.757393;0.90102
dinov3_knn;mvtec_loco_AD/juice_bottle;2;10;0.742292;0.890564
dinov3_k1;mvtec_loco_AD/juice_bottle;2;10;0.83141;0.935021
dinov3_knn;mvtec_loco_AD/juice_bottle;3;10;0.766138;0.900004
dinov3_k1;mvtec_loco_AD/juice_bottle;3;10;0.795799;0.918457
dinov3_knn;mvtec_loco_AD/juice_bottle;4;10;0.724125;0.886837
dinov3_k1;mvtec_loco_AD/juice_bottle;4;10;0.794041;0.919221
dinov3_knn;mvtec_loco_AD/juice_bottle;0;20;0.804634;0.919866
dinov3_k1;mvtec_loco_AD/juice_bottle;0;20;0.78178;0.91338
dinov3_knn;mvtec_loco_AD/juice_bottle;1;20;0.72106;0.870798
dinov3_k1;mvtec_loco_AD/juice_bottle;1;20;0.778264;0.910175
dinov3_knn;mvtec_loco_AD/juice_bottle;2;20;0.819645;0.923025
dinov3_k1;mvtec_loco_AD/juice_bottle;2;20;0.823251;0.929977
dinov3_knn;mvtec_loco_AD/juice_bottle;3;20;0.824153;0.927987
dinov3_k1;mvtec_loco_AD/juice_bottle;3;20;0.823026;0.930385
dinov3_knn;mvtec_loco_AD/juice_bottle;4;20;0.798233;0.919049
dinov3_k1;mvtec_loco_AD/juice_bottle;4;20;0.821854;0.930173
dinov3_knn;mvtec_loco_AD/pushpins;0;5;0.586704;0.677192
dinov3_k1;mvtec_loco_AD/pushpins;0;5;0.584892;0.644971
dinov3_knn;mvtec_loco_AD/pushpins;1;5;0.615521;0.702385
dinov3_k1;mvtec_loco_AD/pushpins;1;5;0.5712;0.625575
dinov3_knn;mvtec_loco_AD/pushpins;2;5;0.579752;0.667296
dinov3_k1;mvtec_loco_AD/pushpins;2;5;0.546975;0.602588
dinov3_knn;mvtec_loco_AD/pushpins;3;5;0.622135;0.710983
dinov3_k1;mvtec_loco_AD/pushpins;3;5;0.553969;0.615929
dinov3_knn;mvtec_loco_AD/pushpins;4;5;0.651668;0.717879
dinov3_k1;mvtec_loco_AD/pushpins;4;5;0.551736;0.608594
dinov3_knn;mvtec_loco_AD/pushpins;0;10;0.65407;0.735284
dinov3_k1;mvtec_loco_AD/pushpins;0;10;0.596141;0.64959
dinov3_knn;mvtec_loco_AD/pushpins;1;10;0.647877;0.730293
dinov3_k1;mvtec_loco_AD/pushpins;1;10;0.570736;0.620491
dinov3_knn;mvtec_loco_AD/pushpins;2;10;0.63983;0.723144
dinov3_k1;mvtec_loco_AD/pushpins;2;10;0.563532;0.616251
dinov3_knn;mvtec_loco_AD/pushpins;3;10;0.656303;0.728229
dinov3_k1;mvtec_loco_AD/pushpins;3;10;0.56863;0.625651
dinov3_knn;mvtec_loco_AD/pushpins;4;10;0.639872;0.716683
dinov3_k1;mvtec_loco_AD/pushpins;4;10;0.54984;0.606538
dinov3_knn;mvtec_loco_AD/pushpins;0;20;0.644633;0.711691
dinov3_k1;mvtec_loco_AD/pushpins;0;20;0.58247;0.633832
dinov3_knn;mvtec_loco_AD/pushpins;1;20;0.644127;0.708414
dinov3_k1;mvtec_loco_AD/pushpins;1;20;0.570484;0.621645
dinov3_knn;mvtec_loco_AD/pushpins;2;20;0.671006;0.744618
dinov3_k1;mvtec_loco_AD/pushpins;2;20;0.553463;0.606755
dinov3_knn;mvtec_loco_AD/pushpins;3;20;0.693883;0.764721
dinov3_k1;mvtec_loco_AD/pushpins;3;20;0.57891;0.632924
dinov3_knn;mvtec_loco_AD/pushpins;4;20;0.658367;0.734223
dinov3_k1;mvtec_loco_AD/pushpins;4;20;0.570989;0.623548
dinov3_knn;mvtec_loco_AD/screw_bag;0;5;0.543229;0.666584
dinov3_k1;mvtec_loco_AD/screw_bag;0;5;0.5454;0.703516
dinov3_knn;mvtec_loco_AD/screw_bag;1;5;0.561981;0.673385
dinov3_k1;mvtec_loco_AD/screw_bag;1;5;0.601392;0.74879
dinov3_knn;mvtec_loco_AD/screw_bag;2;5;0.543117;0.659511
dinov3_k1;mvtec_loco_AD/screw_bag;2;5;0.576952;0.740018
dinov3_knn;mvtec_loco_AD/screw_bag;3;5;0.592597;0.726585
dinov3_k1;mvtec_loco_AD/screw_bag;3;5;0.518302;0.691664
dinov3_knn;mvtec_loco_AD/screw_bag;4;5;0.590127;0.715395
dinov3_k1;mvtec_loco_AD/screw_bag;4;5;0.61685;0.753216
dinov3_knn;mvtec_loco_AD/screw_bag;0;10;0.5908;0.744704
dinov3_k1;mvtec_loco_AD/screw_bag;0;10;0.565162;0.712148
dinov3_knn;mvtec_loco_AD/screw_bag;1;10;0.594019;0.738953
dinov3_k1;mvtec_loco_AD/screw_bag;1;10;0.584625;0.738797
dinov3_knn;mvtec_loco_AD/screw_bag;2;10;0.595778;0.744846
dinov3_k1;mvtec_loco_AD/screw_bag;2;10;0.568156;0.733215
dinov3_knn;mvtec_loco_AD/screw_bag;3;10;0.602815;0.745691
dinov3_k1;mvtec_loco_AD/screw_bag;3;10;0.541732;0.715752
dinov3_knn;mvtec_loco_AD/screw_bag;4;10;0.609739;0.747284
dinov3_k1;mvtec_loco_AD/screw_bag;4;10;0.63912;0.768697
dinov3_knn;mvtec_loco_AD/screw_bag;0;20;0.607306;0.769477
dinov3_k1;mvtec_loco_AD/screw_bag;0;20;0.571487;0.730232
dinov3_knn;mvtec_loco_AD/screw_bag;1;20;0.581406;0.7091
dinov3_k1;mvtec_loco_AD/screw_bag;1;20;0.568231;0.735684
dinov3_knn;mvtec_loco_AD/screw_bag;2;20;0.602777;0.753499
dinov3_k1;mvtec_loco_AD/screw_bag;2;20;0.57669;0.738126
dinov3_knn;mvtec_loco_AD/screw_bag;3;20;0.57654;0.732745
dinov3_k1;mvtec_loco_AD/screw_bag;3;20;0.554383;0.715461
dinov3_knn;mvtec_loco_AD/screw_bag;4;20;0.605771;0.754343
dinov3_k1;mvtec_loco_AD/screw_bag;4;20;0.620031;0.757983
dinov3_knn;mvtec_loco_AD/splicing_connectors;0;5;0.569382;0.680369
dinov3_k1;mvtec_loco_AD/splicing_connectors;0;5;0.607829;0.707719
dinov3_knn;mvtec_loco_AD/splicing_connectors;1;5;0.717508;0.793166
dinov3_k1;mvtec_loco_AD/splicing_connectors;1;5;0.66343;0.794822
dinov3_knn;mvtec_loco_AD/splicing_connectors;2;5;0.640789;0.757115
dinov3_k1;mvtec_loco_AD/splicing_connectors;2;5;0.635825;0.766091
dinov3_knn;mvtec_loco_AD/splicing_connectors;3;5;0.692777;0.769354
dinov3_k1;mvtec_loco_AD/splicing_connectors;3;5;0.683633;0.805171
dinov3_knn;mvtec_loco_AD/splicing_connectors;4;5;0.599295;0.718248
dinov3_k1;mvtec_loco_AD/splicing_connectors;4;5;0.671093;0.795329
dinov3_knn;mvtec_loco_AD/splicing_connectors;0;10;0.712936;0.811192
dinov3_k1;mvtec_loco_AD/splicing_connectors;0;10;0.661427;0.789978
dinov3_knn;mvtec_loco_AD/splicing_connectors;1;10;0.751382;0.850294
dinov3_k1;mvtec_loco_AD/splicing_connectors;1;10;0.690382;0.818775
dinov3_knn;mvtec_loco_AD/splicing_connectors;2;10;0.761876;0.859929
dinov3_k1;mvtec_loco_AD/splicing_connectors;2;10;0.691557;0.82178
dinov3_knn;mvtec_loco_AD/splicing_connectors;3;10;0.7425;0.839794
dinov3_k1;mvtec_loco_AD/splicing_connectors;3;10;0.660992;0.770142
dinov3_knn;mvtec_loco_AD/splicing_connectors;4;10;0.721862;0.828653
dinov3_k1;mvtec_loco_AD/splicing_connectors;4;10;0.685418;0.800638
dinov3_knn;mvtec_loco_AD/splicing_connectors;0;20;0.7907;0.875731
dinov3_k1;mvtec_loco_AD/splicing_connectors;0;20;0.696869;0.813509
dinov3_knn;mvtec_loco_AD/splicing_connectors;1;20;0.740454;0.845167
dinov3_k1;mvtec_loco_AD/splicing_connectors;1;20;0.689598;0.816379
dinov3_knn;mvtec_loco_AD/splicing_connectors;2;20;0.757522;0.85988
dinov3_k1;mvtec_loco_AD/splicing_connectors;2;20;0.707885;0.83213
dinov3_knn;mvtec_loco_AD/splicing_connectors;3;20;0.769278;0.860184
dinov3_k1;mvtec_loco_AD/splicing_connectors;3;20;0.660121;0.773135
dinov3_knn;mvtec_loco_AD/splicing_connectors;4;20;0.755127;0.85078
dinov3_k1;mvtec_loco_AD/splicing_connectors;4;20;0.694605;0.810204
dinov3_knn;AutoVI/engine_wiring;0;5;0.611158;0.596874
dinov3_k1;AutoVI/engine_wiring;0;5;0.681709;0.671007
dinov3_knn;AutoVI/engine_wiring;1;5;0.608195;0.620998
dinov3_k1;AutoVI/engine_wiring;1;5;0.59745;0.607662
dinov3_knn;AutoVI/engine_wiring;2;5;0.560784;0.564484
dinov3_k1;AutoVI/engine_wiring;2;5;0.559485;0.580283
dinov3_knn;AutoVI/engine_wiring;3;5;0.649086;0.631084
dinov3_k1;AutoVI/engine_wiring;3;5;0.647144;0.639573
dinov3_knn;AutoVI/engine_wiring;4;5;0.63737;0.635307
dinov3_k1;AutoVI/engine_wiring;4;5;0.639021;0.653691
dinov3_knn;AutoVI/engine_wiring;0;10;0.647253;0.644327
dinov3_k1;AutoVI/engine_wiring;0;10;0.690548;0.676603
dinov3_knn;AutoVI/engine_wiring;1;10;0.61117;0.612277
dinov3_k1;AutoVI/engine_wiring;1;10;0.628556;0.625038
dinov3_knn;AutoVI/engine_wiring;2;10;0.619814;0.615307
dinov3_k1;AutoVI/engine_wiring;2;10;0.583986;0.596418
dinov3_knn;AutoVI/engine_wiring;3;10;0.645784;0.627261
dinov3_k1;AutoVI/engine_wiring;3;10;0.664481;0.650141
dinov3_knn;AutoVI/engine_wiring;4;10;0.615176;0.613036
dinov3_k1;AutoVI/engine_wiring;4;10;0.627257;0.642186
dinov3_knn;AutoVI/engine_wiring;0;20;0.642627;0.639828
dinov3_k1;AutoVI/engine_wiring;0;20;0.656068;0.649092
dinov3_knn;AutoVI/engine_wiring;1;20;0.630935;0.625854
dinov3_k1;AutoVI/engine_wiring;1;20;0.629309;0.625394
dinov3_knn;AutoVI/engine_wiring;2;20;0.656966;0.652194
dinov3_k1;AutoVI/engine_wiring;2;20;0.638111;0.626309
dinov3_knn;AutoVI/engine_wiring;3;20;0.663146;0.634505
dinov3_k1;AutoVI/engine_wiring;3;20;0.659904;0.659309
dinov3_knn;AutoVI/engine_wiring;4;20;0.6296;0.627796
dinov3_k1;AutoVI/engine_wiring;4;20;0.638851;0.637672
dinov3_knn;AutoVI/pipe_clip;0;5;0.470495;0.396804
dinov3_k1;AutoVI/pipe_clip;0;5;0.538678;0.465663
dinov3_knn;AutoVI/pipe_clip;1;5;0.476273;0.422191
dinov3_k1;AutoVI/pipe_clip;1;5;0.556194;0.474742
dinov3_knn;AutoVI/pipe_clip;2;5;0.426616;0.367935
dinov3_k1;AutoVI/pipe_clip;2;5;0.558613;0.488268
dinov3_knn;AutoVI/pipe_clip;3;5;0.441567;0.376802
dinov3_k1;AutoVI/pipe_clip;3;5;0.541134;0.466235
dinov3_knn;AutoVI/pipe_clip;4;5;0.480968;0.40094
dinov3_k1;AutoVI/pipe_clip;4;5;0.544529;0.473031
dinov3_knn;AutoVI/pipe_clip;0;10;0.495052;0.400621
dinov3_k1;AutoVI/pipe_clip;0;10;0.547996;0.473222
dinov3_knn;AutoVI/pipe_clip;1;10;0.506248;0.413233
dinov3_k1;AutoVI/pipe_clip;1;10;0.569953;0.502535
dinov3_knn;AutoVI/pipe_clip;2;10;0.440123;0.374035
dinov3_k1;AutoVI/pipe_clip;2;10;0.565258;0.499322
dinov3_knn;AutoVI/pipe_clip;3;10;0.482665;0.400855
dinov3_k1;AutoVI/pipe_clip;3;10;0.551896;0.470188
dinov3_knn;AutoVI/pipe_clip;4;10;0.449693;0.378879
dinov3_k1;AutoVI/pipe_clip;4;10;0.550235;0.480335
dinov3_knn;AutoVI/pipe_clip;0;20;0.502709;0.409172
dinov3_k1;AutoVI/pipe_clip;0;20;0.550921;0.47832
dinov3_knn;AutoVI/pipe_clip;1;20;0.509606;0.414504
dinov3_k1;AutoVI/pipe_clip;1;20;0.586566;0.514832
dinov3_knn;AutoVI/pipe_clip;2;20;0.483604;0.396942
dinov3_k1;AutoVI/pipe_clip;2;20;0.571145;0.496407
dinov3_knn;AutoVI/pipe_clip;3;20;0.506862;0.410059
dinov3_k1;AutoVI/pipe_clip;3;20;0.559227;0.49896
dinov3_knn;AutoVI/pipe_clip;4;20;0.493283;0.399486
dinov3_k1;AutoVI/pipe_clip;4;20;0.553377;0.493564
dinov3_knn;AutoVI/tank_screw;0;5;0.410328;0.18897
dinov3_k1;AutoVI/tank_screw;0;5;0.497253;0.247157
dinov3_knn;AutoVI/tank_screw;1;5;0.490798;0.235147
dinov3_k1;AutoVI/tank_screw;1;5;0.459219;0.206447
dinov3_knn;AutoVI/tank_screw;2;5;0.498047;0.225375
dinov3_k1;AutoVI/tank_screw;2;5;0.511486;0.226616
dinov3_knn;AutoVI/tank_screw;3;5;0.485932;0.225353
dinov3_k1;AutoVI/tank_screw;3;5;0.503078;0.220308
dinov3_knn;AutoVI/tank_screw;4;5;0.492784;0.247238
dinov3_k1;AutoVI/tank_screw;4;5;0.508176;0.246004
dinov3_knn;AutoVI/tank_screw;0;10;0.423734;0.188266
dinov3_k1;AutoVI/tank_screw;0;10;0.514796;0.252583
dinov3_knn;AutoVI/tank_screw;1;10;0.573121;0.25988
dinov3_k1;AutoVI/tank_screw;1;10;0.493744;0.219598
dinov3_knn;AutoVI/tank_screw;2;10;0.503277;0.217604
dinov3_k1;AutoVI/tank_screw;2;10;0.496326;0.219592
dinov3_knn;AutoVI/tank_screw;3;10;0.519993;0.228401
dinov3_k1;AutoVI/tank_screw;3;10;0.492618;0.231487
dinov3_knn;AutoVI/tank_screw;4;10;0.545978;0.242087
dinov3_k1;AutoVI/tank_screw;4;10;0.508987;0.257385
dinov3_knn;AutoVI/tank_screw;0;20;0.475571;0.207292
dinov3_k1;AutoVI/tank_screw;0;20;0.490765;0.227709
dinov3_knn;AutoVI/tank_screw;1;20;0.564151;0.261808
dinov3_k1;AutoVI/tank_screw;1;20;0.478716;0.213171
dinov3_knn;AutoVI/tank_screw;2;20;0.537239;0.228295
dinov3_k1;AutoVI/tank_screw;2;20;0.494406;0.235693
dinov3_knn;AutoVI/tank_screw;3;20;0.527905;0.229828
dinov3_k1;AutoVI/tank_screw;3;20;0.49328;0.216381
dinov3_knn;AutoVI/tank_screw;4;20;0.609401;0.293096
dinov3_k1;AutoVI/tank_screw;4;20;0.530884;0.243866
dinov3_knn;AutoVI/underbody_pipes;0;5;0.833995;0.829257
dinov3_k1;AutoVI/underbody_pipes;0;5;0.77969;0.765397
dinov3_knn;AutoVI/underbody_pipes;1;5;0.841326;0.842443
dinov3_k1;AutoVI/underbody_pipes;1;5;0.772766;0.757244
dinov3_knn;AutoVI/underbody_pipes;2;5;0.915216;0.891994
dinov3_k1;AutoVI/underbody_pipes;2;5;0.799732;0.801267
dinov3_knn;AutoVI/underbody_pipes;3;5;0.831891;0.817501
dinov3_k1;AutoVI/underbody_pipes;3;5;0.798052;0.798175
dinov3_knn;AutoVI/underbody_pipes;4;5;0.850015;0.833229
dinov3_k1;AutoVI/underbody_pipes;4;5;0.83184;0.822788
dinov3_knn;AutoVI/underbody_pipes;0;10;0.912059;0.905207
dinov3_k1;AutoVI/underbody_pipes;0;10;0.765163;0.754614
dinov3_knn;AutoVI/underbody_pipes;1;10;0.89682;0.896358
dinov3_k1;AutoVI/underbody_pipes;1;10;0.794793;0.781888
dinov3_knn;AutoVI/underbody_pipes;2;10;0.91732;0.898166
dinov3_k1;AutoVI/underbody_pipes;2;10;0.806639;0.81057
dinov3_knn;AutoVI/underbody_pipes;3;10;0.903574;0.900742
dinov3_k1;AutoVI/underbody_pipes;3;10;0.766181;0.772395
dinov3_knn;AutoVI/underbody_pipes;4;10;0.92774;0.913453
dinov3_k1;AutoVI/underbody_pipes;4;10;0.817161;0.810953
dinov3_knn;AutoVI/underbody_pipes;0;20;0.943828;0.943608
dinov3_k1;AutoVI/underbody_pipes;0;20;0.789838;0.781466
dinov3_knn;AutoVI/underbody_pipes;1;20;0.941791;0.942474
dinov3_k1;AutoVI/underbody_pipes;1;20;0.826596;0.821181
dinov3_knn;AutoVI/underbody_pipes;2;20;0.944642;0.930494
dinov3_k1;AutoVI/underbody_pipes;2;20;0.795778;0.792999
dinov3_knn;AutoVI/underbody_pipes;3;20;0.908258;0.899222
dinov3_k1;AutoVI/underbody_pipes;3;20;0.764315;0.757691
dinov3_knn;AutoVI/underbody_pipes;4;20;0.920952;0.913262
dinov3_k1;AutoVI/underbody_pipes;4;20;0.825442;0.831072
dinov3_knn;AutoVI/underbody_screw;0;5;0.796791;0.104345
dinov3_k1;AutoVI/underbody_screw;0;5;0.671866;0.069194
dinov3_knn;AutoVI/underbody_screw;1;5;0.885027;0.170534
dinov3_k1;AutoVI/underbody_screw;1;5;0.725639;0.269099
dinov3_knn;AutoVI/underbody_screw;2;5;0.807487;0.115664
dinov3_k1;AutoVI/underbody_screw;2;5;0.618835;0.06243
dinov3_knn;AutoVI/underbody_screw;3;5;0.830065;0.144003
dinov3_k1;AutoVI/underbody_screw;3;5;0.677362;0.128523
dinov3_knn;AutoVI/underbody_screw;4;5;0.808081;0.154941
dinov3_k1;AutoVI/underbody_screw;4;5;0.716429;0.138285
dinov3_knn;AutoVI/underbody_screw;0;10;0.864973;0.151601
dinov3_k1;AutoVI/underbody_screw;0;10;0.677362;0.09867
dinov3_knn;AutoVI/underbody_screw;1;10;0.868984;0.147784
dinov3_k1;AutoVI/underbody_screw;1;10;0.799168;0.270935
dinov3_knn;AutoVI/underbody_screw;2;10;0.893345;0.22969
dinov3_k1;AutoVI/underbody_screw;2;10;0.698901;0.103946
dinov3_knn;AutoVI/underbody_screw;3;10;0.874332;0.164212
dinov3_k1;AutoVI/underbody_screw;3;10;0.706031;0.12358
dinov3_knn;AutoVI/underbody_screw;4;10;0.865122;0.147177
dinov3_k1;AutoVI/underbody_screw;4;10;0.738191;0.131708
dinov3_knn;AutoVI/underbody_screw;0;20;0.905377;0.262142
dinov3_k1;AutoVI/underbody_screw;0;20;0.701575;0.134534
dinov3_knn;AutoVI/underbody_screw;1;20;0.960933;0.417403
dinov3_k1;AutoVI/underbody_screw;1;20;0.716726;0.107993
dinov3_knn;AutoVI/underbody_screw;2;20;0.912507;0.292274
dinov3_k1;AutoVI/underbody_screw;2;20;0.718509;0.105265
dinov3_knn;AutoVI/underbody_screw;3;20;0.869578;0.149895
dinov3_k1;AutoVI/underbody_screw;3;20;0.759061;0.153031
dinov3_knn;AutoVI/underbody_screw;4;20;0.859031;0.139165
dinov3_k1;AutoVI/underbody_screw;4;20;0.674688;0.090824
dinov3_knn;btad/01;0;5;1.0;1.0
dinov3_k1;btad/01;0;5;0.987366;0.994961
dinov3_knn;btad/01;1;5;1.0;1.0
dinov3_k1;btad/01;1;5;0.981535;0.992996
dinov3_knn;btad/01;2;5;0.999028;0.999592
dinov3_k1;btad/01;2;5;0.975705;0.990949
dinov3_knn;btad/01;3;5;1.0;1.0
dinov3_k1;btad/01;3;5;0.985423;0.994348
dinov3_knn;btad/01;4;5;1.0;1.0
dinov3_k1;btad/01;4;5;0.992225;0.996834
dinov3_knn;btad/01;0;10;1.0;1.0
dinov3_k1;btad/01;0;10;0.987366;0.994961
dinov3_knn;btad/01;1;10;1.0;1.0
dinov3_k1;btad/01;1;10;0.982507;0.993267
dinov3_knn;btad/01;2;10;0.997085;0.998823
dinov3_k1;btad/01;2;10;0.97862;0.992094
dinov3_knn;btad/01;3;10;1.0;1.0
dinov3_k1;btad/01;3;10;0.985423;0.994299
dinov3_knn;btad/01;4;10;0.999028;0.999592
dinov3_k1;btad/01;4;10;0.985423;0.994426
dinov3_knn;btad/01;0;20;1.0;1.0
dinov3_k1;btad/01;0;20;0.981535;0.992996
dinov3_knn;btad/01;1;20;1.0;1.0
dinov3_k1;btad/01;1;20;0.980564;0.992693
dinov3_knn;btad/01;2;20;0.997085;0.998823
dinov3_k1;btad/01;2;20;0.982507;0.993314
dinov3_knn;btad/01;3;20;0.999028;0.999592
dinov3_k1;btad/01;3;20;0.982507;0.993341
dinov3_knn;btad/01;4;20;0.999028;0.999592
dinov3_k1;btad/01;4;20;0.986395;0.994852
dinov3_knn;btad/02;0;5;0.839196;0.973098
dinov3_k1;btad/02;0;5;0.89799;0.983294
dinov3_knn;btad/02;1;5;0.878057;0.975163
dinov3_k1;btad/02;1;5;0.931993;0.988835
dinov3_knn;btad/02;2;5;0.937186;0.989796
dinov3_k1;btad/02;2;5;0.929481;0.98854
dinov3_knn;btad/02;3;5;0.871692;0.978216
dinov3_k1;btad/02;3;5;0.925963;0.987771
dinov3_knn;btad/02;4;5;0.884925;0.979874
dinov3_k1;btad/02;4;5;0.907035;0.984918
dinov3_knn;btad/02;0;10;0.856784;0.976587
dinov3_k1;btad/02;0;10;0.90536;0.98448
dinov3_knn;btad/02;1;10;0.911558;0.984659
dinov3_k1;btad/02;1;10;0.924288;0.987524
dinov3_knn;btad/02;2;10;0.940034;0.990513
dinov3_k1;btad/02;2;10;0.933836;0.989081
dinov3_knn;btad/02;3;10;0.864657;0.97775
dinov3_k1;btad/02;3;10;0.920268;0.986832
dinov3_knn;btad/02;4;10;0.896985;0.982764
dinov3_k1;btad/02;4;10;0.91474;0.986073
dinov3_knn;btad/02;0;20;0.889782;0.981874
dinov3_k1;btad/02;0;20;0.917085;0.986364
dinov3_knn;btad/02;1;20;0.889782;0.980993
dinov3_k1;btad/02;1;20;0.920268;0.986902
dinov3_knn;btad/02;2;20;0.915578;0.986218
dinov3_k1;btad/02;2;20;0.934171;0.989205
dinov3_knn;btad/02;3;20;0.854439;0.976054
dinov3_k1;btad/02;3;20;0.922781;0.987194
dinov3_knn;btad/02;4;20;0.89732;0.983116
dinov3_k1;btad/02;4;20;0.922278;0.98725
dinov3_knn;btad/03;0;5;0.974194;0.629104
dinov3_k1;btad/03;0;5;0.998065;0.981411
dinov3_knn;btad/03;1;5;0.993629;0.879098
dinov3_k1;btad/03;1;5;0.99871;0.984669
dinov3_knn;btad/03;2;5;0.952177;0.584514
dinov3_k1;btad/03;2;5;0.999194;0.990164
dinov3_knn;btad/03;3;5;0.992016;0.861986
dinov3_k1;btad/03;3;5;0.999516;0.994221
dinov3_knn;btad/03;4;5;0.977581;0.666075
dinov3_k1;btad/03;4;5;0.995484;0.963031
dinov3_knn;btad/03;0;10;0.978952;0.718274
dinov3_k1;btad/03;0;10;0.999274;0.9913
dinov3_knn;btad/03;1;10;0.998145;0.97191
dinov3_k1;btad/03;1;10;0.999435;0.992835
dinov3_knn;btad/03;2;10;0.988226;0.832754
dinov3_k1;btad/03;2;10;0.998468;0.981792
dinov3_knn;btad/03;3;10;0.995484;0.88147
dinov3_k1;btad/03;3;10;0.999597;0.995273
dinov3_knn;btad/03;4;10;0.993065;0.834178
dinov3_k1;btad/03;4;10;0.998871;0.987426
dinov3_knn;btad/03;0;20;0.990565;0.827706
dinov3_k1;btad/03;0;20;0.998548;0.983997
dinov3_knn;btad/03;1;20;0.996935;0.910552
dinov3_k1;btad/03;1;20;0.999194;0.990066
dinov3_knn;btad/03;2;20;0.994113;0.864693
dinov3_k1;btad/03;2;20;0.999032;0.988206
dinov3_knn;btad/03;3;20;0.994758;0.891657
dinov3_k1;btad/03;3;20;0.999677;0.996113
dinov3_knn;btad/03;4;20;0.995081;0.871459
dinov3_k1;btad/03;4;20;0.999355;0.992216
dinov3_knn;GoodsAD/cigarette_box;0;5;0.527456;0.577861
dinov3_k1;GoodsAD/cigarette_box;0;5;0.555667;0.576037
dinov3_knn;GoodsAD/cigarette_box;1;5;0.524279;0.594635
dinov3_k1;GoodsAD/cigarette_box;1;5;0.585743;0.597599
dinov3_knn;GoodsAD/cigarette_box;2;5;0.545759;0.58989
dinov3_k1;GoodsAD/cigarette_box;2;5;0.551135;0.592835
dinov3_knn;GoodsAD/cigarette_box;3;5;0.530588;0.589569
dinov3_k1;GoodsAD/cigarette_box;3;5;0.559421;0.593956
dinov3_knn;GoodsAD/cigarette_box;4;5;0.545759;0.608209
dinov3_k1;GoodsAD/cigarette_box;4;5;0.562642;0.594299
dinov3_knn;GoodsAD/cigarette_box;0;10;0.545204;0.593719
dinov3_k1;GoodsAD/cigarette_box;0;10;0.542938;0.568267
dinov3_knn;GoodsAD/cigarette_box;1;10;0.547226;0.601892
dinov3_k1;GoodsAD/cigarette_box;1;10;0.562508;0.589483
dinov3_knn;GoodsAD/cigarette_box;2;10;0.504731;0.568688
dinov3_k1;GoodsAD/cigarette_box;2;10;0.541939;0.585052
dinov3_knn;GoodsAD/cigarette_box;3;10;0.547825;0.598476
dinov3_k1;GoodsAD/cigarette_box;3;10;0.523635;0.576927
dinov3_knn;GoodsAD/cigarette_box;4;10;0.559132;0.616584
dinov3_k1;GoodsAD/cigarette_box;4;10;0.535941;0.583552
dinov3_knn;GoodsAD/cigarette_box;0;20;0.555622;0.605021
dinov3_k1;GoodsAD/cigarette_box;0;20;0.525179;0.568662
dinov3_knn;GoodsAD/cigarette_box;1;20;0.552224;0.597445
dinov3_k1;GoodsAD/cigarette_box;1;20;0.550158;0.591013
dinov3_knn;GoodsAD/cigarette_box;2;20;0.543449;0.599518
dinov3_k1;GoodsAD/cigarette_box;2;20;0.528655;0.569917
dinov3_knn;GoodsAD/cigarette_box;3;20;0.541317;0.607752
dinov3_k1;GoodsAD/cigarette_box;3;20;0.540495;0.583037
dinov3_knn;GoodsAD/cigarette_box;4;20;0.563819;0.617883
dinov3_k1;GoodsAD/cigarette_box;4;20;0.524812;0.561086
dinov3_knn;GoodsAD/drink_bottle;0;5;0.498797;0.536724
dinov3_k1;GoodsAD/drink_bottle;0;5;0.554904;0.584557
dinov3_knn;GoodsAD/drink_bottle;1;5;0.518539;0.54308
dinov3_k1;GoodsAD/drink_bottle;1;5;0.562174;0.59463
dinov3_knn;GoodsAD/drink_bottle;2;5;0.493496;0.533677
dinov3_k1;GoodsAD/drink_bottle;2;5;0.562693;0.591034
dinov3_knn;GoodsAD/drink_bottle;3;5;0.530238;0.554164
dinov3_k1;GoodsAD/drink_bottle;3;5;0.555519;0.593509
dinov3_knn;GoodsAD/drink_bottle;4;5;0.508506;0.542278
dinov3_k1;GoodsAD/drink_bottle;4;5;0.561163;0.582985
dinov3_knn;GoodsAD/drink_bottle;0;10;0.511831;0.548999
dinov3_k1;GoodsAD/drink_bottle;0;10;0.56466;0.594406
dinov3_knn;GoodsAD/drink_bottle;1;10;0.538063;0.56138
dinov3_k1;GoodsAD/drink_bottle;1;10;0.567204;0.601605
dinov3_knn;GoodsAD/drink_bottle;2;10;0.523285;0.556761
dinov3_k1;GoodsAD/drink_bottle;2;10;0.570529;0.603949
dinov3_knn;GoodsAD/drink_bottle;3;10;0.527403;0.565627
dinov3_k1;GoodsAD/drink_bottle;3;10;0.56813;0.603706
dinov3_knn;GoodsAD/drink_bottle;4;10;0.501533;0.53611
dinov3_k1;GoodsAD/drink_bottle;4;10;0.568827;0.59012
dinov3_knn;GoodsAD/drink_bottle;0;20;0.509167;0.549125
dinov3_k1;GoodsAD/drink_bottle;0;20;0.569167;0.593876
dinov3_knn;GoodsAD/drink_bottle;1;20;0.550654;0.5714
dinov3_k1;GoodsAD/drink_bottle;1;20;0.55727;0.591377
dinov3_knn;GoodsAD/drink_bottle;2;20;0.533166;0.56417
dinov3_k1;GoodsAD/drink_bottle;2;20;0.564779;0.596314
dinov3_knn;GoodsAD/drink_bottle;3;20;0.539742;0.5747
dinov3_k1;GoodsAD/drink_bottle;3;20;0.564276;0.597102
dinov3_knn;GoodsAD/drink_bottle;4;20;0.542022;0.552212
dinov3_k1;GoodsAD/drink_bottle;4;20;0.562373;0.599067
dinov3_knn;GoodsAD/drink_can;0;5;0.589181;0.548741
dinov3_k1;GoodsAD/drink_can;0;5;0.60069;0.586289
dinov3_knn;GoodsAD/drink_can;1;5;0.596683;0.553782
dinov3_k1;GoodsAD/drink_can;1;5;0.549203;0.552752
dinov3_knn;GoodsAD/drink_can;2;5;0.558662;0.524196
dinov3_k1;GoodsAD/drink_can;2;5;0.544357;0.553817
dinov3_knn;GoodsAD/drink_can;3;5;0.498742;0.507585
dinov3_k1;GoodsAD/drink_can;3;5;0.538813;0.523506
dinov3_knn;GoodsAD/drink_can;4;5;0.53872;0.511178
dinov3_k1;GoodsAD/drink_can;4;5;0.558475;0.567491
dinov3_knn;GoodsAD/drink_can;0;10;0.595518;0.551915
dinov3_k1;GoodsAD/drink_can;0;10;0.560759;0.553401
dinov3_knn;GoodsAD/drink_can;1;10;0.611732;0.553897
dinov3_k1;GoodsAD/drink_can;1;10;0.567934;0.568092
dinov3_knn;GoodsAD/drink_can;2;10;0.599897;0.554904
dinov3_k1;GoodsAD/drink_can;2;10;0.54678;0.547244
dinov3_knn;GoodsAD/drink_can;3;10;0.534899;0.51646
dinov3_k1;GoodsAD/drink_can;3;10;0.550461;0.541826
dinov3_knn;GoodsAD/drink_can;4;10;0.572826;0.529474
dinov3_k1;GoodsAD/drink_can;4;10;0.535831;0.54031
dinov3_knn;GoodsAD/drink_can;0;20;0.624732;0.572354
dinov3_k1;GoodsAD/drink_can;0;20;0.569285;0.569901
dinov3_knn;GoodsAD/drink_can;1;20;0.576041;0.538886
dinov3_k1;GoodsAD/drink_can;1;20;0.561551;0.562757
dinov3_knn;GoodsAD/drink_can;2;20;0.607399;0.554568
dinov3_k1;GoodsAD/drink_can;2;20;0.567934;0.576779
dinov3_knn;GoodsAD/drink_can;3;20;0.547899;0.516784
dinov3_k1;GoodsAD/drink_can;3;20;0.55582;0.556569
dinov3_knn;GoodsAD/drink_can;4;20;0.579536;0.540797
dinov3_k1;GoodsAD/drink_can;4;20;0.556239;0.556515
dinov3_knn;GoodsAD/food_bottle;0;5;0.555373;0.635104
dinov3_k1;GoodsAD/food_bottle;0;5;0.530043;0.616445
dinov3_knn;GoodsAD/food_bottle;1;5;0.526487;0.625804
dinov3_k1;GoodsAD/food_bottle;1;5;0.546128;0.640186
dinov3_knn;GoodsAD/food_bottle;2;5;0.546231;0.636728
dinov3_k1;GoodsAD/food_bottle;2;5;0.520399;0.618114
dinov3_knn;GoodsAD/food_bottle;3;5;0.531309;0.616196
dinov3_k1;GoodsAD/food_bottle;3;5;0.548727;0.657109
dinov3_knn;GoodsAD/food_bottle;4;5;0.524252;0.612756
dinov3_k1;GoodsAD/food_bottle;4;5;0.536541;0.633772
dinov3_knn;GoodsAD/food_bottle;0;10;0.591772;0.651754
dinov3_k1;GoodsAD/food_bottle;0;10;0.548476;0.631805
dinov3_knn;GoodsAD/food_bottle;1;10;0.537727;0.629452
dinov3_k1;GoodsAD/food_bottle;1;10;0.52407;0.636634
dinov3_knn;GoodsAD/food_bottle;2;10;0.563854;0.644621
dinov3_k1;GoodsAD/food_bottle;2;10;0.509342;0.622646
dinov3_knn;GoodsAD/food_bottle;3;10;0.534204;0.619982
dinov3_k1;GoodsAD/food_bottle;3;10;0.557083;0.64592
dinov3_knn;GoodsAD/food_bottle;4;10;0.550893;0.633937
dinov3_k1;GoodsAD/food_bottle;4;10;0.544931;0.629366
dinov3_knn;GoodsAD/food_bottle;0;20;0.585491;0.657421
dinov3_k1;GoodsAD/food_bottle;0;20;0.555567;0.641637
dinov3_knn;GoodsAD/food_bottle;1;20;0.559933;0.637564
dinov3_k1;GoodsAD/food_bottle;1;20;0.547291;0.633905
dinov3_knn;GoodsAD/food_bottle;2;20;0.568665;0.636505
dinov3_k1;GoodsAD/food_bottle;2;20;0.526179;0.623016
dinov3_knn;GoodsAD/food_bottle;3;20;0.56879;0.644097
dinov3_k1;GoodsAD/food_bottle;3;20;0.566989;0.654745
dinov3_knn;GoodsAD/food_bottle;4;20;0.571253;0.651605
dinov3_k1;GoodsAD/food_bottle;4;20;0.537761;0.632069
dinov3_knn;GoodsAD/food_box;0;5;0.527697;0.651508
dinov3_k1;GoodsAD/food_box;0;5;0.608498;0.701038
dinov3_knn;GoodsAD/food_box;1;5;0.494979;0.635978
dinov3_k1;GoodsAD/food_box;1;5;0.588604;0.684697
dinov3_knn;GoodsAD/food_box;2;5;0.4994;0.629444
dinov3_k1;GoodsAD/food_box;2;5;0.603367;0.703355
dinov3_knn;GoodsAD/food_box;3;5;0.492086;0.625391
dinov3_k1;GoodsAD/food_box;3;5;0.569667;0.67925
dinov3_knn;GoodsAD/food_box;4;5;0.47806;0.629571
dinov3_k1;GoodsAD/food_box;4;5;0.600802;0.69923
dinov3_knn;GoodsAD/food_box;0;10;0.507204;0.630021
dinov3_k1;GoodsAD/food_box;0;10;0.605687;0.697248
dinov3_knn;GoodsAD/food_box;1;10;0.502101;0.639146
dinov3_k1;GoodsAD/food_box;1;10;0.57507;0.674481
dinov3_knn;GoodsAD/food_box;2;10;0.493915;0.624802
dinov3_k1;GoodsAD/food_box;2;10;0.581046;0.685206
dinov3_knn;GoodsAD/food_box;3;10;0.51056;0.631739
dinov3_k1;GoodsAD/food_box;3;10;0.569707;0.686229
dinov3_knn;GoodsAD/food_box;4;10;0.492605;0.62398
dinov3_k1;GoodsAD/food_box;4;10;0.585384;0.681953
dinov3_knn;GoodsAD/food_box;0;20;0.521039;0.631753
dinov3_k1;GoodsAD/food_box;0;20;0.586367;0.700618
dinov3_knn;GoodsAD/food_box;1;20;0.520111;0.645829
dinov3_k1;GoodsAD/food_box;1;20;0.574278;0.679946
dinov3_knn;GoodsAD/food_box;2;20;0.519538;0.634009
dinov3_k1;GoodsAD/food_box;2;20;0.572041;0.682434
dinov3_knn;GoodsAD/food_box;3;20;0.501064;0.629056
dinov3_k1;GoodsAD/food_box;3;20;0.577662;0.694211
dinov3_knn;GoodsAD/food_box;4;20;0.511788;0.63949
dinov3_k1;GoodsAD/food_box;4;20;0.575151;0.68427
dinov3_knn;GoodsAD/food_package;0;5;0.576972;0.525879
dinov3_k1;GoodsAD/food_package;0;5;0.540153;0.495597
dinov3_knn;GoodsAD/food_package;1;5;0.547121;0.498828
dinov3_k1;GoodsAD/food_package;1;5;0.522942;0.48217
dinov3_knn;GoodsAD/food_package;2;5;0.54463;0.491707
dinov3_k1;GoodsAD/food_package;2;5;0.520038;0.47903
dinov3_knn;GoodsAD/food_package;3;5;0.513662;0.487449
dinov3_k1;GoodsAD/food_package;3;5;0.527135;0.486261
dinov3_knn;GoodsAD/food_package;4;5;0.516944;0.488225
dinov3_k1;GoodsAD/food_package;4;5;0.512751;0.473823
dinov3_knn;GoodsAD/food_package;0;10;0.561162;0.522568
dinov3_k1;GoodsAD/food_package;0;10;0.537378;0.49417
dinov3_knn;GoodsAD/food_package;1;10;0.561488;0.516013
dinov3_k1;GoodsAD/food_package;1;10;0.528527;0.483819
dinov3_knn;GoodsAD/food_package;2;10;0.602818;0.538726
dinov3_k1;GoodsAD/food_package;2;10;0.529163;0.483586
dinov3_knn;GoodsAD/food_package;3;10;0.565853;0.528771
dinov3_k1;GoodsAD/food_package;3;10;0.523544;0.484914
dinov3_knn;GoodsAD/food_package;4;10;0.534319;0.5026
dinov3_k1;GoodsAD/food_package;4;10;0.522822;0.47882
dinov3_knn;GoodsAD/food_package;0;20;0.58498;0.525944
dinov3_k1;GoodsAD/food_package;0;20;0.53004;0.488318
dinov3_knn;GoodsAD/food_package;1;20;0.581732;0.532556
dinov3_k1;GoodsAD/food_package;1;20;0.527857;0.483847
dinov3_knn;GoodsAD/food_package;2;20;0.616635;0.554139
dinov3_k1;GoodsAD/food_package;2;20;0.521756;0.490922
dinov3_knn;GoodsAD/food_package;3;20;0.572641;0.533039
dinov3_k1;GoodsAD/food_package;3;20;0.524979;0.489427
dinov3_knn;GoodsAD/food_package;4;20;0.571473;0.5251
dinov3_k1;GoodsAD/food_package;4;20;0.522512;0.479657
dinov3_knn;VisA/candle;0;5;0.9213;0.929087
dinov3_k1;VisA/candle;0;5;0.9095;0.917864
dinov3_knn;VisA/candle;1;5;0.9342;0.940945
dinov3_k1;VisA/candle;1;5;0.9137;0.921447
dinov3_knn;VisA/candle;2;5;0.9114;0.921225
dinov3_k1;VisA/candle;2;5;0.9219;0.926591
dinov3_knn;VisA/candle;3;5;0.9249;0.931454
dinov3_k1;VisA/candle;3;5;0.9252;0.930863
dinov3_knn;VisA/candle;4;5;0.9237;0.928627
dinov3_k1;VisA/candle;4;5;0.9235;0.92378
dinov3_knn;VisA/candle;0;10;0.9297;0.931523
dinov3_k1;VisA/candle;0;10;0.937;0.937955
dinov3_knn;VisA/candle;1;10;0.9449;0.949169
dinov3_k1;VisA/candle;1;10;0.9341;0.935803
dinov3_knn;VisA/candle;2;10;0.9333;0.934384
dinov3_k1;VisA/candle;2;10;0.9175;0.923622
dinov3_knn;VisA/candle;3;10;0.9346;0.937714
dinov3_k1;VisA/candle;3;10;0.9373;0.936641
dinov3_knn;VisA/candle;4;10;0.9307;0.933943
dinov3_k1;VisA/candle;4;10;0.9369;0.937542
dinov3_knn;VisA/candle;0;20;0.9356;0.939773
dinov3_k1;VisA/candle;0;20;0.9338;0.935872
dinov3_knn;VisA/candle;1;20;0.9532;0.955216
dinov3_k1;VisA/candle;1;20;0.93;0.933801
dinov3_knn;VisA/candle;2;20;0.9486;0.951906
dinov3_k1;VisA/candle;2;20;0.9324;0.937197
dinov3_knn;VisA/candle;3;20;0.9416;0.943616
dinov3_k1;VisA/candle;3;20;0.949;0.948992
dinov3_knn;VisA/candle;4;20;0.9342;0.93817
dinov3_k1;VisA/candle;4;20;0.9311;0.933384
dinov3_knn;VisA/capsules;0;5;0.973333;0.985511
dinov3_k1;VisA/capsules;0;5;0.840667;0.9017
dinov3_knn;VisA/capsules;1;5;0.958833;0.975291
dinov3_k1;VisA/capsules;1;5;0.930333;0.94993
dinov3_knn;VisA/capsules;2;5;0.975333;0.984941
dinov3_k1;VisA/capsules;2;5;0.911;0.938947
dinov3_knn;VisA/capsules;3;5;0.965;0.977398
dinov3_k1;VisA/capsules;3;5;0.862667;0.915056
dinov3_knn;VisA/capsules;4;5;0.974833;0.983342
dinov3_k1;VisA/capsules;4;5;0.8365;0.898851
dinov3_knn;VisA/capsules;0;10;0.978667;0.988366
dinov3_k1;VisA/capsules;0;10;0.8635;0.912105
dinov3_knn;VisA/capsules;1;10;0.955333;0.973861
dinov3_k1;VisA/capsules;1;10;0.897667;0.932628
dinov3_knn;VisA/capsules;2;10;0.978333;0.986515
dinov3_k1;VisA/capsules;2;10;0.934167;0.956231
dinov3_knn;VisA/capsules;3;10;0.973667;0.985478
dinov3_k1;VisA/capsules;3;10;0.879;0.925059
dinov3_knn;VisA/capsules;4;10;0.974167;0.982813
dinov3_k1;VisA/capsules;4;10;0.9075;0.935762
dinov3_knn;VisA/capsules;0;20;0.976333;0.987162
dinov3_k1;VisA/capsules;0;20;0.886667;0.92752
dinov3_knn;VisA/capsules;1;20;0.9705;0.983773
dinov3_k1;VisA/capsules;1;20;0.902167;0.934663
dinov3_knn;VisA/capsules;2;20;0.982333;0.988772
dinov3_k1;VisA/capsules;2;20;0.899333;0.937068
dinov3_knn;VisA/capsules;3;20;0.977667;0.987485
dinov3_k1;VisA/capsules;3;20;0.8955;0.931311
dinov3_knn;VisA/capsules;4;20;0.9785;0.986424
dinov3_k1;VisA/capsules;4;20;0.898667;0.933876
dinov3_knn;VisA/cashew;0;5;0.8854;0.937922
dinov3_k1;VisA/cashew;0;5;0.916;0.952818
dinov3_knn;VisA/cashew;1;5;0.9114;0.952785
dinov3_k1;VisA/cashew;1;5;0.9012;0.942533
dinov3_knn;VisA/cashew;2;5;0.8902;0.938928
dinov3_k1;VisA/cashew;2;5;0.9016;0.945389
dinov3_knn;VisA/cashew;3;5;0.8894;0.927575
dinov3_k1;VisA/cashew;3;5;0.8992;0.940453
dinov3_knn;VisA/cashew;4;5;0.9024;0.946028
dinov3_k1;VisA/cashew;4;5;0.8946;0.942152
dinov3_knn;VisA/cashew;0;10;0.908;0.949486
dinov3_k1;VisA/cashew;0;10;0.9238;0.95763
dinov3_knn;VisA/cashew;1;10;0.9234;0.95885
dinov3_k1;VisA/cashew;1;10;0.9036;0.944774
dinov3_knn;VisA/cashew;2;10;0.9212;0.957359
dinov3_k1;VisA/cashew;2;10;0.9032;0.944389
dinov3_knn;VisA/cashew;3;10;0.918;0.954485
dinov3_k1;VisA/cashew;3;10;0.897;0.938145
dinov3_knn;VisA/cashew;4;10;0.9234;0.955593
dinov3_k1;VisA/cashew;4;10;0.9078;0.947515
dinov3_knn;VisA/cashew;0;20;0.9146;0.953545
dinov3_k1;VisA/cashew;0;20;0.9196;0.95314
dinov3_knn;VisA/cashew;1;20;0.911;0.949315
dinov3_k1;VisA/cashew;1;20;0.8944;0.939534
dinov3_knn;VisA/cashew;2;20;0.9202;0.955065
dinov3_k1;VisA/cashew;2;20;0.905;0.943482
dinov3_knn;VisA/cashew;3;20;0.8994;0.941253
dinov3_k1;VisA/cashew;3;20;0.91;0.948166
dinov3_knn;VisA/cashew;4;20;0.934;0.960507
dinov3_k1;VisA/cashew;4;20;0.9118;0.949448
dinov3_knn;VisA/chewinggum;0;5;0.9886;0.994747
dinov3_k1;VisA/chewinggum;0;5;0.9656;0.982241
dinov3_knn;VisA/chewinggum;1;5;0.9914;0.996282
dinov3_k1;VisA/chewinggum;1;5;0.9596;0.980122
dinov3_knn;VisA/chewinggum;2;5;0.9908;0.995915
dinov3_k1;VisA/chewinggum;2;5;0.967;0.98288
dinov3_knn;VisA/chewinggum;3;5;0.9904;0.995908
dinov3_k1;VisA/chewinggum;3;5;0.9578;0.97876
dinov3_knn;VisA/chewinggum;4;5;0.9852;0.993414
dinov3_k1;VisA/chewinggum;4;5;0.9476;0.973343
dinov3_knn;VisA/chewinggum;0;10;0.9908;0.995679
dinov3_k1;VisA/chewinggum;0;10;0.962;0.98031
dinov3_knn;VisA/chewinggum;1;10;0.993;0.996849
dinov3_k1;VisA/chewinggum;1;10;0.9588;0.97957
dinov3_knn;VisA/chewinggum;2;10;0.9926;0.996654
dinov3_k1;VisA/chewinggum;2;10;0.9596;0.979702
dinov3_knn;VisA/chewinggum;3;10;0.9922;0.996386
dinov3_k1;VisA/chewinggum;3;10;0.9624;0.981083
dinov3_knn;VisA/chewinggum;4;10;0.9894;0.995206
dinov3_k1;VisA/chewinggum;4;10;0.9578;0.978437
dinov3_knn;VisA/chewinggum;0;20;0.99;0.995267
dinov3_k1;VisA/chewinggum;0;20;0.9616;0.980232
dinov3_knn;VisA/chewinggum;1;20;0.994;0.997256
dinov3_k1;VisA/chewinggum;1;20;0.9574;0.978324
dinov3_knn;VisA/chewinggum;2;20;0.9912;0.995996
dinov3_k1;VisA/chewinggum;2;20;0.9628;0.980932
dinov3_knn;VisA/chewinggum;3;20;0.9926;0.996526
dinov3_k1;VisA/chewinggum;3;20;0.9608;0.980119
dinov3_knn;VisA/chewinggum;4;20;0.9892;0.995176
dinov3_k1;VisA/chewinggum;4;20;0.9574;0.978464
dinov3_knn;VisA/fryum;0;5;0.973;0.98717
dinov3_k1;VisA/fryum;0;5;0.8878;0.947118
dinov3_knn;VisA/fryum;1;5;0.976;0.988397
dinov3_k1;VisA/fryum;1;5;0.8816;0.94483
dinov3_knn;VisA/fryum;2;5;0.9792;0.990419
dinov3_k1;VisA/fryum;2;5;0.8912;0.949426
dinov3_knn;VisA/fryum;3;5;0.9588;0.982005
dinov3_k1;VisA/fryum;3;5;0.8604;0.935846
dinov3_knn;VisA/fryum;4;5;0.9792;0.990731
dinov3_k1;VisA/fryum;4;5;0.8978;0.952399
dinov3_knn;VisA/fryum;0;10;0.9812;0.991181
dinov3_k1;VisA/fryum;0;10;0.8856;0.946075
dinov3_knn;VisA/fryum;1;10;0.9772;0.989092
dinov3_k1;VisA/fryum;1;10;0.8834;0.945612
dinov3_knn;VisA/fryum;2;10;0.9824;0.991944
dinov3_k1;VisA/fryum;2;10;0.8956;0.95189
dinov3_knn;VisA/fryum;3;10;0.9816;0.991736
dinov3_k1;VisA/fryum;3;10;0.8636;0.935124
dinov3_knn;VisA/fryum;4;10;0.9848;0.993238
dinov3_k1;VisA/fryum;4;10;0.8832;0.944686
dinov3_knn;VisA/fryum;0;20;0.9848;0.992678
dinov3_k1;VisA/fryum;0;20;0.8882;0.947616
dinov3_knn;VisA/fryum;1;20;0.977;0.9889
dinov3_k1;VisA/fryum;1;20;0.8896;0.948351
dinov3_knn;VisA/fryum;2;20;0.9816;0.991583
dinov3_k1;VisA/fryum;2;20;0.883;0.945716
dinov3_knn;VisA/fryum;3;20;0.9852;0.993213
dinov3_k1;VisA/fryum;3;20;0.8656;0.93826
dinov3_knn;VisA/fryum;4;20;0.9804;0.991632
dinov3_k1;VisA/fryum;4;20;0.8794;0.944295
dinov3_knn;VisA/macaroni1;0;5;0.9767;0.971408
dinov3_k1;VisA/macaroni1;0;5;0.7083;0.667942
dinov3_knn;VisA/macaroni1;1;5;0.9234;0.932539
dinov3_k1;VisA/macaroni1;1;5;0.6549;0.673985
dinov3_knn;VisA/macaroni1;2;5;0.9654;0.962218
dinov3_k1;VisA/macaroni1;2;5;0.6756;0.633924
dinov3_knn;VisA/macaroni1;3;5;0.9812;0.977525
dinov3_k1;VisA/macaroni1;3;5;0.7138;0.690216
dinov3_knn;VisA/macaroni1;4;5;0.9732;0.963516
dinov3_k1;VisA/macaroni1;4;5;0.6968;0.672033
dinov3_knn;VisA/macaroni1;0;10;0.9481;0.950463
dinov3_k1;VisA/macaroni1;0;10;0.7299;0.70941
dinov3_knn;VisA/macaroni1;1;10;0.9347;0.945358
dinov3_k1;VisA/macaroni1;1;10;0.7089;0.718152
dinov3_knn;VisA/macaroni1;2;10;0.9299;0.941255
dinov3_k1;VisA/macaroni1;2;10;0.6569;0.612736
dinov3_knn;VisA/macaroni1;3;10;0.9587;0.962012
dinov3_k1;VisA/macaroni1;3;10;0.6994;0.664887
dinov3_knn;VisA/macaroni1;4;10;0.9823;0.975847
dinov3_k1;VisA/macaroni1;4;10;0.7271;0.717
dinov3_knn;VisA/macaroni1;0;20;0.9411;0.951551
dinov3_k1;VisA/macaroni1;0;20;0.7157;0.701252
dinov3_knn;VisA/macaroni1;1;20;0.9339;0.945664
dinov3_k1;VisA/macaroni1;1;20;0.7183;0.707719
dinov3_knn;VisA/macaroni1;2;20;0.9326;0.943347
dinov3_k1;VisA/macaroni1;2;20;0.6713;0.629209
dinov3_knn;VisA/macaroni1;3;20;0.9201;0.934658
dinov3_k1;VisA/macaroni1;3;20;0.7033;0.680842
dinov3_knn;VisA/macaroni1;4;20;0.9521;0.959731
dinov3_k1;VisA/macaroni1;4;20;0.7022;0.678836
dinov3_knn;VisA/macaroni2;0;5;0.8662;0.845909
dinov3_k1;VisA/macaroni2;0;5;0.5331;0.509254
dinov3_knn;VisA/macaroni2;1;5;0.8586;0.843921
dinov3_k1;VisA/macaroni2;1;5;0.5763;0.556526
dinov3_knn;VisA/macaroni2;2;5;0.8685;0.87286
dinov3_k1;VisA/macaroni2;2;5;0.5254;0.508175
dinov3_knn;VisA/macaroni2;3;5;0.8601;0.860414
dinov3_k1;VisA/macaroni2;3;5;0.5459;0.532798
dinov3_knn;VisA/macaroni2;4;5;0.8796;0.877789
dinov3_k1;VisA/macaroni2;4;5;0.5333;0.506198
dinov3_knn;VisA/macaroni2;0;10;0.8749;0.850782
dinov3_k1;VisA/macaroni2;0;10;0.5651;0.527256
dinov3_knn;VisA/macaroni2;1;10;0.8947;0.893821
dinov3_k1;VisA/macaroni2;1;10;0.5335;0.513131
dinov3_knn;VisA/macaroni2;2;10;0.8792;0.88234
dinov3_k1;VisA/macaroni2;2;10;0.5307;0.509486
dinov3_knn;VisA/macaroni2;3;10;0.8582;0.854049
dinov3_k1;VisA/macaroni2;3;10;0.5058;0.491862
dinov3_knn;VisA/macaroni2;4;10;0.8967;0.897694
dinov3_k1;VisA/macaroni2;4;10;0.5264;0.498673
dinov3_knn;VisA/macaroni2;0;20;0.8658;0.852201
dinov3_k1;VisA/macaroni2;0;20;0.5876;0.549069
dinov3_knn;VisA/macaroni2;1;20;0.8843;0.890044
dinov3_k1;VisA/macaroni2;1;20;0.5769;0.559525
dinov3_knn;VisA/macaroni2;2;20;0.8847;0.860852
dinov3_k1;VisA/macaroni2;2;20;0.55965;0.527696
dinov3_knn;VisA/macaroni2;3;20;0.8575;0.856833
dinov3_k1;VisA/macaroni2;3;20;0.531;0.505566
dinov3_knn;VisA/macaroni2;4;20;0.8915;0.882519
dinov3_k1;VisA/macaroni2;4;20;0.5782;0.542405
dinov3_knn;VisA/pcb1;0;5;0.9459;0.938801
dinov3_k1;VisA/pcb1;0;5;0.9471;0.948408
dinov3_knn;VisA/pcb1;1;5;0.9134;0.910802
dinov3_k1;VisA/pcb1;1;5;0.9309;0.929713
dinov3_knn;VisA/pcb1;2;5;0.8955;0.884393
dinov3_k1;VisA/pcb1;2;5;0.9384;0.935436
dinov3_knn;VisA/pcb1;3;5;0.92;0.912432
dinov3_k1;VisA/pcb1;3;5;0.9048;0.894082
dinov3_knn;VisA/pcb1;4;5;0.9002;0.890113
dinov3_k1;VisA/pcb1;4;5;0.9556;0.957902
dinov3_knn;VisA/pcb1;0;10;0.9559;0.951239
dinov3_k1;VisA/pcb1;0;10;0.9416;0.943685
dinov3_knn;VisA/pcb1;1;10;0.9427;0.937934
dinov3_k1;VisA/pcb1;1;10;0.9273;0.924346
dinov3_knn;VisA/pcb1;2;10;0.9405;0.929141
dinov3_k1;VisA/pcb1;2;10;0.9348;0.93311
dinov3_knn;VisA/pcb1;3;10;0.9021;0.910748
dinov3_k1;VisA/pcb1;3;10;0.941;0.942509
dinov3_knn;VisA/pcb1;4;10;0.9386;0.930313
dinov3_k1;VisA/pcb1;4;10;0.9466;0.944952
dinov3_knn;VisA/pcb1;0;20;0.9571;0.960801
dinov3_k1;VisA/pcb1;0;20;0.9165;0.912549
dinov3_knn;VisA/pcb1;1;20;0.9518;0.946483
dinov3_k1;VisA/pcb1;1;20;0.9344;0.932741
dinov3_knn;VisA/pcb1;2;20;0.9135;0.913472
dinov3_k1;VisA/pcb1;2;20;0.9243;0.92202
dinov3_knn;VisA/pcb1;3;20;0.909;0.914532
dinov3_k1;VisA/pcb1;3;20;0.9391;0.938532
dinov3_knn;VisA/pcb1;4;20;0.9494;0.947894
dinov3_k1;VisA/pcb1;4;20;0.9111;0.906576
dinov3_knn;VisA/pcb2;0;5;0.8836;0.905159
dinov3_k1;VisA/pcb2;0;5;0.7878;0.799967
dinov3_knn;VisA/pcb2;1;5;0.8467;0.878772
dinov3_k1;VisA/pcb2;1;5;0.782;0.790446
dinov3_knn;VisA/pcb2;2;5;0.8568;0.884327
dinov3_k1;VisA/pcb2;2;5;0.8006;0.784494
dinov3_knn;VisA/pcb2;3;5;0.8857;0.905394
dinov3_k1;VisA/pcb2;3;5;0.8393;0.837202
dinov3_knn;VisA/pcb2;4;5;0.8913;0.908841
dinov3_k1;VisA/pcb2;4;5;0.8249;0.827641
dinov3_knn;VisA/pcb2;0;10;0.8987;0.914965
dinov3_k1;VisA/pcb2;0;10;0.8241;0.832209
dinov3_knn;VisA/pcb2;1;10;0.8774;0.903338
dinov3_k1;VisA/pcb2;1;10;0.8146;0.810422
dinov3_knn;VisA/pcb2;2;10;0.8847;0.90024
dinov3_k1;VisA/pcb2;2;10;0.8046;0.798998
dinov3_knn;VisA/pcb2;3;10;0.9075;0.923504
dinov3_k1;VisA/pcb2;3;10;0.852;0.861638
dinov3_knn;VisA/pcb2;4;10;0.8938;0.918234
dinov3_k1;VisA/pcb2;4;10;0.8453;0.858392
dinov3_knn;VisA/pcb2;0;20;0.9001;0.916226
dinov3_k1;VisA/pcb2;0;20;0.8516;0.857521
dinov3_knn;VisA/pcb2;1;20;0.8779;0.901965
dinov3_k1;VisA/pcb2;1;20;0.8306;0.838805
dinov3_knn;VisA/pcb2;2;20;0.8779;0.898389
dinov3_k1;VisA/pcb2;2;20;0.8306;0.839274
dinov3_knn;VisA/pcb2;3;20;0.898;0.912518
dinov3_k1;VisA/pcb2;3;20;0.8427;0.848918
dinov3_knn;VisA/pcb2;4;20;0.9018;0.9207
dinov3_k1;VisA/pcb2;4;20;0.8359;0.845844
dinov3_knn;VisA/pcb3;0;5;0.891584;0.871779
dinov3_k1;VisA/pcb3;0;5;0.789901;0.809496
dinov3_knn;VisA/pcb3;1;5;0.896139;0.879695
dinov3_k1;VisA/pcb3;1;5;0.766337;0.786654
dinov3_knn;VisA/pcb3;2;5;0.892277;0.865939
dinov3_k1;VisA/pcb3;2;5;0.762673;0.777337
dinov3_knn;VisA/pcb3;3;5;0.911386;0.875778
dinov3_k1;VisA/pcb3;3;5;0.782376;0.799451
dinov3_knn;VisA/pcb3;4;5;0.913069;0.889825
dinov3_k1;VisA/pcb3;4;5;0.754257;0.763648
dinov3_knn;VisA/pcb3;0;10;0.934356;0.91271
dinov3_k1;VisA/pcb3;0;10;0.780891;0.796896
dinov3_knn;VisA/pcb3;1;10;0.94396;0.924067
dinov3_k1;VisA/pcb3;1;10;0.769208;0.789853
dinov3_knn;VisA/pcb3;2;10;0.930891;0.910369
dinov3_k1;VisA/pcb3;2;10;0.779604;0.786552
dinov3_knn;VisA/pcb3;3;10;0.932277;0.909167
dinov3_k1;VisA/pcb3;3;10;0.763663;0.786907
dinov3_knn;VisA/pcb3;4;10;0.93297;0.911221
dinov3_k1;VisA/pcb3;4;10;0.778416;0.797292
dinov3_knn;VisA/pcb3;0;20;0.948218;0.931108
dinov3_k1;VisA/pcb3;0;20;0.789505;0.809574
dinov3_knn;VisA/pcb3;1;20;0.951782;0.929697
dinov3_k1;VisA/pcb3;1;20;0.753762;0.773657
dinov3_knn;VisA/pcb3;2;20;0.94198;0.919617
dinov3_k1;VisA/pcb3;2;20;0.785446;0.796137
dinov3_knn;VisA/pcb3;3;20;0.944752;0.931851
dinov3_k1;VisA/pcb3;3;20;0.774059;0.798668
dinov3_knn;VisA/pcb3;4;20;0.936436;0.915403
dinov3_k1;VisA/pcb3;4;20;0.776634;0.790987
dinov3_knn;VisA/pcb4;0;5;0.933267;0.89593
dinov3_k1;VisA/pcb4;0;5;0.974851;0.974805
dinov3_knn;VisA/pcb4;1;5;0.92495;0.913291
dinov3_k1;VisA/pcb4;1;5;0.894554;0.896288
dinov3_knn;VisA/pcb4;2;5;0.954554;0.942429
dinov3_k1;VisA/pcb4;2;5;0.906733;0.920561
dinov3_knn;VisA/pcb4;3;5;0.952574;0.928338
dinov3_k1;VisA/pcb4;3;5;0.969802;0.969931
dinov3_knn;VisA/pcb4;4;5;0.960099;0.938109
dinov3_k1;VisA/pcb4;4;5;0.951287;0.952568
dinov3_knn;VisA/pcb4;0;10;0.955347;0.944976
dinov3_k1;VisA/pcb4;0;10;0.969505;0.970332
dinov3_knn;VisA/pcb4;1;10;0.959109;0.953846
dinov3_k1;VisA/pcb4;1;10;0.951683;0.953331
dinov3_knn;VisA/pcb4;2;10;0.966634;0.966179
dinov3_k1;VisA/pcb4;2;10;0.951287;0.954269
dinov3_knn;VisA/pcb4;3;10;0.981485;0.978599
dinov3_k1;VisA/pcb4;3;10;0.975248;0.974213
dinov3_knn;VisA/pcb4;4;10;0.975941;0.960999
dinov3_k1;VisA/pcb4;4;10;0.963762;0.962983
dinov3_knn;VisA/pcb4;0;20;0.96703;0.960791
dinov3_k1;VisA/pcb4;0;20;0.982673;0.981718
dinov3_knn;VisA/pcb4;1;20;0.954059;0.946519
dinov3_k1;VisA/pcb4;1;20;0.973366;0.973003
dinov3_knn;VisA/pcb4;2;20;0.967822;0.964641
dinov3_k1;VisA/pcb4;2;20;0.971782;0.971368
dinov3_knn;VisA/pcb4;3;20;0.978416;0.972365
dinov3_k1;VisA/pcb4;3;20;0.97802;0.977524
dinov3_knn;VisA/pcb4;4;20;0.955743;0.942836
dinov3_k1;VisA/pcb4;4;20;0.978119;0.976866
dinov3_knn;VisA/pipe_fryum;0;5;0.9672;0.981257
dinov3_k1;VisA/pipe_fryum;0;5;0.7304;0.869397
dinov3_knn;VisA/pipe_fryum;1;5;0.9824;0.991175
dinov3_k1;VisA/pipe_fryum;1;5;0.7756;0.89292
dinov3_knn;VisA/pipe_fryum;2;5;0.9896;0.995181
dinov3_k1;VisA/pipe_fryum;2;5;0.768;0.883184
dinov3_knn;VisA/pipe_fryum;3;5;0.9882;0.993845
dinov3_k1;VisA/pipe_fryum;3;5;0.7968;0.902601
dinov3_knn;VisA/pipe_fryum;4;5;0.9742;0.985185
dinov3_k1;VisA/pipe_fryum;4;5;0.7978;0.904751
dinov3_knn;VisA/pipe_fryum;0;10;0.9886;0.993365
dinov3_k1;VisA/pipe_fryum;0;10;0.7518;0.879858
dinov3_knn;VisA/pipe_fryum;1;10;0.9968;0.998388
dinov3_k1;VisA/pipe_fryum;1;10;0.7768;0.8952
dinov3_knn;VisA/pipe_fryum;2;10;0.9954;0.997742
dinov3_k1;VisA/pipe_fryum;2;10;0.7768;0.889989
dinov3_knn;VisA/pipe_fryum;3;10;0.9964;0.998234
dinov3_k1;VisA/pipe_fryum;3;10;0.7816;0.896396
dinov3_knn;VisA/pipe_fryum;4;10;0.99;0.995056
dinov3_k1;VisA/pipe_fryum;4;10;0.7924;0.901927
dinov3_knn;VisA/pipe_fryum;0;20;0.997;0.99853
dinov3_k1;VisA/pipe_fryum;0;20;0.7784;0.890676
dinov3_knn;VisA/pipe_fryum;1;20;0.999;0.999515
dinov3_k1;VisA/pipe_fryum;1;20;0.7848;0.897653
dinov3_knn;VisA/pipe_fryum;2;20;0.9978;0.998905
dinov3_k1;VisA/pipe_fryum;2;20;0.7832;0.89423
dinov3_knn;VisA/pipe_fryum;3;20;0.9944;0.997143
dinov3_k1;VisA/pipe_fryum;3;20;0.7838;0.896796
dinov3_knn;VisA/pipe_fryum;4;20;0.993;0.996544
dinov3_k1;VisA/pipe_fryum;4;20;0.7868;0.896219
