resolution;dataset;seed;train_limit;grid;img_auroc;img_aupr
336;mvtec_AD/bottle;0;10;21;0.999206;0.999752
336;mvtec_AD/bottle;1;10;21;1.0;1.0
336;mvtec_AD/bottle;2;10;21;0.999206;0.999752
336;mvtec_AD/bottle;3;10;21;0.998413;0.9995
336;mvtec_AD/bottle;4;10;21;0.995238;0.998581
336;mvtec_AD/carpet;0;10;21;0.985955;0.995581
336;mvtec_AD/carpet;1;10;21;0.989567;0.99678
336;mvtec_AD/carpet;2;10;21;0.985955;0.995632
336;mvtec_AD/carpet;3;10;21;0.985152;0.995542
336;mvtec_AD/carpet;4;10;21;0.976726;0.992858
336;mvtec_AD/hazelnut;0;10;21;0.966786;0.981233
336;mvtec_AD/hazelnut;1;10;21;0.964643;0.981954
336;mvtec_AD/hazelnut;2;10;21;0.946429;0.96794
336;mvtec_AD/hazelnut;3;10;21;0.965;0.981591
336;mvtec_AD/hazelnut;4;10;21;0.936071;0.96312
336;mvtec_AD/leather;0;10;21;1.0;1.0
336;mvtec_AD/leather;1;10;21;1.0;1.0
336;mvtec_AD/leather;2;10;21;1.0;1.0
336;mvtec_AD/leather;3;10;21;1.0;1.0
336;mvtec_AD/leather;4;10;21;1.0;1.0
336;VisA/capsules;0;10;21;0.812667;0.879298
336;VisA/capsules;1;10;21;0.899167;0.935521
336;VisA/capsules;2;10;21;0.926;0.944172
336;VisA/capsules;3;10;21;0.858;0.904631
336;VisA/capsules;4;10;21;0.891833;0.924473
336;VisA/pcb1;0;10;21;0.9111;0.89352
336;VisA/pcb1;1;10;21;0.9631;0.959466
336;VisA/pcb1;2;10;21;0.8449;0.816166
336;VisA/pcb1;3;10;21;0.9063;0.908628
336;VisA/pcb1;4;10;21;0.9163;0.905803
336;GoodsAD/drink_bottle;0;10;21;0.584058;0.607547
336;GoodsAD/drink_bottle;1;10;21;0.576887;0.6106
336;GoodsAD/drink_bottle;2;10;21;0.570337;0.59826
336;GoodsAD/drink_bottle;3;10;21;0.550007;0.608701
336;GoodsAD/drink_bottle;4;10;21;0.565268;0.594658
336;GoodsAD/food_box;0;10;21;0.56792;0.69097
336;GoodsAD/food_box;1;10;21;0.635622;0.734505
336;GoodsAD/food_box;2;10;21;0.609207;0.71369
336;GoodsAD/food_box;3;10;21;0.638269;0.729015
336;GoodsAD/food_box;4;10;21;0.623888;0.708605
448;mvtec_AD/bottle;0;10;28;0.994444;0.998325
448;mvtec_AD/bottle;1;10;28;0.995238;0.998479
448;mvtec_AD/bottle;2;10;28;0.996825;0.999027
448;mvtec_AD/bottle;3;10;28;0.996032;0.998771
448;mvtec_AD/bottle;4;10;28;0.985714;0.995172
448;mvtec_AD/carpet;0;10;28;0.975923;0.992283
448;mvtec_AD/carpet;1;10;28;0.98114;0.99408
448;mvtec_AD/carpet;2;10;28;0.980337;0.993826
448;mvtec_AD/carpet;3;10;28;0.983547;0.994937
448;mvtec_AD/carpet;4;10;28;0.970706;0.99057
448;mvtec_AD/hazelnut;0;10;28;0.954643;0.974423
448;mvtec_AD/hazelnut;1;10;28;0.934286;0.966884
448;mvtec_AD/hazelnut;2;10;28;0.923929;0.962648
448;mvtec_AD/hazelnut;3;10;28;0.935714;0.96791
448;mvtec_AD/hazelnut;4;10;28;0.872857;0.928063
448;mvtec_AD/leather;0;10;28;1.0;1.0
448;mvtec_AD/leather;1;10;28;1.0;1.0
448;mvtec_AD/leather;2;10;28;1.0;1.0
448;mvtec_AD/leather;3;10;28;1.0;1.0
448;mvtec_AD/leather;4;10;28;1.0;1.0
448;VisA/capsules;0;10;28;0.8365;0.901765
448;VisA/capsules;1;10;28;0.9065;0.936053
448;VisA/capsules;2;10;28;0.929333;0.946592
448;VisA/capsules;3;10;28;0.878333;0.924831
448;VisA/capsules;4;10;28;0.911167;0.930924
448;VisA/pcb1;0;10;28;0.9081;0.90693
448;VisA/pcb1;1;10;28;0.9712;0.97214
448;VisA/pcb1;2;10;28;0.9318;0.927593
448;VisA/pcb1;3;10;28;0.9712;0.970371
448;VisA/pcb1;4;10;28;0.9432;0.938197
448;GoodsAD/drink_bottle;0;10;28;0.597303;0.616023
448;GoodsAD/drink_bottle;1;10;28;0.56464;0.59187
448;GoodsAD/drink_bottle;2;10;28;0.554316;0.587184
448;GoodsAD/drink_bottle;3;10;28;0.563001;0.602587
448;GoodsAD/drink_bottle;4;10;28;0.55764;0.589348
448;GoodsAD/food_box;0;10;28;0.562681;0.690027
448;GoodsAD/food_box;1;10;28;0.62719;0.727239
448;GoodsAD/food_box;2;10;28;0.604295;0.710667
448;GoodsAD/food_box;3;10;28;0.608743;0.705041
448;GoodsAD/food_box;4;10;28;0.629346;0.718134
672;mvtec_AD/bottle;0;10;42;0.988889;0.996619
672;mvtec_AD/bottle;1;10;42;0.970635;0.989041
672;mvtec_AD/bottle;2;10;42;0.988095;0.996321
672;mvtec_AD/bottle;3;10;42;0.980952;0.99343
672;mvtec_AD/bottle;4;10;42;0.97381;0.991072
672;mvtec_AD/carpet;0;10;42;0.955859;0.985927
672;mvtec_AD/carpet;1;10;42;0.95626;0.986232
672;mvtec_AD/carpet;2;10;42;0.960674;0.98768
672;mvtec_AD/carpet;3;10;42;0.95305;0.985403
672;mvtec_AD/carpet;4;10;42;0.949839;0.983792
672;mvtec_AD/hazelnut;0;10;42;0.8825;0.93793
672;mvtec_AD/hazelnut;1;10;42;0.883929;0.938564
672;mvtec_AD/hazelnut;2;10;42;0.8775;0.939944
672;mvtec_AD/hazelnut;3;10;42;0.901429;0.948855
672;mvtec_AD/hazelnut;4;10;42;0.853571;0.916706
672;mvtec_AD/leather;0;10;42;0.997622;0.999194
672;mvtec_AD/leather;1;10;42;0.998641;0.999547
672;mvtec_AD/leather;2;10;42;0.998981;0.999657
672;mvtec_AD/leather;3;10;42;0.998302;0.999423
672;mvtec_AD/leather;4;10;42;0.99966;0.999883
672;VisA/capsules;0;10;42;0.866333;0.913294
672;VisA/capsules;1;10;42;0.924333;0.943342
672;VisA/capsules;2;10;42;0.945;0.951745
672;VisA/capsules;3;10;42;0.8945;0.926244
672;VisA/capsules;4;10;42;0.924833;0.940926
672;VisA/pcb1;0;10;42;0.9001;0.884012
672;VisA/pcb1;1;10;42;0.9559;0.956709
672;VisA/pcb1;2;10;42;0.8777;0.865636
672;VisA/pcb1;3;10;42;0.9831;0.983047
672;VisA/pcb1;4;10;42;0.9374;0.926671
672;GoodsAD/drink_bottle;0;10;42;0.580165;0.601521
672;GoodsAD/drink_bottle;1;10;42;0.559504;0.586683
672;GoodsAD/drink_bottle;2;10;42;0.553919;0.591248
672;GoodsAD/drink_bottle;3;10;42;0.555942;0.594438
672;GoodsAD/drink_bottle;4;10;42;0.551097;0.588348
672;GoodsAD/food_box;0;10;42;0.582192;0.698525
672;GoodsAD/food_box;1;10;42;0.594799;0.701955
672;GoodsAD/food_box;2;10;42;0.58462;0.69254
672;GoodsAD/food_box;3;10;42;0.616793;0.709759
672;GoodsAD/food_box;4;10;42;0.641298;0.719379
