benchmark;train_limit;model;n_classes;img_auroc;img_aupr;tpr_tnr90;tpr_tnr95;pix_auroc;spro;auspro
MVTec AD;2;galad;15;0.876 ± 0.051;0.935 ± 0.034;0.732 ± 0.103;0.680 ± 0.100;0.969 ± 0.009;0.983 ± 0.006;0.891 ± 0.047
MVTec AD;2;patchcore;15;0.848 ± 0.029;0.926 ± 0.017;0.673 ± 0.082;0.607 ± 0.085;0.913 ± 0.009;0.901 ± 0.020;0.746 ± 0.044
MVTec AD;2;reverse_distillation;15;0.839 ± 0.026;0.921 ± 0.015;0.674 ± 0.062;0.616 ± 0.059;0.911 ± 0.007;0.938 ± 0.014;0.806 ± 0.034
MVTec AD;5;galad;15;0.926 ± 0.018;0.967 ± 0.009;0.822 ± 0.048;0.772 ± 0.058;0.979 ± 0.004;0.990 ± 0.003;0.910 ± 0.035
MVTec AD;5;patchcore;15;0.874 ± 0.021;0.940 ± 0.013;0.736 ± 0.060;0.667 ± 0.072;0.922 ± 0.006;0.917 ± 0.010;0.771 ± 0.035
MVTec AD;5;reverse_distillation;15;0.869 ± 0.029;0.941 ± 0.016;0.742 ± 0.059;0.679 ± 0.077;0.918 ± 0.009;0.949 ± 0.013;0.817 ± 0.040
MVTec AD;5;dinomaly;15;0.926 ± 0.034;0.965 ± 0.021;0.853 ± 0.049;0.818 ± 0.059;0.946 ± 0.012;0.964 ± 0.013;0.871 ± 0.047
MVTec AD;5;padim;15;0.696 ± 0.036;0.858 ± 0.018;0.423 ± 0.061;0.355 ± 0.061;0.792 ± 0.054;0.777 ± 0.095;0.549 ± 0.088
MVTec AD;10;galad;15;0.937 ± 0.024;0.973 ± 0.012;0.832 ± 0.059;0.788 ± 0.059;0.981 ± 0.003;0.992 ± 0.001;0.920 ± 0.039
MVTec AD;10;patchcore;15;0.885 ± 0.016;0.945 ± 0.009;0.755 ± 0.038;0.692 ± 0.055;0.924 ± 0.005;0.920 ± 0.009;0.784 ± 0.033
MVTec AD;10;reverse_distillation;15;0.882 ± 0.022;0.950 ± 0.010;0.755 ± 0.058;0.706 ± 0.065;0.919 ± 0.005;0.950 ± 0.006;0.813 ± 0.026
MVTec AD;10;dinomaly;15;0.906 ± 0.064;0.955 ± 0.035;0.797 ± 0.129;0.765 ± 0.126;0.937 ± 0.025;0.961 ± 0.027;0.846 ± 0.079
MVTec AD;10;padim;15;0.702 ± 0.046;0.863 ± 0.023;0.442 ± 0.069;0.371 ± 0.078;0.796 ± 0.055;0.777 ± 0.099;0.564 ± 0.089
MVTec AD;20;galad;15;0.949 ± 0.011;0.979 ± 0.006;0.855 ± 0.038;0.822 ± 0.033;0.983 ± 0.001;0.991 ± 0.002;0.920 ± 0.032
MVTec AD;20;patchcore;15;0.897 ± 0.013;0.951 ± 0.006;0.787 ± 0.030;0.737 ± 0.038;0.926 ± 0.003;0.922 ± 0.004;0.789 ± 0.030
MVTec AD;20;reverse_distillation;15;0.891 ± 0.014;0.957 ± 0.009;0.792 ± 0.047;0.730 ± 0.058;0.918 ± 0.003;0.949 ± 0.005;0.815 ± 0.024
MVTec AD;20;dinomaly;15;0.909 ± 0.053;0.956 ± 0.030;0.807 ± 0.109;0.781 ± 0.109;0.936 ± 0.027;0.959 ± 0.031;0.849 ± 0.077
MVTec AD;20;padim;15;0.692 ± 0.045;0.861 ± 0.023;0.439 ± 0.073;0.369 ± 0.078;0.792 ± 0.056;0.766 ± 0.104;0.549 ± 0.083
MVTec AD;50;galad;15;0.958 ± 0.006;0.984 ± 0.003;0.877 ± 0.019;0.846 ± 0.024;0.983 ± 0.001;0.991 ± 0.001;0.925 ± 0.032
MVTec AD;50;patchcore;15;0.908 ± 0.009;0.956 ± 0.004;0.806 ± 0.028;0.760 ± 0.038;0.926 ± 0.002;0.923 ± 0.002;0.796 ± 0.030
MVTec AD;50;reverse_distillation;15;0.872 ± 0.023;0.951 ± 0.010;0.753 ± 0.051;0.713 ± 0.068;0.910 ± 0.003;0.943 ± 0.004;0.792 ± 0.025
MVTec AD;50;dinomaly;15;0.924 ± 0.046;0.970 ± 0.021;0.826 ± 0.114;0.794 ± 0.122;0.933 ± 0.038;0.944 ± 0.063;0.840 ± 0.105
MVTec AD;50;padim;15;0.657 ± 0.057;0.848 ± 0.027;0.408 ± 0.069;0.346 ± 0.077;0.762 ± 0.050;0.705 ± 0.098;0.501 ± 0.074
MVTec LOCO;2;galad;5;0.628 ± 0.067;0.752 ± 0.044;0.268 ± 0.086;0.203 ± 0.089;0.699 ± 0.040;0.776 ± 0.075;0.458 ± 0.126
MVTec LOCO;2;patchcore;5;0.595 ± 0.030;0.729 ± 0.024;0.218 ± 0.045;0.157 ± 0.049;0.632 ± 0.007;0.634 ± 0.025;0.414 ± 0.018
MVTec LOCO;2;reverse_distillation;5;0.559 ± 0.048;0.699 ± 0.032;0.178 ± 0.051;0.116 ± 0.042;0.598 ± 0.023;0.740 ± 0.024;0.524 ± 0.037
MVTec LOCO;5;galad;5;0.682 ± 0.048;0.789 ± 0.035;0.347 ± 0.079;0.287 ± 0.069;0.764 ± 0.019;0.877 ± 0.015;0.632 ± 0.049
MVTec LOCO;5;patchcore;5;0.613 ± 0.026;0.744 ± 0.024;0.250 ± 0.065;0.167 ± 0.044;0.628 ± 0.005;0.606 ± 0.017;0.411 ± 0.020
MVTec LOCO;5;reverse_distillation;5;0.600 ± 0.024;0.735 ± 0.019;0.245 ± 0.046;0.167 ± 0.045;0.588 ± 0.015;0.716 ± 0.021;0.506 ± 0.029
MVTec LOCO;5;dinomaly;5;0.624 ± 0.043;0.751 ± 0.034;0.260 ± 0.076;0.200 ± 0.075;0.564 ± 0.024;0.514 ± 0.070;0.306 ± 0.046
MVTec LOCO;5;padim;5;0.467 ± 0.040;0.626 ± 0.036;0.110 ± 0.049;0.058 ± 0.037;0.528 ± 0.045;0.539 ± 0.094;0.271 ± 0.077
MVTec LOCO;10;galad;5;0.717 ± 0.044;0.810 ± 0.033;0.425 ± 0.065;0.361 ± 0.066;0.783 ± 0.011;0.899 ± 0.009;0.696 ± 0.046
MVTec LOCO;10;patchcore;5;0.622 ± 0.016;0.755 ± 0.016;0.264 ± 0.052;0.203 ± 0.045;0.625 ± 0.004;0.596 ± 0.015;0.409 ± 0.020
MVTec LOCO;10;reverse_distillation;5;0.617 ± 0.026;0.755 ± 0.023;0.285 ± 0.043;0.203 ± 0.049;0.578 ± 0.011;0.686 ± 0.019;0.478 ± 0.031
MVTec LOCO;10;dinomaly;5;0.626 ± 0.050;0.756 ± 0.035;0.285 ± 0.078;0.207 ± 0.067;0.581 ± 0.044;0.642 ± 0.118;0.417 ± 0.098
MVTec LOCO;10;padim;5;0.471 ± 0.042;0.630 ± 0.038;0.111 ± 0.049;0.060 ± 0.038;0.525 ± 0.040;0.543 ± 0.109;0.282 ± 0.081
MVTec LOCO;20;galad;5;0.744 ± 0.018;0.828 ± 0.009;0.468 ± 0.031;0.413 ± 0.024;0.795 ± 0.006;0.907 ± 0.006;0.708 ± 0.024
MVTec LOCO;20;patchcore;5;0.630 ± 0.022;0.768 ± 0.019;0.301 ± 0.048;0.233 ± 0.045;0.623 ± 0.003;0.586 ± 0.015;0.398 ± 0.021
MVTec LOCO;20;reverse_distillation;5;0.631 ± 0.019;0.771 ± 0.016;0.322 ± 0.034;0.256 ± 0.037;0.574 ± 0.008;0.666 ± 0.012;0.458 ± 0.020
MVTec LOCO;20;dinomaly;5;0.610 ± 0.048;0.739 ± 0.034;0.240 ± 0.070;0.158 ± 0.049;0.570 ± 0.069;0.575 ± 0.189;0.347 ± 0.147
MVTec LOCO;20;padim;5;0.474 ± 0.046;0.632 ± 0.040;0.120 ± 0.057;0.064 ± 0.040;0.526 ± 0.036;0.529 ± 0.112;0.272 ± 0.074
MVTec LOCO;50;galad;5;0.748 ± 0.010;0.831 ± 0.005;0.472 ± 0.022;0.418 ± 0.023;0.797 ± 0.004;0.908 ± 0.007;0.714 ± 0.032
MVTec LOCO;50;patchcore;5;0.624 ± 0.015;0.768 ± 0.010;0.308 ± 0.030;0.245 ± 0.021;0.619 ± 0.005;0.567 ± 0.010;0.391 ± 0.021
MVTec LOCO;50;reverse_distillation;5;0.586 ± 0.014;0.736 ± 0.016;0.261 ± 0.028;0.191 ± 0.052;0.562 ± 0.005;0.629 ± 0.008;0.414 ± 0.018
MVTec LOCO;50;dinomaly;5;0.608 ± 0.058;0.740 ± 0.046;0.256 ± 0.089;0.175 ± 0.085;0.564 ± 0.068;0.548 ± 0.168;0.321 ± 0.134
MVTec LOCO;50;padim;5;0.481 ± 0.040;0.636 ± 0.030;0.119 ± 0.043;0.069 ± 0.033;0.518 ± 0.027;0.480 ± 0.111;0.234 ± 0.070
VisA;2;galad;12;0.802 ± 0.076;0.833 ± 0.057;0.556 ± 0.125;0.464 ± 0.119;0.978 ± 0.009;0.992 ± 0.003;0.869 ± 0.055
VisA;2;patchcore;12;0.809 ± 0.036;0.849 ± 0.026;0.586 ± 0.069;0.500 ± 0.074;0.921 ± 0.013;0.904 ± 0.024;0.734 ± 0.048
VisA;2;reverse_distillation;12;0.736 ± 0.047;0.772 ± 0.035;0.415 ± 0.062;0.339 ± 0.047;0.916 ± 0.012;0.933 ± 0.014;0.740 ± 0.038
VisA;5;galad;12;0.857 ± 0.024;0.874 ± 0.023;0.670 ± 0.068;0.562 ± 0.067;0.987 ± 0.003;0.998 ± 0.001;0.901 ± 0.049
VisA;5;patchcore;12;0.830 ± 0.025;0.865 ± 0.020;0.628 ± 0.064;0.525 ± 0.076;0.923 ± 0.006;0.910 ± 0.015;0.756 ± 0.037
VisA;5;reverse_distillation;12;0.797 ± 0.034;0.831 ± 0.030;0.529 ± 0.086;0.446 ± 0.074;0.928 ± 0.007;0.947 ± 0.009;0.795 ± 0.032
VisA;5;dinomaly;12;0.843 ± 0.028;0.871 ± 0.023;0.659 ± 0.056;0.547 ± 0.075;0.937 ± 0.010;0.935 ± 0.019;0.804 ± 0.048
VisA;5;padim;12;0.591 ± 0.056;0.658 ± 0.049;0.205 ± 0.083;0.126 ± 0.056;0.840 ± 0.041;0.774 ± 0.056;0.514 ± 0.056
VisA;10;galad;12;0.869 ± 0.021;0.878 ± 0.019;0.695 ± 0.058;0.576 ± 0.069;0.987 ± 0.004;0.998 ± 0.001;0.898 ± 0.040
VisA;10;patchcore;12;0.841 ± 0.019;0.873 ± 0.016;0.652 ± 0.054;0.558 ± 0.052;0.922 ± 0.006;0.908 ± 0.010;0.747 ± 0.039
VisA;10;reverse_distillation;12;0.839 ± 0.026;0.868 ± 0.023;0.609 ± 0.067;0.523 ± 0.076;0.930 ± 0.007;0.945 ± 0.012;0.807 ± 0.035
VisA;10;dinomaly;12;0.857 ± 0.043;0.879 ± 0.033;0.672 ± 0.078;0.576 ± 0.082;0.954 ± 0.013;0.974 ± 0.010;0.852 ± 0.040
VisA;10;padim;12;0.604 ± 0.061;0.674 ± 0.053;0.233 ± 0.090;0.154 ± 0.078;0.847 ± 0.040;0.784 ± 0.050;0.526 ± 0.056
VisA;20;galad;12;0.879 ± 0.014;0.887 ± 0.015;0.723 ± 0.031;0.604 ± 0.065;0.988 ± 0.002;0.998 ± 0.001;0.913 ± 0.038
VisA;20;patchcore;12;0.854 ± 0.014;0.885 ± 0.012;0.686 ± 0.043;0.585 ± 0.054;0.922 ± 0.005;0.903 ± 0.011;0.747 ± 0.041
VisA;20;reverse_distillation;12;0.851 ± 0.016;0.881 ± 0.015;0.668 ± 0.048;0.575 ± 0.056;0.932 ± 0.004;0.943 ± 0.008;0.813 ± 0.030
VisA;20;dinomaly;12;0.828 ± 0.086;0.856 ± 0.071;0.646 ± 0.139;0.546 ± 0.131;0.938 ± 0.047;0.945 ± 0.062;0.827 ± 0.107
VisA;20;padim;12;0.612 ± 0.056;0.683 ± 0.049;0.251 ± 0.077;0.160 ± 0.073;0.851 ± 0.038;0.783 ± 0.057;0.537 ± 0.064
VisA;50;galad;12;0.882 ± 0.010;0.889 ± 0.009;0.735 ± 0.026;0.626 ± 0.033;0.988 ± 0.001;0.998 ± 0.000;0.910 ± 0.032
VisA;50;patchcore;12;0.858 ± 0.009;0.890 ± 0.009;0.701 ± 0.031;0.609 ± 0.049;0.921 ± 0.003;0.903 ± 0.010;0.744 ± 0.037
VisA;50;reverse_distillation;12;0.855 ± 0.010;0.891 ± 0.009;0.716 ± 0.032;0.639 ± 0.040;0.930 ± 0.003;0.929 ± 0.007;0.802 ± 0.030
VisA;50;dinomaly;12;0.830 ± 0.077;0.860 ± 0.061;0.654 ± 0.138;0.545 ± 0.132;0.938 ± 0.032;0.946 ± 0.043;0.813 ± 0.088
VisA;50;padim;12;0.608 ± 0.061;0.685 ± 0.050;0.271 ± 0.088;0.177 ± 0.073;0.844 ± 0.033;0.747 ± 0.064;0.508 ± 0.060
AutoVI;2;galad;5;0.557 ± 0.091;0.402 ± 0.066;0.180 ± 0.111;0.118 ± 0.074;0.832 ± 0.048;0.789 ± 0.103;0.482 ± 0.115
AutoVI;2;patchcore;5;0.648 ± 0.021;0.459 ± 0.013;0.255 ± 0.014;0.218 ± 0.020;0.888 ± 0.019;0.865 ± 0.045;0.590 ± 0.039
AutoVI;2;reverse_distillation;5;0.603 ± 0.037;0.442 ± 0.016;0.251 ± 0.038;0.170 ± 0.033;0.857 ± 0.020;0.860 ± 0.033;0.613 ± 0.045
AutoVI;5;galad;5;0.675 ± 0.061;0.490 ± 0.066;0.287 ± 0.104;0.213 ± 0.097;0.916 ± 0.021;0.924 ± 0.037;0.654 ± 0.077
AutoVI;5;patchcore;5;0.673 ± 0.024;0.469 ± 0.018;0.258 ± 0.015;0.224 ± 0.019;0.917 ± 0.014;0.906 ± 0.037;0.650 ± 0.064
AutoVI;5;reverse_distillation;5;0.679 ± 0.044;0.484 ± 0.032;0.313 ± 0.064;0.240 ± 0.057;0.888 ± 0.019;0.908 ± 0.029;0.672 ± 0.054
AutoVI;5;dinomaly;5;0.590 ± 0.030;0.447 ± 0.021;0.281 ± 0.033;0.210 ± 0.057;0.853 ± 0.040;0.795 ± 0.062;0.518 ± 0.060
AutoVI;5;padim;5;0.489 ± 0.077;0.384 ± 0.046;0.115 ± 0.066;0.060 ± 0.047;0.854 ± 0.027;0.834 ± 0.054;0.536 ± 0.088
AutoVI;10;galad;5;0.702 ± 0.029;0.515 ± 0.036;0.315 ± 0.057;0.259 ± 0.055;0.940 ± 0.011;0.949 ± 0.014;0.701 ± 0.045
AutoVI;10;patchcore;5;0.698 ± 0.019;0.483 ± 0.015;0.266 ± 0.015;0.226 ± 0.014;0.936 ± 0.010;0.945 ± 0.018;0.712 ± 0.049
AutoVI;10;reverse_distillation;5;0.681 ± 0.031;0.485 ± 0.029;0.335 ± 0.067;0.259 ± 0.056;0.901 ± 0.011;0.937 ± 0.013;0.709 ± 0.038
AutoVI;10;dinomaly;5;0.579 ± 0.055;0.447 ± 0.034;0.282 ± 0.041;0.242 ± 0.042;0.820 ± 0.062;0.693 ± 0.112;0.448 ± 0.098
AutoVI;10;padim;5;0.487 ± 0.078;0.391 ± 0.051;0.115 ± 0.067;0.074 ± 0.053;0.870 ± 0.027;0.868 ± 0.051;0.556 ± 0.101
AutoVI;20;galad;5;0.708 ± 0.022;0.516 ± 0.031;0.319 ± 0.055;0.245 ± 0.035;0.947 ± 0.005;0.952 ± 0.012;0.720 ± 0.055
AutoVI;20;patchcore;5;0.728 ± 0.020;0.513 ± 0.028;0.380 ± 0.113;0.296 ± 0.078;0.949 ± 0.005;0.957 ± 0.015;0.747 ± 0.058
AutoVI;20;reverse_distillation;5;0.690 ± 0.026;0.505 ± 0.049;0.360 ± 0.078;0.270 ± 0.072;0.903 ± 0.009;0.942 ± 0.013;0.721 ± 0.041
AutoVI;20;dinomaly;5;0.578 ± 0.040;0.451 ± 0.024;0.271 ± 0.037;0.232 ± 0.038;0.844 ± 0.055;0.774 ± 0.111;0.490 ± 0.092
AutoVI;20;padim;5;0.491 ± 0.083;0.399 ± 0.059;0.135 ± 0.101;0.083 ± 0.069;0.877 ± 0.029;0.877 ± 0.057;0.536 ± 0.111
AutoVI;50;galad;5;0.707 ± 0.019;0.514 ± 0.023;0.316 ± 0.039;0.233 ± 0.043;0.952 ± 0.004;0.967 ± 0.004;0.746 ± 0.035
AutoVI;50;patchcore;5;0.768 ± 0.019;0.588 ± 0.047;0.473 ± 0.021;0.403 ± 0.048;0.959 ± 0.002;0.967 ± 0.004;0.785 ± 0.046
AutoVI;50;reverse_distillation;5;0.699 ± 0.023;0.510 ± 0.038;0.363 ± 0.072;0.296 ± 0.053;0.915 ± 0.004;0.947 ± 0.007;0.734 ± 0.024
AutoVI;50;dinomaly;5;0.564 ± 0.065;0.450 ± 0.042;0.280 ± 0.055;0.241 ± 0.042;0.855 ± 0.032;0.765 ± 0.080;0.508 ± 0.076
AutoVI;50;padim;5;0.483 ± 0.082;0.400 ± 0.059;0.139 ± 0.101;0.094 ± 0.080;0.864 ± 0.036;0.841 ± 0.079;0.482 ± 0.138
BTAD;2;galad;3;0.926 ± 0.013;0.979 ± 0.012;0.850 ± 0.023;0.822 ± 0.033;0.978 ± 0.003;0.983 ± 0.003;0.899 ± 0.037
BTAD;2;patchcore;3;0.943 ± 0.012;0.927 ± 0.024;0.853 ± 0.050;0.804 ± 0.058;0.968 ± 0.003;0.968 ± 0.006;0.850 ± 0.045
BTAD;2;reverse_distillation;3;0.945 ± 0.014;0.983 ± 0.006;0.851 ± 0.034;0.834 ± 0.026;0.980 ± 0.001;0.971 ± 0.006;0.888 ± 0.033
BTAD;5;galad;3;0.966 ± 0.006;0.993 ± 0.002;0.925 ± 0.012;0.894 ± 0.022;0.981 ± 0.001;0.989 ± 0.002;0.918 ± 0.043
BTAD;5;patchcore;3;0.941 ± 0.019;0.927 ± 0.030;0.861 ± 0.056;0.797 ± 0.049;0.969 ± 0.002;0.973 ± 0.003;0.846 ± 0.034
BTAD;5;reverse_distillation;3;0.899 ± 0.113;0.961 ± 0.065;0.773 ± 0.148;0.768 ± 0.150;0.946 ± 0.075;0.918 ± 0.132;0.821 ± 0.156
BTAD;5;dinomaly;3;0.936 ± 0.004;0.980 ± 0.003;0.854 ± 0.007;0.836 ± 0.008;0.981 ± 0.001;0.974 ± 0.006;0.893 ± 0.030
BTAD;5;padim;3;0.738 ± 0.043;0.693 ± 0.029;0.561 ± 0.044;0.515 ± 0.048;0.893 ± 0.018;0.832 ± 0.039;0.612 ± 0.044
BTAD;10;galad;3;0.966 ± 0.006;0.992 ± 0.002;0.917 ± 0.014;0.876 ± 0.019;0.982 ± 0.001;0.990 ± 0.001;0.901 ± 0.049
BTAD;10;patchcore;3;0.947 ± 0.018;0.938 ± 0.010;0.883 ± 0.035;0.836 ± 0.029;0.970 ± 0.001;0.975 ± 0.001;0.848 ± 0.035
BTAD;10;reverse_distillation;3;0.944 ± 0.003;0.989 ± 0.002;0.846 ± 0.010;0.840 ± 0.008;0.978 ± 0.002;0.974 ± 0.006;0.876 ± 0.020
BTAD;10;dinomaly;3;0.912 ± 0.076;0.940 ± 0.091;0.828 ± 0.097;0.805 ± 0.099;0.975 ± 0.014;0.959 ± 0.022;0.851 ± 0.062
BTAD;10;padim;3;0.744 ± 0.042;0.688 ± 0.017;0.578 ± 0.045;0.524 ± 0.045;0.896 ± 0.018;0.852 ± 0.039;0.612 ± 0.053
BTAD;20;galad;3;0.965 ± 0.002;0.991 ± 0.002;0.910 ± 0.014;0.881 ± 0.016;0.982 ± 0.001;0.990 ± 0.001;0.906 ± 0.065
BTAD;20;patchcore;3;0.934 ± 0.017;0.928 ± 0.007;0.871 ± 0.031;0.806 ± 0.025;0.969 ± 0.001;0.974 ± 0.001;0.849 ± 0.031
BTAD;20;reverse_distillation;3;0.944 ± 0.004;0.988 ± 0.002;0.847 ± 0.004;0.840 ± 0.008;0.976 ± 0.002;0.974 ± 0.005;0.874 ± 0.028
BTAD;20;dinomaly;3;0.937 ± 0.007;0.984 ± 0.003;0.869 ± 0.020;0.847 ± 0.013;0.979 ± 0.001;0.973 ± 0.005;0.877 ± 0.027
BTAD;20;padim;3;0.703 ± 0.075;0.689 ± 0.038;0.529 ± 0.079;0.497 ± 0.064;0.890 ± 0.019;0.844 ± 0.039;0.586 ± 0.062
BTAD;50;galad;3;0.966 ± 0.003;0.992 ± 0.001;0.912 ± 0.008;0.888 ± 0.008;0.982 ± 0.001;0.989 ± 0.000;0.880 ± 0.056
BTAD;50;patchcore;3;0.927 ± 0.017;0.932 ± 0.017;0.840 ± 0.037;0.796 ± 0.027;0.969 ± 0.001;0.975 ± 0.002;0.837 ± 0.033
BTAD;50;reverse_distillation;3;0.934 ± 0.011;0.967 ± 0.011;0.823 ± 0.017;0.813 ± 0.017;0.971 ± 0.001;0.977 ± 0.005;0.840 ± 0.024
BTAD;50;dinomaly;3;0.939 ± 0.005;0.982 ± 0.002;0.859 ± 0.011;0.842 ± 0.015;0.976 ± 0.001;0.973 ± 0.004;0.863 ± 0.032
BTAD;50;padim;3;0.597 ± 0.100;0.638 ± 0.054;0.386 ± 0.084;0.344 ± 0.077;0.845 ± 0.023;0.789 ± 0.059;0.447 ± 0.050
GoodsAD;2;galad;6;0.592 ± 0.032;0.622 ± 0.034;0.154 ± 0.053;0.080 ± 0.038;0.908 ± 0.027;0.971 ± 0.033;0.643 ± 0.077
GoodsAD;2;patchcore;6;0.527 ± 0.016;0.578 ± 0.014;0.119 ± 0.024;0.059 ± 0.019;0.857 ± 0.010;0.933 ± 0.017;0.537 ± 0.023
GoodsAD;2;reverse_distillation;6;0.548 ± 0.022;0.591 ± 0.019;0.117 ± 0.025;0.066 ± 0.021;0.856 ± 0.010;0.949 ± 0.009;0.600 ± 0.033
GoodsAD;5;galad;6;0.614 ± 0.023;0.648 ± 0.024;0.194 ± 0.055;0.106 ± 0.039;0.931 ± 0.011;0.991 ± 0.006;0.698 ± 0.037
GoodsAD;5;patchcore;6;0.531 ± 0.014;0.580 ± 0.013;0.124 ± 0.024;0.066 ± 0.019;0.870 ± 0.008;0.951 ± 0.014;0.565 ± 0.026
GoodsAD;5;reverse_distillation;6;0.556 ± 0.020;0.596 ± 0.019;0.122 ± 0.026;0.064 ± 0.020;0.867 ± 0.008;0.954 ± 0.009;0.626 ± 0.018
GoodsAD;5;dinomaly;6;0.564 ± 0.019;0.592 ± 0.016;0.113 ± 0.018;0.058 ± 0.016;0.910 ± 0.008;0.985 ± 0.006;0.660 ± 0.029
GoodsAD;5;padim;6;0.501 ± 0.025;0.557 ± 0.022;0.101 ± 0.027;0.051 ± 0.020;0.823 ± 0.017;0.872 ± 0.036;0.502 ± 0.044
GoodsAD;10;galad;6;0.616 ± 0.022;0.655 ± 0.021;0.201 ± 0.039;0.126 ± 0.042;0.931 ± 0.010;0.981 ± 0.013;0.680 ± 0.043
GoodsAD;10;patchcore;6;0.542 ± 0.015;0.587 ± 0.012;0.121 ± 0.017;0.062 ± 0.018;0.880 ± 0.007;0.954 ± 0.013;0.584 ± 0.023
GoodsAD;10;reverse_distillation;6;0.555 ± 0.022;0.592 ± 0.016;0.111 ± 0.021;0.068 ± 0.021;0.852 ± 0.041;0.919 ± 0.079;0.609 ± 0.070
GoodsAD;10;dinomaly;6;0.547 ± 0.015;0.583 ± 0.012;0.113 ± 0.020;0.061 ± 0.017;0.887 ± 0.016;0.965 ± 0.018;0.635 ± 0.041
GoodsAD;10;padim;6;0.508 ± 0.025;0.561 ± 0.022;0.097 ± 0.027;0.055 ± 0.019;0.838 ± 0.011;0.899 ± 0.022;0.532 ± 0.034
GoodsAD;20;galad;6;0.626 ± 0.013;0.664 ± 0.013;0.240 ± 0.041;0.139 ± 0.026;0.930 ± 0.006;0.984 ± 0.005;0.679 ± 0.024
GoodsAD;20;patchcore;6;0.556 ± 0.010;0.595 ± 0.011;0.122 ± 0.024;0.067 ± 0.014;0.892 ± 0.005;0.967 ± 0.011;0.617 ± 0.016
GoodsAD;20;reverse_distillation;6;0.571 ± 0.020;0.607 ± 0.016;0.135 ± 0.025;0.075 ± 0.016;0.867 ± 0.014;0.942 ± 0.021;0.629 ± 0.037
GoodsAD;20;dinomaly;6;0.597 ± 0.018;0.617 ± 0.018;0.137 ± 0.035;0.067 ± 0.020;0.927 ± 0.005;0.988 ± 0.004;0.697 ± 0.023
GoodsAD;20;padim;6;0.519 ± 0.023;0.569 ± 0.021;0.108 ± 0.031;0.056 ± 0.025;0.850 ± 0.008;0.920 ± 0.015;0.552 ± 0.038
GoodsAD;50;galad;6;0.620 ± 0.011;0.658 ± 0.012;0.229 ± 0.030;0.127 ± 0.028;0.924 ± 0.003;0.985 ± 0.004;0.670 ± 0.018
GoodsAD;50;patchcore;6;0.589 ± 0.012;0.616 ± 0.011;0.141 ± 0.023;0.073 ± 0.020;0.911 ± 0.005;0.976 ± 0.009;0.659 ± 0.022
GoodsAD;50;reverse_distillation;6;0.587 ± 0.010;0.614 ± 0.011;0.138 ± 0.023;0.073 ± 0.020;0.877 ± 0.003;0.952 ± 0.009;0.650 ± 0.019
GoodsAD;50;dinomaly;6;0.633 ± 0.020;0.646 ± 0.017;0.169 ± 0.032;0.085 ± 0.019;0.938 ± 0.004;0.990 ± 0.004;0.734 ± 0.016
GoodsAD;50;padim;6;0.538 ± 0.035;0.581 ± 0.028;0.114 ± 0.034;0.058 ± 0.026;0.863 ± 0.009;0.921 ± 0.027;0.565 ± 0.039
